System,Variable,Software,Metric,Estimate,CI95_low,CI95_high,block_days,n_boot
A,GTI,IDA ICE,RMSE,24.743527221454958,22.601575620092703,26.958898631358355,30,5000
A,GTI,IDA ICE,CVRMSE_percent,10.628121800218345,9.21811676372876,13.093643596112695,30,5000
A,GTI,IDA ICE,nMBE_percent,-2.4498036417282694,-2.7584776720135733,-2.069423198011694,30,5000
A,GTI,PVsyst,RMSE,21.843267334403283,18.376717586304,25.642223855652002,30,5000
A,GTI,PVsyst,CVRMSE_percent,9.382369120901664,7.430749692437208,12.553204184789701,30,5000
A,GTI,PVsyst,nMBE_percent,-4.860214254779726,-5.694659269305222,-4.327061464271058,30,5000
A,Temperature,IDA ICE,RMSE,5.4347300173353865,4.793322931844153,5.906975852073524,30,5000
A,Temperature,IDA ICE,CVRMSE_percent,35.36412065294868,28.208200408078916,50.324402251606834,30,5000
A,Temperature,IDA ICE,nMBE_percent,17.50624087440561,13.637940554322123,24.196570302195877,30,5000
A,Temperature,PVsyst,RMSE,5.663862363725896,5.118668943010619,6.035454000741283,30,5000
A,Temperature,PVsyst,CVRMSE_percent,36.85509884641928,30.619901726015584,50.65067167200245,30,5000
A,Temperature,PVsyst,nMBE_percent,16.809040221502897,12.216386562761873,24.834660774757086,30,5000
A,Power,IDA ICE,RMSE,283.95063479656517,258.3312697581199,305.4496656904952,30,5000
A,Power,IDA ICE,CVRMSE_percent,37.30026547319534,33.319546709488996,44.848125340330945,30,5000
A,Power,IDA ICE,nMBE_percent,3.1418003180337277,1.3915349049595822,6.635884965928654,30,5000
A,Power,PVsyst,RMSE,261.84998106391345,239.78417227417793,279.2814187308105,30,5000
A,Power,PVsyst,CVRMSE_percent,34.397083897462345,30.660673921014254,41.41874804698565,30,5000
A,Power,PVsyst,nMBE_percent,-1.3570203633343096,-2.973340363873696,1.810210846839577,30,5000
B,GTI,IDA ICE,RMSE,36.222607798981365,20.255588222686537,53.61872682581097,30,5000
B,GTI,IDA ICE,CVRMSE_percent,18.342101761206166,8.838519368445517,34.72394196424409,30,5000
B,GTI,IDA ICE,nMBE_percent,-1.7757637266565947,-2.475707717874995,-0.6865516783789468,30,5000
B,GTI,PVsyst,RMSE,29.85986094786673,21.488817702663205,38.4376408260698,30,5000
B,GTI,PVsyst,CVRMSE_percent,15.120187125142312,9.46423908981914,25.21720100239083,30,5000
B,GTI,PVsyst,nMBE_percent,-4.8687695644807825,-6.080039827052989,-4.126987936465847,30,5000
B,Temperature,IDA ICE,RMSE,4.7172145544054755,3.9340318203220996,5.4623054237288455,30,5000
B,Temperature,IDA ICE,CVRMSE_percent,32.59744744826464,23.60315024224501,51.31188133383315,30,5000
B,Temperature,IDA ICE,nMBE_percent,7.801097230428282,2.2214934346794664,13.187340101137918,30,5000
B,Temperature,PVsyst,RMSE,6.5211053085487,5.8753925414839205,6.983740313118888,30,5000
B,Temperature,PVsyst,CVRMSE_percent,45.06290420932673,36.303586337203214,64.22122683492111,30,5000
B,Temperature,PVsyst,nMBE_percent,5.5926682302098705,-1.8827139410824005,14.587177317391431,30,5000
B,Power,IDA ICE,RMSE,321.7464607397054,282.87708133611966,357.7413989558099,30,5000
B,Power,IDA ICE,CVRMSE_percent,41.783084926283045,34.99043834211103,55.01011439726137,30,5000
B,Power,IDA ICE,nMBE_percent,1.4699265803128707,-0.12566858814907608,3.705454804751578,30,5000
B,Power,PVsyst,RMSE,308.8472300189785,267.83685479510143,347.9192970593343,30,5000
B,Power,PVsyst,CVRMSE_percent,40.107947144040644,33.532130823253596,52.23499327524222,30,5000
B,Power,PVsyst,nMBE_percent,3.640476125360283,1.8798939659772766,6.069287555105751,30,5000
C,GTI,IDA ICE,RMSE,36.333142703114476,20.273245014410694,53.83630010022932,30,5000
C,GTI,IDA ICE,CVRMSE_percent,18.398073503247105,8.860636138655792,34.79630571462574,30,5000
C,GTI,IDA ICE,nMBE_percent,-1.7698952280527567,-2.4729697470921246,-0.6826304115769185,30,5000
C,GTI,PVsyst,RMSE,31.017261202314625,23.341458826459693,39.14747495652492,30,5000
C,GTI,PVsyst,CVRMSE_percent,15.706261804341038,10.289073978631063,25.617464001328994,30,5000
C,GTI,PVsyst,nMBE_percent,-5.794246939871229,-6.913490054081623,-5.084829341133342,30,5000
C,Temperature,IDA ICE,RMSE,4.439190333556555,3.9606455188614285,4.840006939382063,30,5000
C,Temperature,IDA ICE,CVRMSE_percent,25.257461587357234,20.245311302706366,36.2186181097651,30,5000
C,Temperature,IDA ICE,nMBE_percent,-7.170798314099714,-12.025687450275834,-4.646009854425888,30,5000
C,Temperature,PVsyst,RMSE,5.663237534499231,5.101142783848121,6.140704823394016,30,5000
C,Temperature,PVsyst,CVRMSE_percent,32.22186789479134,26.43254392427438,45.33929922184681,30,5000
C,Temperature,PVsyst,nMBE_percent,-1.0990971971086283,-6.174006842806101,2.825137226452504,30,5000
C,Power,IDA ICE,RMSE,264.71930192770276,230.91045182756932,297.4197175038111,30,5000
C,Power,IDA ICE,CVRMSE_percent,51.942747229559714,44.07010188876551,67.91384560486672,30,5000
C,Power,IDA ICE,nMBE_percent,12.272977552741304,10.393165378535326,14.695989920594167,30,5000
C,Power,PVsyst,RMSE,243.83747148385314,209.02611223351002,275.9457460684989,30,5000
C,Power,PVsyst,CVRMSE_percent,47.84535186572774,40.91363867092437,60.20394070694225,30,5000
C,Power,PVsyst,nMBE_percent,15.136037567423369,13.247167690117712,17.59053425674377,30,5000
