System,Variable,unit_RMSE,n_common,RMSE_IDA,RMSE_PVsyst,Delta_RMSE_IDA_minus_PVsyst,Delta_RMSE_CI95_low,Delta_RMSE_CI95_high,Delta_CVRMSE_percentage_points,Delta_CVRMSE_CI95_low,Delta_CVRMSE_CI95_high,bootstrap_p_raw,block_days,n_boot,bootstrap_p_Holm,significant_Holm_0.05,CI_excludes_zero,Favored_by_RMSE
A,GTI,W/m²,4635,24.743527221454958,21.843267334403283,2.900259887051675,0.7632715311655555,4.959560188192284,1.2457526793166793,0.3620341022671897,2.033690718121787,0.006998600279944011,30,5000,0.041991601679664065,True,True,PVsyst
A,Temperature,°C,4635,5.4347300173353865,5.663862363725896,-0.22913234639050906,-0.5659476269837429,0.09876997263439302,-1.4909781934706063,-3.6009173701846184,0.8085819326950164,0.17156568686262746,30,5000,0.5146970605878824,False,False,IDA ICE
A,Power,W,4631,283.95063479656517,261.84998106391345,22.100653732651722,13.936765020050544,28.7420980559227,2.9031815757329893,1.9280359681310846,3.971442035577637,0.0001999600079984003,30,5000,0.0017996400719856027,True,True,PVsyst
B,GTI,W/m²,5351,36.222607798981365,29.85986094786673,6.362746851114636,-2.110279144533919,17.570939998582016,3.221914636063854,-0.9317729384023548,10.853044191721455,0.43071385722855426,30,5000,0.8614277144571085,False,False,PVsyst
B,Temperature,°C,5351,4.7172145544054755,6.5211053085487,-1.8038907541432243,-2.525180585070503,-1.097138579609598,-12.465456761062088,-18.07222824813975,-8.880596423543505,0.0001999600079984003,30,5000,0.0017996400719856027,True,True,IDA ICE
B,Power,W,5347,321.7464607397054,308.8472300189785,12.899230720726905,4.4504379284336695,24.506465620917837,1.6751377822423998,0.5727721813674259,3.7644216320584123,0.016196760647870425,30,5000,0.0647870425914817,False,True,PVsyst
C,GTI,W/m²,5351,36.333142703114476,31.017261202314625,5.315881500799851,-3.8880290830335995,16.923575044004284,2.691811698906068,-1.6733592467403133,10.55815677447613,0.5658868226354729,30,5000,0.8614277144571085,False,False,PVsyst
C,Temperature,°C,4828,4.439190333556555,5.663237534499231,-1.2240472009426764,-1.821319564459163,-0.653791671869957,-6.964406307434108,-11.580863733438264,-3.8773335794996475,0.0001999600079984003,30,5000,0.0017996400719856027,True,True,IDA ICE
C,Power,W,5347,264.71930192770276,243.83747148385314,20.881830443849623,9.698349436870004,38.03515748537511,4.097395363831973,2.0222273732902183,8.94569519092741,0.01199760047990402,30,5000,0.059988002399520096,False,True,PVsyst
