System,Variable,Software,Metric,Perez_Driesse,Engerer2,Engerer2_minus_Perez_Driesse,Difference_interpretation
A,GTI,IDA ICE,CVRMSE_percent,6.587406011900487,10.628121800218345,4.040715788317858,percentage points
A,GTI,IDA ICE,MAE,10.162257839845635,16.195339336193427,6.033081496347792,metric units
A,GTI,IDA ICE,MBE,-9.33395289299925,-5.703433234560559,3.6305196584386907,metric units
A,GTI,IDA ICE,R2,0.996738154172107,0.991509219531542,-0.005228934640564953,metric units
A,GTI,IDA ICE,RE_percent,-4.00922582041087,-2.4498036417282694,1.5594221786826004,percentage points
A,GTI,IDA ICE,RMSE,15.336261950901536,24.743527221454958,9.407265270553422,metric units
A,GTI,IDA ICE,nMAE_percent,4.365008800905803,6.956406720852703,2.5913979199469006,percentage points
A,GTI,IDA ICE,nMBE_percent,-4.00922582041087,-2.4498036417282694,1.5594221786826004,percentage points
A,GTI,PVsyst,CVRMSE_percent,9.63796596287884,9.382369120901666,-0.25559684197717303,percentage points
A,GTI,PVsyst,MAE,15.883208646247487,14.980301632621295,-0.9029070136261925,metric units
A,GTI,PVsyst,MBE,-15.749996598552826,-11.315154829405039,4.434841769147788,metric units
A,GTI,PVsyst,R2,0.9930175900579368,0.9933830234370459,0.00036543337910910356,metric units
A,GTI,PVsyst,RE_percent,-6.765118032860682,-4.860214254779727,1.9049037780809552,percentage points
A,GTI,PVsyst,RMSE,22.43832707647833,21.843267334403283,-0.5950597420750476,metric units
A,GTI,PVsyst,nMAE_percent,6.822336789729255,6.434509879313274,-0.3878269104159813,percentage points
A,GTI,PVsyst,nMBE_percent,-6.765118032860682,-4.860214254779727,1.9049037780809552,percentage points
A,Power,IDA ICE,CVRMSE_percent,34.43594806618606,37.300265473195324,2.864317407009267,percentage points
A,Power,IDA ICE,MAE,167.35380878561088,185.52212016455704,18.168311378946157,metric units
A,Power,IDA ICE,MBE,14.056586982583571,23.91715403073521,9.86056704815164,metric units
A,Power,IDA ICE,R2,0.9175392230794748,0.9032508452517366,-0.014288377827738175,metric units
A,Power,IDA ICE,RE_percent,1.846498517156234,3.1418003180337273,1.2953018008774932,percentage points
A,Power,IDA ICE,RMSE,262.145837011316,283.95063479656517,21.80479778524915,metric units
A,Power,IDA ICE,RMSE_month_kWh_per_kWp,2.91782281787866,3.4098193777674766,0.4919965598888165,metric units
A,Power,IDA ICE,nMAE_percent,21.983896954926497,24.37051897505295,2.3866220201264525,percentage points
A,Power,IDA ICE,nMBE_percent,1.846498517156234,3.1418003180337273,1.2953018008774932,percentage points
A,Power,PVsyst,CVRMSE_percent,33.7902770092285,34.39708389746235,0.6068068882338551,percentage points
A,Power,PVsyst,MAE,164.93286613437814,166.7207996977892,1.787933563411059,metric units
A,Power,PVsyst,MBE,-24.7123944469154,-10.330403516230888,14.381990930684513,metric units
A,Power,PVsyst,R2,0.9206024981431724,0.9177252473527713,-0.0028772507904011313,metric units
A,Power,PVsyst,RE_percent,-3.2462645276657534,-1.3570203633343092,1.8892441643314442,percentage points
A,Power,PVsyst,RMSE,257.2306251712121,261.8499810639135,4.619355892701378,metric units
A,Power,PVsyst,RMSE_month_kWh_per_kWp,4.168466663504426,3.138263372901658,-1.0302032906027683,metric units
A,Power,PVsyst,nMAE_percent,21.66587757930137,21.900743744018516,0.23486616471714683,percentage points
A,Power,PVsyst,nMBE_percent,-3.2462645276657534,-1.3570203633343092,1.8892441643314442,percentage points
A,Temperature,IDA ICE,CVRMSE_percent,33.19466933709666,35.36412065294867,2.169451315852008,percentage points
A,Temperature,IDA ICE,MAE,3.5659762316359247,3.8487853343937823,0.28280910275785764,metric units
A,Temperature,IDA ICE,MBE,2.580222316463868,2.690345214702882,0.11012289823901389,metric units
A,Temperature,IDA ICE,R2,0.8356177450865677,0.8134290739940051,-0.022188671092562617,metric units
A,Temperature,IDA ICE,RE_percent,16.789664439595633,17.5062408744056,0.7165764348099657,percentage points
A,Temperature,IDA ICE,RMSE,5.101330459543029,5.434730017335387,0.3333995577923581,metric units
A,Temperature,IDA ICE,nMAE_percent,23.204025461958423,25.044281592397194,1.840256130438771,percentage points
A,Temperature,IDA ICE,nMBE_percent,16.789664439595633,17.5062408744056,0.7165764348099657,percentage points
A,Temperature,PVsyst,CVRMSE_percent,36.84750474679844,36.85509884641927,0.007594099620824579,percentage points
A,Temperature,PVsyst,MAE,4.147486685930036,4.178547386660046,0.031060700730010105,metric units
A,Temperature,PVsyst,MBE,2.298594728543461,2.5831999712619074,0.2846052427184462,metric units
A,Temperature,PVsyst,R2,0.7974489929234856,0.7973654946761131,-8.349824737252654e-05,metric units
A,Temperature,PVsyst,RE_percent,14.957096498474751,16.809040221502887,1.8519437230281355,percentage points
A,Temperature,PVsyst,RMSE,5.662695308518472,5.663862363725895,0.0011670552074223295,metric units
A,Temperature,PVsyst,nMAE_percent,26.987949557729905,27.19006343729292,0.20211387956301508,percentage points
A,Temperature,PVsyst,nMBE_percent,14.957096498474751,16.809040221502887,1.8519437230281355,percentage points
B,GTI,IDA ICE,CVRMSE_percent,11.007325331869165,18.34210176120617,7.334776429337005,percentage points
B,GTI,IDA ICE,MAE,10.06638756589902,13.640309629509268,3.5739220636102473,metric units
B,GTI,IDA ICE,MBE,-7.424480975246326,-3.506838739188717,3.9176422360576093,metric units
B,GTI,IDA ICE,R2,0.9931738436103577,0.9810455657696855,-0.012128277840672164,metric units
B,GTI,IDA ICE,RE_percent,-3.759546698786744,-1.7757637266565949,1.983782972130149,percentage points
B,GTI,IDA ICE,RMSE,21.73764128031257,36.222607798981365,14.484966518668795,metric units
B,GTI,IDA ICE,nMAE_percent,5.097333304275587,6.907066124760218,1.8097328204846308,percentage points
B,GTI,IDA ICE,nMBE_percent,-3.759546698786744,-1.7757637266565949,1.983782972130149,percentage points
B,GTI,PVsyst,CVRMSE_percent,12.690271761592758,15.120187125142316,2.429915363549558,percentage points
B,GTI,PVsyst,MAE,13.864545460635554,15.043425673794761,1.178880213159207,metric units
B,GTI,PVsyst,MBE,-12.33105104732037,-9.615012101328965,2.7160389459914054,metric units
B,GTI,PVsyst,R2,0.9909269255657902,0.9871196708739954,-0.0038072546917947703,metric units
B,GTI,PVsyst,RE_percent,-6.244094693230194,-4.868769564480782,1.3753251287494122,percentage points
B,GTI,PVsyst,RMSE,25.061181257585325,29.859860947866725,4.7986796902814,metric units
B,GTI,PVsyst,nMAE_percent,7.020612793068916,7.617564314451279,0.5969515213823628,percentage points
B,GTI,PVsyst,nMBE_percent,-6.244094693230194,-4.868769564480782,1.3753251287494122,percentage points
B,Power,IDA ICE,CVRMSE_percent,41.624437589618346,41.78308492628304,0.15864733666469277,percentage points
B,Power,IDA ICE,MAE,179.22701354676107,181.94833603442336,2.7213224876622917,metric units
B,Power,IDA ICE,MBE,48.058397567244334,11.319022412952235,-36.7393751542921,metric units
B,Power,IDA ICE,R2,0.911079483394957,0.9104003685450761,-0.0006791148498809241,metric units
B,Power,IDA ICE,RE_percent,6.241026248918864,1.4699265803128703,-4.771099668605993,percentage points
B,Power,IDA ICE,RMSE,320.5248128128541,321.7464607397054,1.2216479268512899,metric units
B,Power,IDA ICE,RMSE_month_kWh_per_kWp,5.702778711207914,2.244490490557803,-3.458288220650111,metric units
B,Power,IDA ICE,nMAE_percent,23.275026898172356,23.6284270516733,0.35340015350094234,percentage points
B,Power,IDA ICE,nMBE_percent,6.241026248918864,1.4699265803128703,-4.771099668605993,percentage points
B,Power,PVsyst,CVRMSE_percent,38.22334112611173,40.107947144040644,1.8846060179289168,percentage points
B,Power,PVsyst,MAE,161.71884415824286,168.18597039724585,6.467126239002994,metric units
B,Power,PVsyst,MBE,16.788162005246967,28.033121795783714,11.244959790536747,metric units
B,Power,PVsyst,R2,0.9250170517013668,0.9174406836714472,-0.007576368029919678,metric units
B,Power,PVsyst,RE_percent,2.180167567993601,3.6404761253602826,1.4603085573666816,percentage points
B,Power,PVsyst,RMSE,294.33501012838946,308.84723001897856,14.512219890589108,metric units
B,Power,PVsyst,RMSE_month_kWh_per_kWp,2.715699404713776,3.5935285112624245,0.8778291065486483,metric units
B,Power,PVsyst,nMAE_percent,21.00135673321589,21.841199646334555,0.839842913118666,percentage points
B,Power,PVsyst,nMBE_percent,2.180167567993601,3.6404761253602826,1.4603085573666816,percentage points
B,Temperature,IDA ICE,CVRMSE_percent,32.59744744826462,32.59744744826462,0.0,percentage points
B,Temperature,IDA ICE,MAE,3.3059219731494487,3.3059219731494487,0.0,metric units
B,Temperature,IDA ICE,MBE,1.1289058584759708,1.1289058584759708,0.0,metric units
B,Temperature,IDA ICE,R2,0.8474469079155342,0.8474469079155342,0.0,metric units
B,Temperature,IDA ICE,RE_percent,7.801097230428278,7.801097230428278,0.0,percentage points
B,Temperature,IDA ICE,RMSE,4.717214554405476,4.7172145544054755,-8.881784197001252e-16,metric units
B,Temperature,IDA ICE,nMAE_percent,22.844968475550782,22.844968475550782,0.0,percentage points
B,Temperature,IDA ICE,nMBE_percent,7.801097230428278,7.801097230428278,0.0,percentage points
B,Temperature,PVsyst,CVRMSE_percent,44.220893873547,45.062904209326696,0.8420103357796975,percentage points
B,Temperature,PVsyst,MAE,4.437587985111817,4.612498922690611,0.17491093757879383,metric units
B,Temperature,PVsyst,MBE,0.7276110438487985,0.8093215278704766,0.08171048402167813,metric units
B,Temperature,PVsyst,R2,0.719257048636671,0.7084640056640353,-0.010793042972635614,metric units
B,Temperature,PVsyst,RE_percent,5.028022891705729,5.592668230209866,0.5646453385041372,percentage points
B,Temperature,PVsyst,RMSE,6.399257012997224,6.5211053085487,0.1218482955514757,metric units
B,Temperature,PVsyst,nMAE_percent,30.665139241258043,31.87382924890812,1.2086900076500768,percentage points
B,Temperature,PVsyst,nMBE_percent,5.028022891705729,5.592668230209866,0.5646453385041372,percentage points
C,GTI,IDA ICE,CVRMSE_percent,10.948838631765332,18.398073503247105,7.449234871481773,percentage points
C,GTI,IDA ICE,MAE,9.949259684931356,13.648392898248833,3.6991332133174772,metric units
C,GTI,IDA ICE,MBE,-7.222885563731484,-3.4952494281019555,3.727636135629529,metric units
C,GTI,IDA ICE,R2,0.9932461915574848,0.9809297086636316,-0.012316482893853231,metric units
C,GTI,IDA ICE,RE_percent,-3.657464497165096,-1.769895228052758,1.8875692691123378,percentage points
C,GTI,IDA ICE,RMSE,21.6221397512676,36.33314270311447,14.711002951846869,metric units
C,GTI,IDA ICE,nMAE_percent,5.0380230656614655,6.911159262907726,1.8731361972462608,percentage points
C,GTI,IDA ICE,nMBE_percent,-3.657464497165096,-1.769895228052758,1.8875692691123378,percentage points
C,GTI,PVsyst,CVRMSE_percent,13.608631657539105,15.706261804341045,2.09763014680194,percentage points
C,GTI,PVsyst,MAE,15.675428247148249,16.292726019827377,0.6172977726791284,metric units
C,GTI,PVsyst,MBE,-14.177430378286545,-11.44267636969002,2.734754008596525,metric units
C,GTI,PVsyst,R2,0.9895662230776228,0.9861018084408149,-0.003464414636807911,metric units
C,GTI,PVsyst,RE_percent,-7.179048845794596,-5.79424693987123,1.384801905923366,percentage points
C,GTI,PVsyst,RMSE,26.874789684921307,31.017261202314632,4.142471517393325,metric units
C,GTI,PVsyst,nMAE_percent,7.937592501768035,8.25017459487081,0.3125820931027752,percentage points
C,GTI,PVsyst,nMBE_percent,-7.179048845794596,-5.79424693987123,1.384801905923366,percentage points
C,Power,IDA ICE,CVRMSE_percent,48.0903492372697,51.94274722955971,3.8523979922900082,percentage points
C,Power,IDA ICE,MAE,135.38570340868728,142.7761046304968,7.390401221809526,metric units
C,Power,IDA ICE,MBE,50.34656909495914,62.54759756887012,12.201028473910974,metric units
C,Power,IDA ICE,R2,0.8910450304569951,0.8728896212542094,-0.01815540920278569,metric units
C,Power,IDA ICE,RE_percent,9.878913601431464,12.272977552741306,2.3940639513098425,percentage points
C,Power,IDA ICE,RMSE,245.08606799882148,264.7193019277027,19.633233928881225,metric units
C,Power,IDA ICE,RMSE_month_kWh_per_kWp,9.199042412694409,10.63188212777217,1.4328397150777619,metric units
C,Power,IDA ICE,nMAE_percent,26.56514020490342,28.015271494137185,1.450131289233763,percentage points
C,Power,IDA ICE,nMBE_percent,9.878913601431464,12.272977552741306,2.3940639513098425,percentage points
C,Power,PVsyst,CVRMSE_percent,45.2273801630113,47.845351865727736,2.6179717027164386,percentage points
C,Power,PVsyst,MAE,127.06539084723458,133.02414688334196,5.958756036107374,metric units
C,Power,PVsyst,MBE,68.25007944655853,77.13880209477249,8.888722648213957,metric units
C,Power,PVsyst,R2,0.9036317339482136,0.892152349733967,-0.011479384214246657,metric units
C,Power,PVsyst,RE_percent,13.39190833186073,15.136037567423369,1.7441292355626388,percentage points
C,Power,PVsyst,RMSE,230.4953269386916,243.83747148385314,13.342144545161545,metric units
C,Power,PVsyst,RMSE_month_kWh_per_kWp,11.36158265054613,12.627402538262468,1.2658198877163382,metric units
C,Power,PVsyst,nMAE_percent,24.932543378365622,26.101759813783204,1.1692164354175816,percentage points
C,Power,PVsyst,nMBE_percent,13.39190833186073,15.136037567423369,1.7441292355626388,percentage points
C,Temperature,IDA ICE,CVRMSE_percent,25.26230572752846,25.257461587357227,-0.0048441401712331356,percentage points
C,Temperature,IDA ICE,MAE,3.0584791775490383,3.057310473379919,-0.0011687041691192945,metric units
C,Temperature,IDA ICE,MBE,-1.425611102905449,-1.2603221606311004,0.16528894227434865,metric units
C,Temperature,IDA ICE,R2,0.9318441081381972,0.9318702439187434,2.6135780546221454e-05,metric units
C,Temperature,IDA ICE,RE_percent,-8.1112353750546,-7.170798314099713,0.9404370609548867,percentage points
C,Temperature,IDA ICE,RMSE,4.44004172791177,4.439190333556555,-0.0008513943552150849,metric units
C,Temperature,IDA ICE,nMAE_percent,17.401691420783642,17.39504189723531,-0.006649523548333036,percentage points
C,Temperature,IDA ICE,nMBE_percent,-8.1112353750546,-7.170798314099713,0.9404370609548867,percentage points
C,Temperature,PVsyst,CVRMSE_percent,31.78030298111822,32.22186789479132,0.4415649136731048,percentage points
C,Temperature,PVsyst,MAE,3.8605964412550096,3.9822186047347685,0.12162216347975896,metric units
C,Temperature,PVsyst,MBE,-0.3151042620748773,-0.19317466389757829,0.12192959817729901,metric units
C,Temperature,PVsyst,R2,0.8921367508569173,0.8891185600345325,-0.0030181908223848586,metric units
C,Temperature,PVsyst,RE_percent,-1.7928345480497667,-1.0990971971086287,0.693737350941138,percentage points
C,Temperature,PVsyst,RMSE,5.585629153718931,5.663237534499229,0.07760838078029852,metric units
C,Temperature,PVsyst,nMAE_percent,21.965461940705996,22.657450094275468,0.6919881535694721,percentage points
C,Temperature,PVsyst,nMBE_percent,-1.7928345480497667,-1.0990971971086287,0.693737350941138,percentage points
