System,Sky_condition,kt_min,kt_max,Software,n,mean_measured,RMSE,MAE,CVRMSE_percent,nMAE_percent,MBE,nMBE_percent,RE_percent,R2
A,Overcast/very cloudy,0.0,0.2,IDA ICE,1713,211.8795270780476,152.38901404860056,90.00064630177674,71.9224816810483,42.4772735445196,7.107182203913876,3.3543506075959315,3.3543506075959315,0.6588963466429183
A,Overcast/very cloudy,0.0,0.2,PVsyst,1713,211.8795270780476,142.81518301067163,76.86370418513846,67.40395590842738,36.27707935973685,-8.642866249092544,-4.079141750164881,-4.079141750164881,0.7004096543831759
A,Cloudy,0.2,0.4,IDA ICE,651,845.3179810990057,371.31803269507037,294.74037732086026,43.926432537530594,34.86739711104519,167.16432304845975,19.775318493891245,19.775318493891245,0.3567128996667378
A,Cloudy,0.2,0.4,PVsyst,651,845.3179810990057,328.6263350571719,250.1921304090924,38.876061127899085,29.597398375912377,102.39062105153194,12.112675151948496,12.112675151948496,0.4961311760183307
A,Mixed/broken,0.4,0.6,IDA ICE,497,1617.1499125174607,468.35418204744826,385.64871509615085,28.961704689353674,23.847431342701007,209.1737293336461,12.934714816143405,12.934714816143405,0.3359994177815293
A,Mixed/broken,0.4,0.6,PVsyst,497,1617.1499125174607,420.4147783489591,338.65027873060535,25.997266864052705,20.9411802894278,132.9975723919962,8.224195627290689,8.224195627290689,0.4649731185467879
A,Mostly clear,0.6,0.75,IDA ICE,336,2475.98792350287,413.9814751748807,323.10164881129646,16.719850337121436,13.049403260182013,99.00674911617716,3.9986765757770213,3.9986765757770213,0.5778012085615233
A,Mostly clear,0.6,0.75,PVsyst,336,2475.98792350287,387.1762847862525,305.0743676875186,15.63724447567176,12.32131888817611,-26.907268740965677,-1.086728593687928,-1.086728593687928,0.6307056471471367
A,Clear,0.75,,IDA ICE,337,2303.1401241270532,384.9185094261635,321.9930656866363,16.712769900270704,13.980611180080919,-169.6840113674094,-7.367507065238761,-7.367507065238761,0.6877721489600164
A,Clear,0.75,,PVsyst,337,2303.1401241270532,391.4407846593943,348.69577225844426,16.995960452374128,15.140015520792879,-241.3427947501987,-10.478858503742734,-10.478858503742734,0.677101374826276
B,Overcast/very cloudy,0.0,0.2,IDA ICE,1827,242.45306130560738,200.33486109581358,108.18062870781702,82.62830752353149,44.619205105213105,-9.02479431053343,-3.7222851557060164,-3.7222851557060164,0.5792614927277435
B,Overcast/very cloudy,0.0,0.2,PVsyst,1827,242.45306130560738,192.30614770556753,103.0371152489154,79.3168569083025,42.49775799656293,8.312182263084472,3.4283676264277507,3.4283676264277507,0.6123091604121599
B,Cloudy,0.2,0.4,IDA ICE,611,1032.270090201274,453.16488751386305,350.54692353888464,43.899837049962784,33.9588376013621,148.52174940592758,14.38787685662466,14.38787685662466,0.4205870735203039
B,Cloudy,0.2,0.4,PVsyst,611,1032.270090201274,448.1511800790632,340.92951655470523,43.41413980053242,33.02716215367919,149.18261028972466,14.451897008915251,14.451897008915251,0.433337120259329
B,Mixed/broken,0.4,0.6,IDA ICE,469,1966.3175174986948,551.1276434253105,434.213313016338,28.028415478207542,22.0825634289568,225.12777034778733,11.449207381021909,11.449207381021909,0.4316853236445606
B,Mixed/broken,0.4,0.6,PVsyst,469,1966.3175174986948,543.2878508579319,418.41481597464417,27.629711174471723,21.27910737971249,204.3027383648449,10.390119426120636,10.390119426120636,0.44773888109699267
B,Mostly clear,0.6,0.75,IDA ICE,311,3005.082502408096,456.88894931187446,362.2468070479723,15.203873735438231,12.05447127517095,14.12421784913857,0.4700109843180762,0.4700109843180762,0.6342618165210615
B,Mostly clear,0.6,0.75,PVsyst,311,3005.082502408096,457.36733768428644,337.51680656049484,15.219793044543012,11.231532122330377,63.5406487173058,2.1144394094467645,2.1144394094467645,0.6334955187429292
B,Clear,0.75,,IDA ICE,350,2764.4097445674824,558.2040635259211,425.09252794753746,20.192522639702144,15.377334303748343,-151.65517313891078,-5.485987503731602,-5.485987503731602,0.6319746680212257
B,Clear,0.75,,PVsyst,350,2764.4097445674824,533.7536870304357,372.6630534417871,19.30805258082124,13.480745905129693,-56.95774456748218,-2.060394436078569,-2.060394436078569,0.6635089619926859
C,Overcast/very cloudy,0.0,0.2,IDA ICE,1827,138.92281178476168,141.87177628749325,73.20412692826632,102.12273597463641,52.694101125511494,-3.720545008625921,-2.6781382847262702,-2.6781382847262702,0.5595484056213743
C,Overcast/very cloudy,0.0,0.2,PVsyst,1827,138.92281178476168,145.6730125021933,81.30812233245106,104.85895774114475,58.52755302593845,35.66136993390281,25.669916607471432,25.669916607471432,0.5356297628159529
C,Cloudy,0.2,0.4,IDA ICE,611,686.6083076774897,349.5587856926625,275.668176944935,50.91094613682646,40.14926324987324,149.849968918255,21.82466586009352,21.82466586009352,0.3507122892852419
C,Cloudy,0.2,0.4,PVsyst,611,686.6083076774897,372.6294121452661,298.7412265930654,54.27103167535452,43.50970171094822,198.64946646326317,28.931992846869512,28.931992846869512,0.2621790176997417
C,Mixed/broken,0.4,0.6,IDA ICE,469,1344.4596666009381,459.8356404043021,381.3797584180889,34.202263692064356,28.366768293041687,278.44374491292115,20.710457281093632,20.710457281093632,0.21961757050758968
C,Mixed/broken,0.4,0.6,PVsyst,469,1344.4596666009381,453.3289652589976,373.36483361309547,33.718301598820254,27.770623610973484,278.54417135215357,20.717926931669787,20.717926931669787,0.2415461459305337
C,Mostly clear,0.6,0.75,IDA ICE,311,2052.9757325071737,467.96474996703364,397.6103193625952,22.794460867568898,19.367511903173742,325.4523060780351,15.85271081994623,15.85271081994623,0.16825476237146486
C,Mostly clear,0.6,0.75,PVsyst,311,2052.9757325071737,380.31747948120443,301.29064391262585,18.525181445605593,14.675801527603936,225.83101990440164,11.000179706391759,11.000179706391759,0.4506405316136757
C,Clear,0.75,,IDA ICE,350,1886.4930843953555,434.9007711122329,292.6680536887044,23.053398642679042,15.5138683576202,163.78420131893031,8.681940192292046,8.681940192292046,0.504010521832756
C,Clear,0.75,,PVsyst,350,1886.4930843953555,373.29839881739696,213.93061580418475,19.78795479852203,11.340121921133477,122.80348703321602,6.5096176630075515,6.5096176630075515,0.6345698616198934
