System,Variable,PD_Delta_RMSE_IDA_minus_PVsyst,PD_CI95_low,PD_CI95_high,PD_p_Holm,PD_significant,PD_favored_tool,E2_Delta_RMSE_IDA_minus_PVsyst,E2_CI95_low,E2_CI95_high,E2_p_Holm,E2_significant,E2_favored_tool,Favored_tool_preserved,Significance_class_preserved,Delta_RMSE_change_E2_minus_PD
A,GTI,-7.102065125576802,-9.582956472948638,-5.056581365274612,0.0017996400719856,True,IDA ICE,2.900259887051675,0.7632715311655555,4.959560188192284,0.041991601679664065,True,PVsyst,False,True,10.002325012628477
A,Temperature,-0.5613648489754457,-1.0069464008201232,-0.1165527333813339,0.0291941611677664,True,IDA ICE,-0.22913234639050906,-0.5659476269837429,0.09876997263439302,0.5146970605878824,False,IDA ICE,True,False,0.33223250258493664
A,Power,4.915211840103893,-1.8617756013356237,14.709579635162635,0.2309538092381523,False,PVsyst,22.100653732651722,13.936765020050544,28.7420980559227,0.0017996400719856027,True,PVsyst,True,False,17.18544189254783
B,GTI,-3.323539977272759,-6.0034517702436405,-1.44871528727776,0.026994601079784,True,IDA ICE,6.362746851114636,-2.110279144533919,17.570939998582016,0.8614277144571085,False,PVsyst,False,False,9.686286828387395
B,Temperature,-1.6820424585917475,-2.43353535607728,-0.9288608532188558,0.0017996400719856,True,IDA ICE,-1.8038907541432243,-2.525180585070503,-1.097138579609598,0.0017996400719856027,True,IDA ICE,True,True,-0.1218482955514768
B,Power,26.189802684464667,17.930612457027685,34.54073716446862,0.0017996400719856,True,PVsyst,12.899230720726905,4.4504379284336695,24.506465620917837,0.0647870425914817,False,PVsyst,True,False,-13.290571963737762
C,GTI,-5.252649933653718,-8.388385785984143,-2.74870964024571,0.002999400119976,True,IDA ICE,5.315881500799851,-3.8880290830335995,16.923575044004284,0.8614277144571085,False,PVsyst,False,False,10.568531434453568
C,Temperature,-1.145587425807161,-1.7656079015252992,-0.5503722728814109,0.002999400119976,True,IDA ICE,-1.2240472009426764,-1.821319564459163,-0.653791671869957,0.0017996400719856027,True,IDA ICE,True,True,-0.07845977513551539
C,Power,14.590741060129917,8.751544650704854,19.923700690274483,0.0017996400719856,True,PVsyst,20.881830443849623,9.698349436870004,38.03515748537511,0.059988002399520096,False,PVsyst,True,False,6.291089383719706
