Irradiance_method,System,Software,kWp,Measured_annual_energy_kWh,Simulated_annual_energy_kWh,Annual_energy_difference_kWh,Annual_energy_bias_percent
Perez-Driesse,A,IDA ICE,3.9,3525.3780986836655,3590.4741530000097,65.09605431634418,1.8464985171562243
Perez-Driesse,A,PVsyst,3.9,3525.3780986836655,3410.935,-114.44309868366554,-3.2462645276657627
Perez-Driesse,B,IDA ICE,4.8,4117.403797757944,4374.37204955,256.96825179205644,6.241026248918888
Perez-Driesse,B,PVsyst,4.8,4117.403797757944,4207.170099999999,89.76630224205564,2.1801675679936037
Perez-Driesse,C,IDA ICE,3.3,2725.0274251992514,2994.2305301499982,269.2031049507468,9.878913601431478
Perez-Driesse,C,PVsyst,3.3,2725.0274251992514,3089.9606,364.9331748007485,13.39190833186073
Engerer2,A,IDA ICE,3.9,3525.3780986836655,3636.1384390000003,110.7603403163348,3.141800318033728
Engerer2,A,PVsyst,3.9,3525.3780986836655,3477.538,-47.840098683665474,-1.3570203633343159
Engerer2,B,IDA ICE,4.8,4117.403797757944,4177.9266106,60.52281284205583,1.469926580312876
Engerer2,B,PVsyst,4.8,4117.403797757944,4267.2969,149.89310224205656,3.6404761253603075
Engerer2,C,IDA ICE,3.3,2725.0274251992514,3059.4694293999996,334.4420042007482,12.272977552741295
Engerer2,C,PVsyst,3.3,2725.0274251992514,3137.4886,412.4611748007487,15.13603756742338
