Irradiance_method,System,Aggregation,Quantity,Unit,n_periods,kWp,RMSE_IDA,RMSE_PVsyst,Delta_RMSE_IDA_minus_PVsyst,CVRMSE_IDA_percent,CVRMSE_PVsyst_percent,Delta_CVRMSE_percentage_points,nMBE_IDA_percent,nMBE_PVsyst_percent,Favored_by_RMSE,Favored_by_CVRMSE
Perez-Driesse,A,Hourly,Power,W,4631,3.9,262.145837011316,257.2306251712121,4.915211840103893,34.43594806618606,33.7902770092285,0.6456710569575606,1.846498517156234,-3.2462645276657534,PVsyst,PVsyst
Perez-Driesse,A,Daily,Energy,kWh/day,363,3.9,0.8076719948644729,0.9692720687508161,-0.16160007388634312,8.316411060852607,9.98036951236298,-1.6639584515103731,1.8464985171562345,-3.246264527665753,IDA ICE,IDA ICE
Perez-Driesse,A,Monthly,Energy,kWh/month,12,3.9,11.379508989726775,16.25701998766726,-4.877510997940485,3.8734599255526385,5.53371111952075,-1.6602511939681115,1.8464985171562391,-3.246264527665753,IDA ICE,IDA ICE
Perez-Driesse,B,Hourly,Power,W,5347,4.8,320.5248128128541,294.33501012838946,26.189802684464667,41.624437589618346,38.223341126111734,3.4010964635066117,6.241026248918864,2.180167567993601,PVsyst,PVsyst
Perez-Driesse,B,Daily,Energy,kWh/day,364,4.8,1.4234584656807439,1.1646643895907178,0.258794076090026,12.584116277104851,10.296241482117171,2.2878747949876796,6.241026248918862,2.1801675679936,PVsyst,PVsyst
Perez-Driesse,B,Monthly,Energy,kWh/month,12,4.8,27.373337813797985,13.035357142626124,14.337980671171861,7.97784404688322,3.799099952175966,4.178744094707254,6.241026248918862,2.1801675679935992,PVsyst,PVsyst
Perez-Driesse,C,Hourly,Power,W,5347,3.3,245.08606799882148,230.49532693869156,14.590741060129915,48.0903492372697,45.2273801630113,2.8629690742584017,9.878913601431465,13.39190833186073,PVsyst,PVsyst
Perez-Driesse,C,Daily,Energy,kWh/day,364,3.3,1.3386443452409984,1.4288788666510195,-0.09023452141002108,17.88116101738297,19.086483411187725,-1.2053223938047566,9.878913601431465,13.39190833186073,IDA ICE,IDA ICE
Perez-Driesse,C,Monthly,Energy,kWh/month,12,3.3,30.35683996189155,37.493222746802225,-7.136382784910676,13.368015168363401,16.510610821787566,-3.1425956534241646,9.878913601431469,13.391908331860733,IDA ICE,IDA ICE
Engerer2,A,Hourly,Power,W,4631,3.9,283.95063479656517,261.8499810639135,22.100653732651665,37.300265473195324,34.39708389746235,2.9031815757329724,3.1418003180337264,-1.3570203633343085,PVsyst,PVsyst
Engerer2,A,Daily,Energy,kWh/day,363,3.9,0.9282034760920117,0.9876097799087885,-0.059406303816776806,9.55749574626361,10.169188667755973,-0.611692921492363,3.141800318033728,-1.3570203633343074,IDA ICE,IDA ICE
Engerer2,A,Monthly,Energy,kWh/month,12,3.9,13.298295573293158,12.23922715431647,1.059068418976688,4.526593812422647,4.166098550014748,0.3604952624078983,3.14180031803373,-1.3570203633343068,PVsyst,PVsyst
Engerer2,B,Hourly,Power,W,5347,4.8,321.7464607397054,308.84723001897856,12.899230720726848,41.78308492628304,40.107947144040644,1.6751377822423947,1.46992658031287,3.6404761253602835,PVsyst,PVsyst
Engerer2,B,Daily,Energy,kWh/day,364,4.8,1.3444819357058249,1.3311866652927344,0.013295270413090421,11.885922504453152,11.76838537017936,0.11753713427379253,1.46992658031287,3.640476125360282,PVsyst,PVsyst
Engerer2,B,Monthly,Energy,kWh/month,12,4.8,10.773554354677449,17.248936854059632,-6.475382499382183,3.139907053238933,5.027130017255694,-1.8872229640167615,1.469926580312872,3.6404761253602778,IDA ICE,IDA ICE
Engerer2,C,Hourly,Power,W,5347,3.3,264.7193019277027,243.83747148385314,20.881830443849566,51.94274722955971,47.845351865727736,4.097395363831971,12.272977552741306,15.136037567423369,PVsyst,PVsyst
Engerer2,C,Daily,Energy,kWh/day,364,3.3,1.5083997456375093,1.5932321452185176,-0.0848323995810083,20.148696572178785,21.281859239164756,-1.133162666985971,12.272977552741306,15.136037567423372,IDA ICE,IDA ICE
Engerer2,C,Monthly,Energy,kWh/month,12,3.3,35.08521102164816,41.67042837626613,-6.585217354617967,15.45021266085031,18.35009570513334,-2.8998830442830315,12.272977552741308,15.136037567423372,IDA ICE,IDA ICE
