Irradiance_method,System,Aggregation,Quantity,Unit,Software,kWp,n,mean_measured,mean_simulated,RMSE,CVRMSE_percent,MAE,nMAE_percent,MBE,nMBE_percent,RE_percent,R2,RMSE_per_kWp,RMSE_per_kWp_unit
Perez-Driesse,A,Hourly,Power,W,IDA ICE,3.9,4631,761.2563374397896,775.312924422373,262.145837011316,34.43594806618606,167.35380878561088,21.983896954926497,14.056586982583573,1.846498517156234,1.846498517156234,0.9175392230794747,67.21688128495283,W/kWp
Perez-Driesse,A,Hourly,Power,W,PVsyst,3.9,4631,761.2563374397896,736.5439429928741,257.2306251712121,33.7902770092285,164.93286613437814,21.66587757930137,-24.7123944469154,-3.2462645276657534,-3.2462645276657534,0.9206024981431725,65.95657055672106,W/kWp
Perez-Driesse,A,Daily,Energy,kWh/day,IDA ICE,3.9,363,9.71178539582277,9.891113369146032,0.8076719948644729,8.316411060852607,0.46264428685786496,4.763740836539257,0.17932797332326314,1.8464985171562345,1.8464985171562345,0.990310508462899,0.20709538329858282,kWh/kWp/day
Perez-Driesse,A,Daily,Energy,kWh/day,PVsyst,3.9,363,9.71178539582277,9.396515151515153,0.9692720687508161,9.98036951236298,0.6064512755717841,6.244488020015669,-0.3152702443076176,-3.246264527665753,-3.246264527665753,0.9860452411870133,0.24853129967969642,kWh/kWp/day
Perez-Driesse,A,Monthly,Energy,kWh/month,IDA ICE,3.9,12,293.7815082236387,299.2061794166675,11.379508989726775,3.8734599255526385,7.099047152347448,2.4164377108934163,5.424671193028725,1.8464985171562391,1.8464985171562391,0.9959164129170761,2.91782281787866,kWh/kWp/month
Perez-Driesse,A,Monthly,Energy,kWh/month,PVsyst,3.9,12,293.7815082236387,284.2445833333333,16.25701998766726,5.53371111952075,14.300903131595911,4.867870417735574,-9.53692489030543,-3.246264527665753,-3.246264527665753,0.9916655555890758,4.168466663504426,kWh/kWp/month
Perez-Driesse,B,Hourly,Power,W,IDA ICE,4.8,5347,770.0399846190282,818.0983821862728,320.5248128128541,41.624437589618346,179.22701354676107,23.275026898172353,48.058397567244334,6.241026248918864,6.241026248918864,0.911079483394957,66.7760026693446,W/kWp
Perez-Driesse,B,Hourly,Power,W,PVsyst,4.8,5347,770.0399846190282,786.8281466242752,294.33501012838946,38.223341126111734,161.71884415824286,21.001356733215886,16.788162005246967,2.180167567993601,2.180167567993601,0.9250170517013669,61.31979377674781,W/kWp
Perez-Driesse,B,Daily,Energy,kWh/day,IDA ICE,4.8,364,11.311548894939408,12.017505630631868,1.4234584656807439,12.584116277104851,0.8226745588329201,7.272872764586381,0.7059567356924599,6.241026248918862,6.241026248918862,0.9795183548785313,0.29655384701682164,kWh/kWp/day
Perez-Driesse,B,Daily,Energy,kWh/day,PVsyst,4.8,364,11.311548894939408,11.558159615384614,1.1646643895907178,10.296241482117171,0.5678574991287411,5.020156871556209,0.24661072044520746,2.1801675679936,2.1801675679936,0.9862887568856856,0.24263841449806622,kWh/kWp/day
Perez-Driesse,B,Monthly,Energy,kWh/month,IDA ICE,4.8,12,343.1169831464954,364.53100412916666,27.373337813797985,7.97784404688322,22.003899236394243,6.412943782208407,21.414020982671286,6.241026248918862,6.241026248918862,0.9842278281684654,5.702778711207913,kWh/kWp/month
Perez-Driesse,B,Monthly,Energy,kWh/month,PVsyst,4.8,12,343.1169831464954,350.5975083333333,13.035357142626124,3.799099952175966,8.878301508612052,2.5875435914582576,7.480525186837956,2.1801675679935992,2.1801675679935992,0.9964233054356354,2.7156994047137757,kWh/kWp/month
Perez-Driesse,C,Hourly,Power,W,IDA ICE,3.3,5347,509.6366981857587,559.9832672807178,245.08606799882148,48.0903492372697,135.38570340868728,26.56514020490342,50.34656909495914,9.878913601431465,9.878913601431465,0.8910450304569951,74.26850545418833,W/kWp
Perez-Driesse,C,Hourly,Power,W,PVsyst,3.3,5347,509.6366981857587,577.8867776323171,230.49532693869156,45.2273801630113,127.06539084723458,24.932543378365622,68.25007944655853,13.39190833186073,13.39190833186073,0.9036317339482136,69.84706876930048,W/kWp
Perez-Driesse,C,Daily,Energy,kWh/day,IDA ICE,3.3,364,7.486339080217724,8.225908049862632,1.3386443452409984,17.88116101738297,0.8371320271434464,11.182128115937545,0.7395689696449079,9.878913601431465,9.878913601431465,0.9603110439450225,0.40564980158818137,kWh/kWp/day
Perez-Driesse,C,Daily,Energy,kWh/day,PVsyst,3.3,364,7.486339080217724,8.488902747252746,1.4288788666510195,19.086483411187725,1.0232787345438838,13.668613237781956,1.0025636670350233,13.39190833186073,13.39190833186073,0.9547800491274294,0.4329935959548544,kWh/kWp/day
Perez-Driesse,C,Monthly,Energy,kWh/month,IDA ICE,3.3,12,227.08561876660428,249.5192108458332,30.35683996189155,13.368015168363401,23.229550922700327,10.229424059907274,22.433592079228884,9.878913601431469,9.878913601431469,0.9552076725224631,9.199042412694409,kWh/kWp/month
Perez-Driesse,C,Monthly,Energy,kWh/month,PVsyst,3.3,12,227.08561876660428,257.49671666666666,37.493222746802225,16.510610821787566,30.517303727798886,13.43867739998286,30.411097900062384,13.391908331860733,13.391908331860733,0.9316724180865564,11.36158265054613,kWh/kWp/month
Engerer2,A,Hourly,Power,W,IDA ICE,3.9,4631,761.2563374397896,785.1734914705248,283.95063479656517,37.300265473195324,185.52212016455704,24.37051897505295,23.917154030735205,3.1418003180337264,3.1418003180337264,0.9032508452517366,72.80785507604236,W/kWp
Engerer2,A,Hourly,Power,W,PVsyst,3.9,4631,761.2563374397896,750.9259339235587,261.8499810639135,34.39708389746235,166.7207996977892,21.900743744018516,-10.330403516230882,-1.3570203633343085,-1.3570203633343085,0.9177252473527713,67.14102078561885,W/kWp
Engerer2,A,Daily,Energy,kWh/day,IDA ICE,3.9,363,9.71178539582277,10.016910300275482,0.9282034760920117,9.55749574626361,0.5935508857372679,6.11165570022342,0.3051249044527129,3.141800318033728,3.141800318033728,0.9872027303851297,0.23800089130564403,kWh/kWp/day
Engerer2,A,Daily,Energy,kWh/day,PVsyst,3.9,363,9.71178539582277,9.579994490358128,0.9876097799087885,10.169188667755973,0.6403392833136076,6.593424969923967,-0.13179090546464237,-1.3570203633343074,-1.3570203633343074,0.9855122246645844,0.2532332768996894,kWh/kWp/day
Engerer2,A,Monthly,Energy,kWh/month,IDA ICE,3.9,12,293.7815082236387,303.01153658333334,13.298295573293158,4.526593812422647,9.349210849675059,3.18236872912983,9.23002835969457,3.14180031803373,3.14180031803373,0.9944231785781739,3.4098193777674766,kWh/kWp/month
Engerer2,A,Monthly,Energy,kWh/month,PVsyst,3.9,12,293.7815082236387,289.7948333333333,12.23922715431647,4.166098550014748,10.457795779267466,3.5597188681142438,-3.9866748903054283,-1.3570203633343068,-1.3570203633343068,0.9952760774869887,3.138263372901659,kWh/kWp/month
Engerer2,B,Hourly,Power,W,IDA ICE,4.8,5347,770.0399846190282,781.3590070319805,321.7464607397054,41.78308492628304,181.94833603442336,23.6284270516733,11.319022412952233,1.46992658031287,1.46992658031287,0.9104003685450761,67.0305126541053,W/kWp
Engerer2,B,Hourly,Power,W,PVsyst,4.8,5347,770.0399846190282,798.0731064148121,308.84723001897856,40.107947144040644,168.18597039724585,21.841199646334555,28.03312179578372,3.6404761253602835,3.6404761253602835,0.9174406836714472,64.34317292062053,W/kWp
Engerer2,B,Daily,Energy,kWh/day,IDA ICE,4.8,364,11.311548894939408,11.477820358791208,1.3444819357058249,11.885922504453152,0.7780205957202982,6.8781084089056215,0.16627146385180108,1.46992658031287,1.46992658031287,0.9817280381128788,0.2801004032720469,kWh/kWp/day
Engerer2,B,Daily,Energy,kWh/day,PVsyst,4.8,364,11.311548894939408,11.72334313186813,1.3311866652927344,11.76838537017936,0.7542508656975179,6.6679715811064275,0.41179423692872397,3.640476125360282,3.640476125360282,0.9820876257358372,0.2773305552693197,kWh/kWp/day
Engerer2,B,Monthly,Energy,kWh/month,IDA ICE,4.8,12,343.1169831464954,348.16055088333337,10.773554354677449,3.139907053238933,8.476386249265541,2.4704070814374433,5.043567736837972,1.469926580312872,1.469926580312872,0.9975568282392995,2.244490490557802,kWh/kWp/month
Engerer2,B,Monthly,Energy,kWh/month,PVsyst,4.8,12,343.1169831464954,355.60807499999993,17.248936854059632,5.027130017255694,12.491091853504614,3.6404761253602778,12.491091853504614,3.6404761253602778,3.6404761253602778,0.9937373138143637,3.5935285112624236,kWh/kWp/month
Engerer2,C,Hourly,Power,W,IDA ICE,3.3,5347,509.6366981857587,572.1842957546287,264.7193019277027,51.94274722955971,142.7761046304968,28.015271494137185,62.54759756887012,12.272977552741306,12.272977552741306,0.8728896212542094,80.21797028112204,W/kWp
Engerer2,C,Hourly,Power,W,PVsyst,3.3,5347,509.6366981857587,586.7755002805311,243.83747148385314,47.845351865727736,133.02414688334193,26.101759813783197,77.13880209477249,15.136037567423369,15.136037567423369,0.892152349733967,73.89014287389489,W/kWp
Engerer2,C,Daily,Energy,kWh/day,IDA ICE,3.3,364,7.486339080217724,8.405135795054946,1.5083997456375093,20.148696572178785,1.0177885843315457,13.595277657420047,0.9187967148372211,12.272977552741306,12.272977552741306,0.9496067740091327,0.45709083201136647,kWh/kWp/day
Engerer2,C,Daily,Energy,kWh/day,PVsyst,3.3,364,7.486339080217724,8.619474175824177,1.5932321452185176,21.281859239164756,1.1707758699031043,15.638830373003287,1.1331350956064519,15.136037567423372,15.136037567423372,0.9437791534695777,0.4827976197631872,kWh/kWp/day
Engerer2,C,Monthly,Energy,kWh/month,IDA ICE,3.3,12,227.08561876660428,254.95578578333334,35.08521102164816,15.45021266085031,27.870167016729045,12.272977552741308,27.870167016729045,12.272977552741308,12.272977552741308,0.9401672872964691,10.63188212777217,kWh/kWp/month
Engerer2,C,Monthly,Energy,kWh/month,PVsyst,3.3,12,227.08561876660428,261.4573833333333,41.67042837626613,18.35009570513334,34.37176456672904,15.136037567423372,34.37176456672904,15.136037567423372,15.136037567423372,0.9155992243940252,12.627402538262464,kWh/kWp/month
