Irradiance_method,System,Variable,Software,Metric,Measurement_uncertainty,Nominal_estimate,Nominal_bootstrap95_low,Nominal_bootstrap95_high,Sensor_scenario_min_estimate,Sensor_scenario_max_estimate,Combined_envelope_low,Combined_envelope_high,Combined_interval_definition,block_days,n_boot
Perez-Driesse,A,GTI,IDA ICE,RMSE,±2%,15.336261950901536,13.209883921899543,16.95538846996245,11.154027140811158,21.143225503338094,9.17950784375827,22.95437333575097,min/max of 30-day bootstrap 95% bounds across LOW/NOMINAL/HIGH measurement scenarios,30,5000
Perez-Driesse,A,GTI,IDA ICE,CVRMSE_percent,±2%,6.5874060119004865,5.891287461526036,7.601879261500355,4.8887804629523135,8.903607034940826,4.147407569856272,9.997443490644295,min/max of 30-day bootstrap 95% bounds across LOW/NOMINAL/HIGH measurement scenarios,30,5000
Perez-Driesse,A,GTI,IDA ICE,nMBE_percent,±2%,-4.009225820410868,-4.3732161690117435,-3.6455477674335626,-5.891397863147912,-2.050230428990681,-6.248251146089947,-1.6791303749322037,min/max of 30-day bootstrap 95% bounds across LOW/NOMINAL/HIGH measurement scenarios,30,5000
Perez-Driesse,A,GTI,PVsyst,RMSE,±2%,22.438327076478338,20.387935977293573,24.22105118455467,16.772533066510533,28.75214119686515,15.295546696956807,31.014762930745487,min/max of 30-day bootstrap 95% bounds across LOW/NOMINAL/HIGH measurement scenarios,30,5000
Perez-Driesse,A,GTI,PVsyst,CVRMSE_percent,±2%,9.637965962878841,8.589679754468198,11.333837060819812,7.351356683521144,12.107791528288981,6.381933898109282,13.962938049332628,min/max of 30-day bootstrap 95% bounds across LOW/NOMINAL/HIGH measurement scenarios,30,5000
Perez-Driesse,A,GTI,PVsyst,nMBE_percent,±2%,-6.765118032860683,-7.458823329332972,-6.323629959662502,-8.593252973392826,-4.8623653396537545,-9.273356205228405,-4.411867305778062,min/max of 30-day bootstrap 95% bounds across LOW/NOMINAL/HIGH measurement scenarios,30,5000
Perez-Driesse,A,Temperature,IDA ICE,RMSE,±0.5 °C,5.101330459543028,4.535536096309791,5.531530440127968,4.867581549496384,5.371572839860347,4.331258882052614,5.818199027680948,min/max of 30-day bootstrap 95% bounds across LOW/NOMINAL/HIGH measurement scenarios,30,5000
Perez-Driesse,A,Temperature,IDA ICE,CVRMSE_percent,±0.5 °C,33.19466933709666,26.27695815610423,47.18696756788337,30.675610511742587,36.128608358403945,24.40986266204084,52.05169697940849,min/max of 30-day bootstrap 95% bounds across LOW/NOMINAL/HIGH measurement scenarios,30,5000
Perez-Driesse,A,Temperature,IDA ICE,nMBE_percent,±0.5 °C,16.789664439595636,13.054165250481478,23.303865856148896,13.109608726387487,20.71723665414022,9.867189612509636,29.139889615766435,min/max of 30-day bootstrap 95% bounds across LOW/NOMINAL/HIGH measurement scenarios,30,5000
Perez-Driesse,A,Temperature,PVsyst,RMSE,±0.5 °C,5.662695308518474,5.060080918982029,6.095010133732449,5.478825004375817,5.8834269678190605,4.886531599673801,6.319555482449547,min/max of 30-day bootstrap 95% bounds across LOW/NOMINAL/HIGH measurement scenarios,30,5000
Perez-Driesse,A,Temperature,PVsyst,CVRMSE_percent,±0.5 °C,36.847504746798464,31.023944422512717,49.31706084542699,34.52768077683622,39.57128294868904,29.36455692100202,54.13058618590824,min/max of 30-day bootstrap 95% bounds across LOW/NOMINAL/HIGH measurement scenarios,30,5000
Perez-Driesse,A,Temperature,PVsyst,nMBE_percent,±0.5 °C,14.95709649847476,10.241367012223582,23.175034007810666,11.33478521114474,18.823040460542135,7.145702895288848,28.98030202328385,min/max of 30-day bootstrap 95% bounds across LOW/NOMINAL/HIGH measurement scenarios,30,5000
Perez-Driesse,A,Power,IDA ICE,RMSE,±1%,262.1458370113161,239.81277231733188,282.6742901638058,262.1458370113161,262.4870948589548,239.81277231733188,283.2876897547979,min/max of 30-day bootstrap 95% bounds across LOW/NOMINAL/HIGH measurement scenarios,30,5000
Perez-Driesse,A,Power,IDA ICE,CVRMSE_percent,±1%,34.435948066186064,30.16488095398337,42.27348681706622,34.13938248523203,34.80998050289528,29.95234425954273,42.79080059500479,min/max of 30-day bootstrap 95% bounds across LOW/NOMINAL/HIGH measurement scenarios,30,5000
Perez-Driesse,A,Power,IDA ICE,nMBE_percent,±1%,1.846498517156234,0.13678070936581713,4.980158979837461,0.8381173437190426,2.8752510274305414,-0.8546725649843406,6.0405646260984485,min/max of 30-day bootstrap 95% bounds across LOW/NOMINAL/HIGH measurement scenarios,30,5000
Perez-Driesse,A,Power,PVsyst,RMSE,±1%,257.2306251712122,235.13324659088397,274.16674244542025,254.2443386124505,260.72510777751546,232.47859752642,277.7336326213849,min/max of 30-day bootstrap 95% bounds across LOW/NOMINAL/HIGH measurement scenarios,30,5000
Perez-Driesse,A,Power,PVsyst,CVRMSE_percent,±1%,33.79027700922851,30.228220824279116,40.335983784412946,33.73534650740581,33.910216358266375,30.113777061434842,40.414975984065784,min/max of 30-day bootstrap 95% bounds across LOW/NOMINAL/HIGH measurement scenarios,30,5000
Perez-Driesse,A,Power,PVsyst,nMBE_percent,±1%,-3.246264527665754,-4.641206171200164,-0.565331889152456,-4.204222304619558,-2.268954068349244,-5.585352644752636,0.4390586978258028,min/max of 30-day bootstrap 95% bounds across LOW/NOMINAL/HIGH measurement scenarios,30,5000
Perez-Driesse,B,GTI,IDA ICE,RMSE,±2%,21.737641280312562,14.248468327486266,30.534053224906074,19.558332117693453,25.477434476984392,10.743953523913607,33.11398970521538,min/max of 30-day bootstrap 95% bounds across LOW/NOMINAL/HIGH measurement scenarios,30,5000
Perez-Driesse,B,GTI,IDA ICE,CVRMSE_percent,±2%,11.00732533186916,6.53823995594154,18.96714119378085,10.105903010567367,12.64808881575334,5.016971568444408,20.145078296722676,min/max of 30-day bootstrap 95% bounds across LOW/NOMINAL/HIGH measurement scenarios,30,5000
Perez-Driesse,B,GTI,IDA ICE,nMBE_percent,±2%,-3.759546698786743,-4.1902046690006545,-3.301676572296967,-5.646614410575242,-1.795455815088512,-6.068828106863393,-1.3282414003030272,min/max of 30-day bootstrap 95% bounds across LOW/NOMINAL/HIGH measurement scenarios,30,5000
Perez-Driesse,B,GTI,PVsyst,RMSE,±2%,25.06118125758532,19.606358919686304,32.33042537176422,21.3038506021284,29.813578910711467,14.536499326472207,35.97623429109191,min/max of 30-day bootstrap 95% bounds across LOW/NOMINAL/HIGH measurement scenarios,30,5000
Perez-Driesse,B,GTI,PVsyst,CVRMSE_percent,±2%,12.690271761592754,8.821495125187417,20.25864862231252,11.00782247899147,14.800736483840135,6.600147918537217,21.983301571026296,min/max of 30-day bootstrap 95% bounds across LOW/NOMINAL/HIGH measurement scenarios,30,5000
Perez-Driesse,B,GTI,PVsyst,nMBE_percent,±2%,-6.24409469323019,-7.084678203874985,-5.750072324952691,-8.08244577767666,-4.330708870643052,-8.906547258700964,-3.8266044132170296,min/max of 30-day bootstrap 95% bounds across LOW/NOMINAL/HIGH measurement scenarios,30,5000
Perez-Driesse,B,Temperature,IDA ICE,RMSE,±0.5 °C,4.7172145544054755,3.945940876064031,5.461439876705326,4.623116621265234,4.86117465339097,3.9250133413904145,5.646690106029695,min/max of 30-day bootstrap 95% bounds across LOW/NOMINAL/HIGH measurement scenarios,30,5000
Perez-Driesse,B,Temperature,IDA ICE,CVRMSE_percent,±0.5 °C,32.59744744826464,23.708097810393024,50.742639849129986,30.88023969968641,34.794461116056006,22.56927948782482,54.83481348127105,min/max of 30-day bootstrap 95% bounds across LOW/NOMINAL/HIGH measurement scenarios,30,5000
Perez-Driesse,B,Temperature,IDA ICE,nMBE_percent,±0.5 °C,7.801097230428282,2.553400494368896,13.524001357836982,4.2007946693241855,11.659095917264018,-1.6896884717512906,18.45884925298253,min/max of 30-day bootstrap 95% bounds across LOW/NOMINAL/HIGH measurement scenarios,30,5000
Perez-Driesse,B,Temperature,PVsyst,RMSE,±0.5 °C,6.399257012997223,5.753729030359748,6.878010402649196,6.361829868406209,6.4751912220600065,5.727706159471308,6.964022857740054,min/max of 30-day bootstrap 95% bounds across LOW/NOMINAL/HIGH measurement scenarios,30,5000
Perez-Driesse,B,Temperature,PVsyst,CVRMSE_percent,±0.5 °C,44.22089387354701,36.17261487988913,61.8874790803097,42.494024563724565,46.3469850929616,35.111748682592214,66.53559294241,min/max of 30-day bootstrap 95% bounds across LOW/NOMINAL/HIGH measurement scenarios,30,5000
Perez-Driesse,B,Temperature,PVsyst,nMBE_percent,±0.5 °C,5.0280228917057315,-2.1856781224093678,14.424973820531175,1.5203344773991783,8.786778459202703,-5.664166679119259,19.98994423720188,min/max of 30-day bootstrap 95% bounds across LOW/NOMINAL/HIGH measurement scenarios,30,5000
Perez-Driesse,B,Power,IDA ICE,RMSE,±1%,320.52481281285407,275.73564080387723,364.06770050254374,319.0630412331657,322.5224851437748,274.7966712642358,366.6599626804068,min/max of 30-day bootstrap 95% bounds across LOW/NOMINAL/HIGH measurement scenarios,30,5000
Perez-Driesse,B,Power,IDA ICE,CVRMSE_percent,±1%,41.624437589618346,35.259810728692834,52.642212092822,41.02436334877433,42.30693139723028,34.72141435985727,53.41374959516845,min/max of 30-day bootstrap 95% bounds across LOW/NOMINAL/HIGH measurement scenarios,30,5000
Perez-Driesse,B,Power,IDA ICE,nMBE_percent,±1%,6.2410262489188675,4.962952193001488,7.877333461669015,5.189134899919666,7.314167928200872,3.9237150425757314,8.967003496635376,min/max of 30-day bootstrap 95% bounds across LOW/NOMINAL/HIGH measurement scenarios,30,5000
Perez-Driesse,B,Power,PVsyst,RMSE,±1%,294.3350101283894,255.59180988265203,332.2705846554603,293.36679198003173,295.8915142155076,254.18874234740647,333.40094556353966,min/max of 30-day bootstrap 95% bounds across LOW/NOMINAL/HIGH measurement scenarios,30,5000
Perez-Driesse,B,Power,PVsyst,CVRMSE_percent,±1%,38.22334112611173,32.18299821827604,48.711536695336044,38.04502377987808,38.48242933199502,32.05991175573246,49.03053688254326,min/max of 30-day bootstrap 95% bounds across LOW/NOMINAL/HIGH measurement scenarios,30,5000
Perez-Driesse,B,Power,PVsyst,nMBE_percent,±1%,2.1801675679936015,0.6103178743637727,4.312961497477488,1.1684827405877232,3.21229047272081,-0.3858238867685424,5.366627775229787,min/max of 30-day bootstrap 95% bounds across LOW/NOMINAL/HIGH measurement scenarios,30,5000
Perez-Driesse,C,GTI,IDA ICE,RMSE,±2%,21.622139751267593,14.11864594566026,30.37602790952823,19.491768104429443,25.331457851883975,10.69414185277629,32.93446547670969,min/max of 30-day bootstrap 95% bounds across LOW/NOMINAL/HIGH measurement scenarios,30,5000
Perez-Driesse,C,GTI,IDA ICE,CVRMSE_percent,±2%,10.948838631765325,6.483573726635605,18.903111347291702,10.071509000996805,12.57561977178575,4.986233140924937,20.047461799944678,min/max of 30-day bootstrap 95% bounds across LOW/NOMINAL/HIGH measurement scenarios,30,5000
Perez-Driesse,C,GTI,IDA ICE,nMBE_percent,±2%,-3.6574644971650963,-4.08389031816407,-3.191648054597636,-5.546533820750096,-1.691290303229689,-5.964598351141248,-1.2159674026506486,min/max of 30-day bootstrap 95% bounds across LOW/NOMINAL/HIGH measurement scenarios,30,5000
Perez-Driesse,C,GTI,PVsyst,RMSE,±2%,26.87478968492131,21.808467683709306,33.572751165788276,22.83522075013656,31.77482117025953,16.85546387622838,37.42037286861721,min/max of 30-day bootstrap 95% bounds across LOW/NOMINAL/HIGH measurement scenarios,30,5000
Perez-Driesse,C,GTI,PVsyst,CVRMSE_percent,±2%,13.6086316575391,9.95045258122262,20.97263229696291,11.799090266854034,15.774381075503461,7.713465278812608,22.830358438660728,min/max of 30-day bootstrap 95% bounds across LOW/NOMINAL/HIGH measurement scenarios,30,5000
Perez-Driesse,C,GTI,PVsyst,nMBE_percent,±2%,-7.179048845794596,-7.978627506638777,-6.714189221009415,-8.999067495877057,-5.284743720198563,-9.78296814376351,-4.810397164295317,min/max of 30-day bootstrap 95% bounds across LOW/NOMINAL/HIGH measurement scenarios,30,5000
Perez-Driesse,C,Temperature,IDA ICE,RMSE,±0.5 °C,4.44004172791177,3.870766935357566,4.913657607752575,4.305619519034664,4.624887203868131,3.732637670069444,5.1046836330944725,min/max of 30-day bootstrap 95% bounds across LOW/NOMINAL/HIGH measurement scenarios,30,5000
Perez-Driesse,C,Temperature,IDA ICE,CVRMSE_percent,±0.5 °C,25.262305727528467,20.52835034324083,34.906202269163686,25.214807512665143,25.586131412824198,20.459311387243698,35.183302991163835,min/max of 30-day bootstrap 95% bounds across LOW/NOMINAL/HIGH measurement scenarios,30,5000
Perez-Driesse,C,Temperature,IDA ICE,nMBE_percent,±0.5 °C,-8.111235375054601,-12.69066666714498,-5.604692898889593,-10.653003318161995,-5.420615009795223,-16.16577083525353,-3.222222101242721,min/max of 30-day bootstrap 95% bounds across LOW/NOMINAL/HIGH measurement scenarios,30,5000
Perez-Driesse,C,Temperature,PVsyst,RMSE,±0.5 °C,5.585629153718931,4.971465369009743,6.129308344225901,5.5797982742031085,5.635987695599569,4.971465369009743,6.2008344864632665,min/max of 30-day bootstrap 95% bounds across LOW/NOMINAL/HIGH measurement scenarios,30,5000
Perez-Driesse,C,Temperature,PVsyst,CVRMSE_percent,±0.5 °C,31.780302981118222,26.265801424348183,43.750059167287795,31.179813790931643,32.676723714564666,25.860091638150916,45.66071084908969,min/max of 30-day bootstrap 95% bounds across LOW/NOMINAL/HIGH measurement scenarios,30,5000
Perez-Driesse,C,Temperature,PVsyst,nMBE_percent,±0.5 °C,-1.792834548049767,-6.478263680111218,2.2027351771113683,-4.509378033513563,1.0827966616844524,-9.599029397878962,5.618596478396254,min/max of 30-day bootstrap 95% bounds across LOW/NOMINAL/HIGH measurement scenarios,30,5000
Perez-Driesse,C,Power,IDA ICE,RMSE,±1%,245.08606799882148,208.19447109184858,279.74429437468467,242.41557196141625,248.05495036266848,206.28111984712484,283.26853309517054,min/max of 30-day bootstrap 95% bounds across LOW/NOMINAL/HIGH measurement scenarios,30,5000
Perez-Driesse,C,Power,IDA ICE,CVRMSE_percent,±1%,48.0903492372697,41.79334399773992,58.860022804069445,47.09539533514847,49.16454345102126,40.83514641979909,60.07769543434481,min/max of 30-day bootstrap 95% bounds across LOW/NOMINAL/HIGH measurement scenarios,30,5000
Perez-Driesse,C,Power,IDA ICE,nMBE_percent,±1%,9.878913601431465,7.784458201025386,12.141276120335622,8.791003565773728,10.988801617607544,6.717285347549886,13.274016283167294,min/max of 30-day bootstrap 95% bounds across LOW/NOMINAL/HIGH measurement scenarios,30,5000
Perez-Driesse,C,Power,PVsyst,RMSE,±1%,230.49532693869156,197.83690948390054,262.084050922898,228.24367296500245,233.07342986096523,195.98911161061125,264.9782098156449,min/max of 30-day bootstrap 95% bounds across LOW/NOMINAL/HIGH measurement scenarios,30,5000
Perez-Driesse,C,Power,PVsyst,CVRMSE_percent,±1%,45.2273801630113,38.81831077090361,56.17112805541699,44.34214322149245,46.19520292953008,38.001536902471855,57.1674301329047,min/max of 30-day bootstrap 95% bounds across LOW/NOMINAL/HIGH measurement scenarios,30,5000
Perez-Driesse,C,Power,PVsyst,nMBE_percent,±1%,13.391908331860726,11.522913586529054,15.767703387308181,12.269216170159138,14.537281143293674,10.418726323296095,16.93707412859412,min/max of 30-day bootstrap 95% bounds across LOW/NOMINAL/HIGH measurement scenarios,30,5000
Engerer2,A,GTI,IDA ICE,RMSE,±2%,24.743527221454958,22.5964650295331,26.863529969677156,23.229182830276976,28.03454634277053,21.412017457465492,30.55038549726109,min/max of 30-day bootstrap 95% bounds across LOW/NOMINAL/HIGH measurement scenarios,30,5000
Engerer2,A,GTI,IDA ICE,CVRMSE_percent,±2%,10.628121800218345,9.232945637687061,12.984734458188948,10.181289121620944,11.805605724607064,8.937261506077835,14.297421826732942,min/max of 30-day bootstrap 95% bounds across LOW/NOMINAL/HIGH measurement scenarios,30,5000
Engerer2,A,GTI,IDA ICE,nMBE_percent,±2%,-2.4498036417282694,-2.7659361174210018,-2.078116232740091,-4.362552589929677,-0.4589833078859874,-4.672486389628435,-0.0797104415715202,min/max of 30-day bootstrap 95% bounds across LOW/NOMINAL/HIGH measurement scenarios,30,5000
Engerer2,A,GTI,PVsyst,RMSE,±2%,21.843267334403283,18.368417088747286,25.622591836320936,18.262796489476663,26.8658401126411,15.384709695775447,30.880521317851517,min/max of 30-day bootstrap 95% bounds across LOW/NOMINAL/HIGH measurement scenarios,30,5000
Engerer2,A,GTI,PVsyst,CVRMSE_percent,±2%,9.382369120901664,7.440851531972904,12.374000327858914,8.004535182629533,11.313452764751592,6.261439720480156,14.459946600925106,min/max of 30-day bootstrap 95% bounds across LOW/NOMINAL/HIGH measurement scenarios,30,5000
Engerer2,A,GTI,PVsyst,nMBE_percent,±2%,-4.860214254779726,-5.676093896631938,-4.33786323446649,-6.725700249784049,-2.918585974265026,-7.525582251599941,-2.3855747290474367,min/max of 30-day bootstrap 95% bounds across LOW/NOMINAL/HIGH measurement scenarios,30,5000
Engerer2,A,Temperature,IDA ICE,RMSE,±0.5 °C,5.4347300173353865,4.831836315112606,5.878337945410668,5.205376561462525,5.698827561527826,4.635777414734496,6.158250445338551,min/max of 30-day bootstrap 95% bounds across LOW/NOMINAL/HIGH measurement scenarios,30,5000
Engerer2,A,Temperature,IDA ICE,CVRMSE_percent,±0.5 °C,35.36412065294868,28.256329259907417,49.73408489916305,32.80440242093102,38.329687637237704,26.36378111172761,54.72138320351791,min/max of 30-day bootstrap 95% bounds across LOW/NOMINAL/HIGH measurement scenarios,30,5000
Engerer2,A,Temperature,IDA ICE,nMBE_percent,±0.5 °C,17.50624087440561,13.721624317356975,24.13979428433604,13.803605755600849,21.457911160542924,10.55533927294682,29.942567069974174,min/max of 30-day bootstrap 95% bounds across LOW/NOMINAL/HIGH measurement scenarios,30,5000
Engerer2,A,Temperature,PVsyst,RMSE,±0.5 °C,5.663862363725896,5.143286807541746,6.027493474102502,5.45400191638844,5.908683173643057,4.958413155137357,6.287841078941404,min/max of 30-day bootstrap 95% bounds across LOW/NOMINAL/HIGH measurement scenarios,30,5000
Engerer2,A,Temperature,PVsyst,CVRMSE_percent,±0.5 °C,36.85509884641928,30.633859234478752,49.89185462984414,34.37124510728317,39.74115341233859,28.846853456934557,55.00351676667623,min/max of 30-day bootstrap 95% bounds across LOW/NOMINAL/HIGH measurement scenarios,30,5000
Engerer2,A,Temperature,PVsyst,nMBE_percent,±0.5 °C,16.809040221502897,12.133993340912879,24.88734175926577,13.128373975185953,20.73726403294194,8.938513179871611,30.64803591625692,min/max of 30-day bootstrap 95% bounds across LOW/NOMINAL/HIGH measurement scenarios,30,5000
Engerer2,A,Power,IDA ICE,RMSE,±1%,283.95063479656517,258.77672304552055,305.8343428783265,283.95063479656517,284.2342393812053,258.77672304552055,306.20232065059076,min/max of 30-day bootstrap 95% bounds across LOW/NOMINAL/HIGH measurement scenarios,30,5000
Engerer2,A,Power,IDA ICE,CVRMSE_percent,±1%,37.30026547319534,33.33981678657485,44.86581322154091,36.96784186227558,37.70539852070878,33.056305363598106,45.37667346673161,min/max of 30-day bootstrap 95% bounds across LOW/NOMINAL/HIGH measurement scenarios,30,5000
Engerer2,A,Power,IDA ICE,nMBE_percent,±1%,3.1418003180337277,1.3857206739600363,6.48414295400768,2.1205943742908175,4.183636684882552,0.38190165738617354,7.559740357583515,min/max of 30-day bootstrap 95% bounds across LOW/NOMINAL/HIGH measurement scenarios,30,5000
Engerer2,A,Power,PVsyst,RMSE,±1%,261.84998106391345,239.81648248797435,279.3931503207826,259.62896061761313,264.5868561835522,237.9780801366117,282.41022458734903,min/max of 30-day bootstrap 95% bounds across LOW/NOMINAL/HIGH measurement scenarios,30,5000
Engerer2,A,Power,PVsyst,CVRMSE_percent,±1%,34.397083897462345,30.638555483253583,41.39083473054923,34.397083897462345,34.4498249109248,30.62883436751326,41.513921522585434,min/max of 30-day bootstrap 95% bounds across LOW/NOMINAL/HIGH measurement scenarios,30,5000
Engerer2,A,Power,PVsyst,nMBE_percent,±1%,-1.3570203633343088,-2.9753780688535376,1.7210526603655767,-2.333683528053771,-0.36062662963061337,-3.9360178899539986,2.748538040773312,min/max of 30-day bootstrap 95% bounds across LOW/NOMINAL/HIGH measurement scenarios,30,5000
Engerer2,B,GTI,IDA ICE,RMSE,±2%,36.222607798981365,20.232772337924978,53.613725744984414,35.860030536202885,37.746400720494954,19.991682571286162,54.59587649078802,min/max of 30-day bootstrap 95% bounds across LOW/NOMINAL/HIGH measurement scenarios,30,5000
Engerer2,B,GTI,IDA ICE,CVRMSE_percent,±2%,18.342101761206166,8.855115246421626,33.84595215663349,18.342101761206166,18.738928726089902,8.855115246421626,34.36241353646566,min/max of 30-day bootstrap 95% bounds across LOW/NOMINAL/HIGH measurement scenarios,30,5000
Engerer2,B,GTI,IDA ICE,nMBE_percent,±2%,-1.7757637266565947,-2.4925911046849287,-0.7352936915156872,-3.701729143780979,0.2288125238198025,-4.404501083024442,1.2905166413105256,min/max of 30-day bootstrap 95% bounds across LOW/NOMINAL/HIGH measurement scenarios,30,5000
Engerer2,B,GTI,PVsyst,RMSE,±2%,29.85986094786673,21.489327907250722,38.08123458514857,27.854326531864533,33.0747186080256,19.115296888083503,40.6565652935566,min/max of 30-day bootstrap 95% bounds across LOW/NOMINAL/HIGH measurement scenarios,30,5000
Engerer2,B,GTI,PVsyst,CVRMSE_percent,±2%,15.120187125142312,9.391138454002089,24.577915598831343,14.392491172651857,16.419705794485196,8.512730520718335,25.714289091493374,min/max of 30-day bootstrap 95% bounds across LOW/NOMINAL/HIGH measurement scenarios,30,5000
Engerer2,B,GTI,PVsyst,nMBE_percent,±2%,-4.8687695644807825,-6.029016494922246,-4.127703017451621,-6.734087808314492,-2.927315882123243,-7.871584798943383,-2.1711255280118573,min/max of 30-day bootstrap 95% bounds across LOW/NOMINAL/HIGH measurement scenarios,30,5000
Engerer2,B,Temperature,IDA ICE,RMSE,±0.5 °C,4.7172145544054755,3.945940876064031,5.461439876705326,4.623116621265234,4.86117465339097,3.9250133413904145,5.646690106029695,min/max of 30-day bootstrap 95% bounds across LOW/NOMINAL/HIGH measurement scenarios,30,5000
Engerer2,B,Temperature,IDA ICE,CVRMSE_percent,±0.5 °C,32.59744744826464,23.708097810393024,50.742639849129986,30.88023969968641,34.794461116056006,22.56927948782482,54.83481348127105,min/max of 30-day bootstrap 95% bounds across LOW/NOMINAL/HIGH measurement scenarios,30,5000
Engerer2,B,Temperature,IDA ICE,nMBE_percent,±0.5 °C,7.801097230428282,2.5534004943688964,13.524001357836982,4.2007946693241855,11.659095917264018,-1.6896884717512906,18.45884925298253,min/max of 30-day bootstrap 95% bounds across LOW/NOMINAL/HIGH measurement scenarios,30,5000
Engerer2,B,Temperature,PVsyst,RMSE,±0.5 °C,6.5211053085487,5.902552105032304,6.976943652277314,6.4780778721246906,6.60182822959311,5.875302450048748,7.074527384623093,min/max of 30-day bootstrap 95% bounds across LOW/NOMINAL/HIGH measurement scenarios,30,5000
Engerer2,B,Temperature,PVsyst,CVRMSE_percent,±0.5 °C,45.06290420932673,36.4961822133957,63.614707731405616,43.2705064294263,47.25340519687427,35.3308542958577,68.15760908222137,min/max of 30-day bootstrap 95% bounds across LOW/NOMINAL/HIGH measurement scenarios,30,5000
Engerer2,B,Temperature,PVsyst,nMBE_percent,±0.5 °C,5.5926682302098705,-1.7269539094197834,14.857680541618926,2.0661219924621808,9.371631393273521,-5.27673048473458,20.364025116629957,min/max of 30-day bootstrap 95% bounds across LOW/NOMINAL/HIGH measurement scenarios,30,5000
Engerer2,B,Power,IDA ICE,RMSE,±1%,321.7464607397054,284.00734306734836,358.1469108165259,320.48784441662,323.54099898634934,282.77577696074553,359.8288881057215,min/max of 30-day bootstrap 95% bounds across LOW/NOMINAL/HIGH measurement scenarios,30,5000
Engerer2,B,Power,IDA ICE,CVRMSE_percent,±1%,41.783084926283045,34.961607548035566,54.34499228281702,41.60012845530956,42.04003711969371,34.87926283692165,54.75631806459993,min/max of 30-day bootstrap 95% bounds across LOW/NOMINAL/HIGH measurement scenarios,30,5000
Engerer2,B,Power,IDA ICE,nMBE_percent,±1%,1.4699265803128703,-0.17135294130828746,3.6172991966366257,0.4652738418939302,2.494875333649364,-1.1597553874339488,4.663938582461239,min/max of 30-day bootstrap 95% bounds across LOW/NOMINAL/HIGH measurement scenarios,30,5000
Engerer2,B,Power,PVsyst,RMSE,±1%,308.8472300189785,268.90641831304055,347.990575392877,308.61042339400205,309.6489883726561,268.55509416108765,348.4224658371173,min/max of 30-day bootstrap 95% bounds across LOW/NOMINAL/HIGH measurement scenarios,30,5000
Engerer2,B,Power,PVsyst,CVRMSE_percent,±1%,40.107947144040644,33.59775948577265,51.5853738243668,39.81392692955935,40.4820147816359,33.36130748595334,52.094416807402375,min/max of 30-day bootstrap 95% bounds across LOW/NOMINAL/HIGH measurement scenarios,30,5000
Engerer2,B,Power,PVsyst,nMBE_percent,±1%,3.640476125360284,1.8412147997713955,5.983751704266698,2.6143327973864174,4.687349621576042,0.8328859403677172,7.054294650774442,min/max of 30-day bootstrap 95% bounds across LOW/NOMINAL/HIGH measurement scenarios,30,5000
Engerer2,C,GTI,IDA ICE,RMSE,±2%,36.333142703114476,20.2934566711358,53.79403216168906,35.97101223461537,37.853120374400405,20.05919644720096,54.80665920204851,min/max of 30-day bootstrap 95% bounds across LOW/NOMINAL/HIGH measurement scenarios,30,5000
Engerer2,C,GTI,IDA ICE,CVRMSE_percent,±2%,18.398073503247105,8.881814740753166,34.009084059155164,18.398073503247105,18.791908929500963,8.881814740753166,34.49986764734445,min/max of 30-day bootstrap 95% bounds across LOW/NOMINAL/HIGH measurement scenarios,30,5000
Engerer2,C,GTI,IDA ICE,nMBE_percent,±2%,-1.7698952280527567,-2.496972548928052,-0.7226470096720371,-3.695975713777215,0.23480078770126916,-4.40879661659613,1.303421418702005,min/max of 30-day bootstrap 95% bounds across LOW/NOMINAL/HIGH measurement scenarios,30,5000
Engerer2,C,GTI,PVsyst,RMSE,±2%,31.017261202314625,23.399191460736436,38.756363016684176,28.60821438375704,34.529537799544265,20.539267465307564,41.54522101904533,min/max of 30-day bootstrap 95% bounds across LOW/NOMINAL/HIGH measurement scenarios,30,5000
Engerer2,C,GTI,PVsyst,CVRMSE_percent,±2%,15.706261804341038,10.239813636737482,24.991673050817866,14.782029373875996,17.141940302116378,9.143245372108101,26.221389025828838,min/max of 30-day bootstrap 95% bounds across LOW/NOMINAL/HIGH measurement scenarios,30,5000
Engerer2,C,GTI,PVsyst,nMBE_percent,±2%,-5.794246939871229,-6.889935677494401,-5.084981358018299,-7.641418568501209,-3.8716805508890073,-8.71562321322981,-3.1479401612431617,min/max of 30-day bootstrap 95% bounds across LOW/NOMINAL/HIGH measurement scenarios,30,5000
Engerer2,C,Temperature,IDA ICE,RMSE,±0.5 °C,4.439190333556556,3.955255389330252,4.842277822498416,4.323897392042376,4.606162500191789,3.8464345281808647,5.019295297377833,min/max of 30-day bootstrap 95% bounds across LOW/NOMINAL/HIGH measurement scenarios,30,5000
Engerer2,C,Temperature,IDA ICE,CVRMSE_percent,±0.5 °C,25.25746158735724,20.38050824064464,35.56787810032262,25.25746158735724,25.482541269365488,20.359310300341047,35.95781068377036,min/max of 30-day bootstrap 95% bounds across LOW/NOMINAL/HIGH measurement scenarios,30,5000
Engerer2,C,Temperature,IDA ICE,nMBE_percent,±0.5 °C,-7.170798314099714,-11.649501550870365,-4.675261963848842,-9.738580022696304,-4.452640750807714,-15.05929731411475,-2.187712566036206,min/max of 30-day bootstrap 95% bounds across LOW/NOMINAL/HIGH measurement scenarios,30,5000
Engerer2,C,Temperature,PVsyst,RMSE,±0.5 °C,5.663237534499231,5.104112981058784,6.146959958801731,5.663237534499231,5.702230619332972,5.104112981058784,6.202526515901905,min/max of 30-day bootstrap 95% bounds across LOW/NOMINAL/HIGH measurement scenarios,30,5000
Engerer2,C,Temperature,PVsyst,CVRMSE_percent,±0.5 °C,32.22186789479134,26.424615232725017,44.79750620480228,31.546287626314037,33.19473337523068,25.908177645134046,46.82573596482698,min/max of 30-day bootstrap 95% bounds across LOW/NOMINAL/HIGH measurement scenarios,30,5000
Engerer2,C,Temperature,PVsyst,nMBE_percent,±0.5 °C,-1.0990971971086283,-5.848616717801264,2.8309487241700118,-3.834830399256021,1.7968475281266638,-8.937119606269139,6.345593986931243,min/max of 30-day bootstrap 95% bounds across LOW/NOMINAL/HIGH measurement scenarios,30,5000
Engerer2,C,Power,IDA ICE,RMSE,±1%,264.71930192770276,230.82584151373,298.1635789342612,261.81465434644514,267.8953356633755,228.50758409648867,301.86260948453713,min/max of 30-day bootstrap 95% bounds across LOW/NOMINAL/HIGH measurement scenarios,30,5000
Engerer2,C,Power,IDA ICE,CVRMSE_percent,±1%,51.942747229559714,43.999949445409904,67.05674188069453,50.86416087553818,53.09691199990717,42.987590639188596,68.38295077306508,min/max of 30-day bootstrap 95% bounds across LOW/NOMINAL/HIGH measurement scenarios,30,5000
Engerer2,C,Power,IDA ICE,nMBE_percent,±1%,12.272977552741304,10.422309774756089,14.737398207114639,11.161363913605257,13.407048033072034,9.329019578966424,15.896361825368318,min/max of 30-day bootstrap 95% bounds across LOW/NOMINAL/HIGH measurement scenarios,30,5000
Engerer2,C,Power,PVsyst,RMSE,±1%,243.83747148385314,210.13158818781417,275.7519108475929,241.27278759863893,246.704425250583,208.20053786579055,279.13401111422235,min/max of 30-day bootstrap 95% bounds across LOW/NOMINAL/HIGH measurement scenarios,30,5000
Engerer2,C,Power,PVsyst,CVRMSE_percent,±1%,47.84535186572774,40.959531955322376,59.680064008746484,46.87338038407763,48.89686908911982,40.04948629475432,60.78503089691266,min/max of 30-day bootstrap 95% bounds across LOW/NOMINAL/HIGH measurement scenarios,30,5000
Engerer2,C,Power,PVsyst,nMBE_percent,±1%,15.13603756742337,13.162031206773003,17.596081992444656,13.99607679942908,16.2990278458822,12.04161505621089,18.783921204489552,min/max of 30-day bootstrap 95% bounds across LOW/NOMINAL/HIGH measurement scenarios,30,5000
