System,Variable,Nominal_Delta_RMSE_Engerer2,Nominal_Delta_RMSE_Perez-Driesse,Combined_envelope_low_Engerer2,Combined_envelope_low_Perez-Driesse,Combined_envelope_high_Engerer2,Combined_envelope_high_Perez-Driesse,Nominal_favored_tool_Engerer2,Nominal_favored_tool_Perez-Driesse,Delta_direction_robust_to_sensor_bounds_Engerer2,Delta_direction_robust_to_sensor_bounds_Perez-Driesse,Combined_envelope_excludes_zero_Engerer2,Combined_envelope_excludes_zero_Perez-Driesse,Significant_Holm_all_sensor_scenarios_Engerer2,Significant_Holm_all_sensor_scenarios_Perez-Driesse,Favored_tool_same_PD_vs_E2,Direction_robust_to_sensor_bounds_in_both_methods
A,GTI,2.900259887051675,-7.102065125576802,-0.8256808907533568,-10.010888706532189,7.0384494756213725,-3.7094636429175396,PVsyst,IDA ICE,True,True,False,True,False,True,False,True
A,Power,22.100653732651722,4.915211840103893,11.282200575079925,-5.136717812622373,31.306059177626395,16.934483608204225,PVsyst,PVsyst,True,True,True,False,True,False,True,True
A,Temperature,-0.22913234639050906,-0.5613648489754457,-0.6006903116935507,-1.091047179083294,0.1148489870611178,-0.09925935547678043,IDA ICE,IDA ICE,True,True,False,True,False,False,True,True
B,GTI,6.362746851114636,-3.323539977272759,-3.8115228965151404,-6.845426543574119,19.18922870225186,-0.372507249020362,PVsyst,IDA ICE,True,True,False,True,False,False,False,True
B,Power,12.899230720726905,26.189802684464667,3.0077022447015738,15.245589050268135,25.713179160409783,37.51021263793062,PVsyst,PVsyst,True,True,True,True,False,True,True,True
B,Temperature,-1.8038907541432243,-1.6820424585917477,-2.612669490663528,-2.5297134436851887,-1.0577673741686728,-0.8984772346130018,IDA ICE,IDA ICE,True,True,True,True,True,True,True,True
C,GTI,5.315881500799851,-5.252649933653718,-5.888583051671944,-9.273325898737605,18.927964750822575,-1.4239546679385815,PVsyst,IDA ICE,True,True,False,True,False,False,False,True
C,Power,20.881830443849623,14.590741060129915,9.235005598240502,8.395385423998066,38.53707837051741,20.428783602863554,PVsyst,PVsyst,True,True,True,True,False,True,True,True
C,Temperature,-1.2240472009426755,-1.145587425807161,-1.888291855276752,-1.8406070268704418,-0.4729549937390796,-0.34147019480332746,IDA ICE,IDA ICE,True,True,True,True,True,True,True,True
