Irradiance_method,System,Variable,Software,Measurement_scenario,Measurement_uncertainty,Metric,Estimate,Bootstrap95_low,Bootstrap95_high,block_days,n_boot,n_records
Perez-Driesse,A,GTI,IDA ICE,LOW,±2%,RMSE,11.154027140811158,9.17950784375827,12.806504239087765,30,5000,4635
Perez-Driesse,A,GTI,IDA ICE,LOW,±2%,CVRMSE_percent,4.8887804629523135,4.147407569856272,5.89301388370799,30,5000,4635
Perez-Driesse,A,GTI,IDA ICE,LOW,±2%,nMBE_percent,-2.050230428990681,-2.4216491520527987,-1.6791303749322037,30,5000,4635
Perez-Driesse,A,GTI,PVsyst,LOW,±2%,RMSE,16.772533066510533,15.295546696956807,18.209408427728896,30,5000,4635
Perez-Driesse,A,GTI,PVsyst,LOW,±2%,CVRMSE_percent,7.351356683521144,6.381933898109282,8.91652213046567,30,5000,4635
Perez-Driesse,A,GTI,PVsyst,LOW,±2%,nMBE_percent,-4.8623653396537545,-5.570227887074459,-4.411867305778062,30,5000,4635
Perez-Driesse,A,GTI,IDA ICE,NOMINAL,±2%,RMSE,15.336261950901536,13.209883921899543,16.95538846996245,30,5000,4635
Perez-Driesse,A,GTI,IDA ICE,NOMINAL,±2%,CVRMSE_percent,6.5874060119004865,5.891287461526036,7.601879261500355,30,5000,4635
Perez-Driesse,A,GTI,IDA ICE,NOMINAL,±2%,nMBE_percent,-4.009225820410868,-4.3732161690117435,-3.6455477674335626,30,5000,4635
Perez-Driesse,A,GTI,PVsyst,NOMINAL,±2%,RMSE,22.438327076478338,20.387935977293573,24.22105118455467,30,5000,4635
Perez-Driesse,A,GTI,PVsyst,NOMINAL,±2%,CVRMSE_percent,9.637965962878841,8.589679754468198,11.333837060819812,30,5000,4635
Perez-Driesse,A,GTI,PVsyst,NOMINAL,±2%,nMBE_percent,-6.765118032860683,-7.458823329332972,-6.323629959662502,30,5000,4635
Perez-Driesse,A,GTI,IDA ICE,HIGH,±2%,RMSE,21.143225503338094,18.586691692462324,22.95437333575097,30,5000,4635
Perez-Driesse,A,GTI,IDA ICE,HIGH,±2%,CVRMSE_percent,8.903607034940826,8.214207714918187,9.997443490644295,30,5000,4635
Perez-Driesse,A,GTI,IDA ICE,HIGH,±2%,nMBE_percent,-5.891397863147912,-6.248251146089947,-5.534850752385845,30,5000,4635
Perez-Driesse,A,GTI,PVsyst,HIGH,±2%,RMSE,28.75214119686515,25.93817229123563,31.014762930745487,30,5000,4635
Perez-Driesse,A,GTI,PVsyst,HIGH,±2%,CVRMSE_percent,12.107791528288981,10.967950733090644,13.962938049332628,30,5000,4635
Perez-Driesse,A,GTI,PVsyst,HIGH,±2%,nMBE_percent,-8.593252973392826,-9.273356205228405,-8.160421529080885,30,5000,4635
Perez-Driesse,A,Temperature,IDA ICE,LOW,±0.5 °C,RMSE,5.371572839860347,4.7804879583763995,5.818199027680948,30,5000,4635
Perez-Driesse,A,Temperature,IDA ICE,LOW,±0.5 °C,CVRMSE_percent,36.128608358403945,28.44367694834813,52.05169697940849,30,5000,4635
Perez-Driesse,A,Temperature,IDA ICE,LOW,±0.5 °C,nMBE_percent,20.71723665414022,16.331694264123637,29.139889615766435,30,5000,4635
Perez-Driesse,A,Temperature,PVsyst,LOW,±0.5 °C,RMSE,5.8834269678190605,5.27249794004326,6.319555482449547,30,5000,4635
Perez-Driesse,A,Temperature,PVsyst,LOW,±0.5 °C,CVRMSE_percent,39.57128294868904,32.89215236093084,54.13058618590824,30,5000,4635
Perez-Driesse,A,Temperature,PVsyst,LOW,±0.5 °C,nMBE_percent,18.823040460542135,13.449005401160736,28.98030202328385,30,5000,4635
Perez-Driesse,A,Temperature,IDA ICE,NOMINAL,±0.5 °C,RMSE,5.101330459543028,4.535536096309791,5.531530440127968,30,5000,4635
Perez-Driesse,A,Temperature,IDA ICE,NOMINAL,±0.5 °C,CVRMSE_percent,33.19466933709666,26.27695815610423,47.18696756788337,30,5000,4635
Perez-Driesse,A,Temperature,IDA ICE,NOMINAL,±0.5 °C,nMBE_percent,16.789664439595636,13.054165250481478,23.303865856148896,30,5000,4635
Perez-Driesse,A,Temperature,PVsyst,NOMINAL,±0.5 °C,RMSE,5.662695308518474,5.060080918982029,6.095010133732449,30,5000,4635
Perez-Driesse,A,Temperature,PVsyst,NOMINAL,±0.5 °C,CVRMSE_percent,36.847504746798464,31.023944422512717,49.31706084542699,30,5000,4635
Perez-Driesse,A,Temperature,PVsyst,NOMINAL,±0.5 °C,nMBE_percent,14.95709649847476,10.241367012223582,23.175034007810666,30,5000,4635
Perez-Driesse,A,Temperature,IDA ICE,HIGH,±0.5 °C,RMSE,4.867581549496384,4.331258882052614,5.278934893510627,30,5000,4635
Perez-Driesse,A,Temperature,IDA ICE,HIGH,±0.5 °C,CVRMSE_percent,30.675610511742587,24.40986266204084,43.103102012866245,30,5000,4635
Perez-Driesse,A,Temperature,IDA ICE,HIGH,±0.5 °C,nMBE_percent,13.109608726387487,9.867189612509636,18.035049858037585,30,5000,4635
Perez-Driesse,A,Temperature,PVsyst,HIGH,±0.5 °C,RMSE,5.478825004375817,4.886531599673801,5.92081624059796,30,5000,4635
Perez-Driesse,A,Temperature,PVsyst,HIGH,±0.5 °C,CVRMSE_percent,34.52768077683622,29.36455692100202,45.24304934852251,30,5000,4635
Perez-Driesse,A,Temperature,PVsyst,HIGH,±0.5 °C,nMBE_percent,11.33478521114474,7.145702895288848,18.025876502276674,30,5000,4635
Perez-Driesse,A,Power,IDA ICE,LOW,±1%,RMSE,262.343250813447,239.8360050850849,283.2876897547979,30,5000,4631
Perez-Driesse,A,Power,IDA ICE,LOW,±1%,CVRMSE_percent,34.80998050289528,30.45839003174689,42.79080059500479,30,5000,4631
Perez-Driesse,A,Power,IDA ICE,LOW,±1%,nMBE_percent,2.8752510274305414,1.1482633427937559,6.0405646260984485,30,5000,4631
Perez-Driesse,A,Power,PVsyst,LOW,±1%,RMSE,254.2443386124505,232.47859752642,270.9976403021132,30,5000,4631
Perez-Driesse,A,Power,PVsyst,LOW,±1%,CVRMSE_percent,33.73534650740581,30.113777061434842,40.414975984065784,30,5000,4631
Perez-Driesse,A,Power,PVsyst,LOW,±1%,nMBE_percent,-2.268954068349244,-3.6779860315153132,0.4390586978258028,30,5000,4631
Perez-Driesse,A,Power,IDA ICE,NOMINAL,±1%,RMSE,262.1458370113161,239.81277231733188,282.6742901638058,30,5000,4631
Perez-Driesse,A,Power,IDA ICE,NOMINAL,±1%,CVRMSE_percent,34.435948066186064,30.16488095398337,42.27348681706622,30,5000,4631
Perez-Driesse,A,Power,IDA ICE,NOMINAL,±1%,nMBE_percent,1.846498517156234,0.13678070936581713,4.980158979837461,30,5000,4631
Perez-Driesse,A,Power,PVsyst,NOMINAL,±1%,RMSE,257.2306251712122,235.13324659088397,274.16674244542025,30,5000,4631
Perez-Driesse,A,Power,PVsyst,NOMINAL,±1%,CVRMSE_percent,33.79027700922851,30.228220824279116,40.335983784412946,30,5000,4631
Perez-Driesse,A,Power,PVsyst,NOMINAL,±1%,nMBE_percent,-3.246264527665754,-4.641206171200164,-0.565331889152456,30,5000,4631
Perez-Driesse,A,Power,IDA ICE,HIGH,±1%,RMSE,262.4870948589548,240.1980010261803,282.6010290570116,30,5000,4631
Perez-Driesse,A,Power,IDA ICE,HIGH,±1%,CVRMSE_percent,34.13938248523203,29.95234425954273,41.83176043125316,30,5000,4631
Perez-Driesse,A,Power,IDA ICE,HIGH,±1%,nMBE_percent,0.8381173437190426,-0.8546725649843406,3.9407514651856053,30,5000,4631
Perez-Driesse,A,Power,PVsyst,HIGH,±1%,RMSE,260.72510777751546,238.06981879476467,277.7336326213849,30,5000,4631
Perez-Driesse,A,Power,PVsyst,HIGH,±1%,CVRMSE_percent,33.910216358266375,30.409485454699986,40.329875743619496,30,5000,4631
Perez-Driesse,A,Power,PVsyst,HIGH,±1%,nMBE_percent,-4.204222304619558,-5.585352644752636,-1.5498335536162946,30,5000,4631
Perez-Driesse,B,GTI,IDA ICE,LOW,±2%,RMSE,19.558332117693453,10.743953523913607,29.00724881896865,30,5000,5351
Perez-Driesse,B,GTI,IDA ICE,LOW,±2%,CVRMSE_percent,10.105903010567367,5.016971568444408,18.53075746744681,30,5000,5351
Perez-Driesse,B,GTI,IDA ICE,LOW,±2%,nMBE_percent,-1.795455815088512,-2.2349027234700563,-1.3282414003030272,30,5000,5351
Perez-Driesse,B,GTI,PVsyst,LOW,±2%,RMSE,21.3038506021284,14.536499326472207,29.611114879820644,30,5000,5351
Perez-Driesse,B,GTI,PVsyst,LOW,±2%,CVRMSE_percent,11.00782247899147,6.600147918537217,19.078271874832527,30,5000,5351
Perez-Driesse,B,GTI,PVsyst,LOW,±2%,nMBE_percent,-4.330708870643052,-5.188447146811206,-3.8266044132170296,30,5000,5351
Perez-Driesse,B,GTI,IDA ICE,NOMINAL,±2%,RMSE,21.737641280312562,14.248468327486266,30.534053224906074,30,5000,5351
Perez-Driesse,B,GTI,IDA ICE,NOMINAL,±2%,CVRMSE_percent,11.00732533186916,6.53823995594154,18.96714119378085,30,5000,5351
Perez-Driesse,B,GTI,IDA ICE,NOMINAL,±2%,nMBE_percent,-3.759546698786743,-4.1902046690006545,-3.301676572296967,30,5000,5351
Perez-Driesse,B,GTI,PVsyst,NOMINAL,±2%,RMSE,25.06118125758532,19.606358919686304,32.33042537176422,30,5000,5351
Perez-Driesse,B,GTI,PVsyst,NOMINAL,±2%,CVRMSE_percent,12.690271761592754,8.821495125187417,20.25864862231252,30,5000,5351
Perez-Driesse,B,GTI,PVsyst,NOMINAL,±2%,nMBE_percent,-6.24409469323019,-7.084678203874985,-5.750072324952691,30,5000,5351
Perez-Driesse,B,GTI,IDA ICE,HIGH,±2%,RMSE,25.477434476984392,19.410540581349668,33.11398970521538,30,5000,5351
Perez-Driesse,B,GTI,IDA ICE,HIGH,±2%,CVRMSE_percent,12.64808881575334,8.825730707086034,20.145078296722676,30,5000,5351
Perez-Driesse,B,GTI,IDA ICE,HIGH,±2%,nMBE_percent,-5.646614410575242,-6.068828106863393,-5.197722129702914,30,5000,5351
Perez-Driesse,B,GTI,PVsyst,HIGH,±2%,RMSE,29.813578910711467,25.05685093903857,35.97623429109191,30,5000,5351
Perez-Driesse,B,GTI,PVsyst,HIGH,±2%,CVRMSE_percent,14.800736483840135,11.29882494545949,21.983301571026296,30,5000,5351
Perez-Driesse,B,GTI,PVsyst,HIGH,±2%,nMBE_percent,-8.08244577767666,-8.906547258700964,-7.598110122502639,30,5000,5351
Perez-Driesse,B,Temperature,IDA ICE,LOW,±0.5 °C,RMSE,4.86117465339097,4.026695672225469,5.646690106029695,30,5000,5351
Perez-Driesse,B,Temperature,IDA ICE,LOW,±0.5 °C,CVRMSE_percent,34.794461116056006,25.21509671104257,54.83481348127105,30,5000,5351
Perez-Driesse,B,Temperature,IDA ICE,LOW,±0.5 °C,nMBE_percent,11.659095917264018,6.680453894051901,18.45884925298253,30,5000,5351
Perez-Driesse,B,Temperature,PVsyst,LOW,±0.5 °C,RMSE,6.4751912220600065,5.800706794217238,6.964022857740054,30,5000,5351
Perez-Driesse,B,Temperature,PVsyst,LOW,±0.5 °C,CVRMSE_percent,46.3469850929616,37.50788811545422,66.53559294241,30,5000,5351
Perez-Driesse,B,Temperature,PVsyst,LOW,±0.5 °C,nMBE_percent,8.786778459202703,1.4185878589626308,19.98994423720188,30,5000,5351
Perez-Driesse,B,Temperature,IDA ICE,NOMINAL,±0.5 °C,RMSE,4.7172145544054755,3.945940876064031,5.461439876705326,30,5000,5351
Perez-Driesse,B,Temperature,IDA ICE,NOMINAL,±0.5 °C,CVRMSE_percent,32.59744744826464,23.708097810393024,50.742639849129986,30,5000,5351
Perez-Driesse,B,Temperature,IDA ICE,NOMINAL,±0.5 °C,nMBE_percent,7.801097230428282,2.553400494368896,13.524001357836982,30,5000,5351
Perez-Driesse,B,Temperature,PVsyst,NOMINAL,±0.5 °C,RMSE,6.399257012997223,5.753729030359748,6.878010402649196,30,5000,5351
Perez-Driesse,B,Temperature,PVsyst,NOMINAL,±0.5 °C,CVRMSE_percent,44.22089387354701,36.17261487988913,61.8874790803097,30,5000,5351
Perez-Driesse,B,Temperature,PVsyst,NOMINAL,±0.5 °C,nMBE_percent,5.0280228917057315,-2.1856781224093678,14.424973820531175,30,5000,5351
Perez-Driesse,B,Temperature,IDA ICE,HIGH,±0.5 °C,RMSE,4.623116621265234,3.9250133413904145,5.323057461839592,30,5000,5351
Perez-Driesse,B,Temperature,IDA ICE,HIGH,±0.5 °C,CVRMSE_percent,30.88023969968641,22.56927948782482,47.35914628086363,30,5000,5351
Perez-Driesse,B,Temperature,IDA ICE,HIGH,±0.5 °C,nMBE_percent,4.2007946693241855,-1.6896884717512906,9.188387153829712,30,5000,5351
Perez-Driesse,B,Temperature,PVsyst,HIGH,±0.5 °C,RMSE,6.361829868406209,5.727706159471308,6.842745381395762,30,5000,5351
Perez-Driesse,B,Temperature,PVsyst,HIGH,±0.5 °C,CVRMSE_percent,42.494024563724565,35.111748682592214,58.277788317903884,30,5000,5351
Perez-Driesse,B,Temperature,PVsyst,HIGH,±0.5 °C,nMBE_percent,1.5203344773991783,-5.664166679119259,9.568180813674374,30,5000,5351
Perez-Driesse,B,Power,IDA ICE,LOW,±1%,RMSE,322.5224851437748,277.2108967683383,366.6599626804068,30,5000,5347
Perez-Driesse,B,Power,IDA ICE,LOW,±1%,CVRMSE_percent,42.30693139723028,35.862233856100374,53.41374959516845,30,5000,5347
Perez-Driesse,B,Power,IDA ICE,LOW,±1%,nMBE_percent,7.314167928200872,6.02318403333484,8.967003496635376,30,5000,5347
Perez-Driesse,B,Power,PVsyst,LOW,±1%,RMSE,293.36679198003173,254.18874234740647,331.82727029636436,30,5000,5347
Perez-Driesse,B,Power,PVsyst,LOW,±1%,CVRMSE_percent,38.48242933199502,32.35425262179607,49.03053688254326,30,5000,5347
Perez-Driesse,B,Power,PVsyst,LOW,±1%,nMBE_percent,3.21229047272081,1.6265837114785593,5.366627775229787,30,5000,5347
Perez-Driesse,B,Power,IDA ICE,NOMINAL,±1%,RMSE,320.52481281285407,275.73564080387723,364.06770050254374,30,5000,5347
Perez-Driesse,B,Power,IDA ICE,NOMINAL,±1%,CVRMSE_percent,41.624437589618346,35.259810728692834,52.642212092822,30,5000,5347
Perez-Driesse,B,Power,IDA ICE,NOMINAL,±1%,nMBE_percent,6.2410262489188675,4.962952193001488,7.877333461669015,30,5000,5347
Perez-Driesse,B,Power,PVsyst,NOMINAL,±1%,RMSE,294.3350101283894,255.59180988265203,332.2705846554603,30,5000,5347
Perez-Driesse,B,Power,PVsyst,NOMINAL,±1%,CVRMSE_percent,38.22334112611173,32.18299821827604,48.711536695336044,30,5000,5347
Perez-Driesse,B,Power,PVsyst,NOMINAL,±1%,nMBE_percent,2.1801675679936015,0.6103178743637727,4.312961497477488,30,5000,5347
Perez-Driesse,B,Power,IDA ICE,HIGH,±1%,RMSE,319.0630412331657,274.7966712642358,362.27768427500285,30,5000,5347
Perez-Driesse,B,Power,IDA ICE,HIGH,±1%,CVRMSE_percent,41.02436334877433,34.72141435985727,51.92029270389082,30,5000,5347
Perez-Driesse,B,Power,IDA ICE,HIGH,±1%,nMBE_percent,5.189134899919666,3.9237150425757314,6.809241051157442,30,5000,5347
Perez-Driesse,B,Power,PVsyst,HIGH,±1%,RMSE,295.8915142155076,257.3518355822321,333.40094556353966,30,5000,5347
Perez-Driesse,B,Power,PVsyst,HIGH,±1%,CVRMSE_percent,38.04502377987808,32.05991175573246,48.44340103365608,30,5000,5347
Perez-Driesse,B,Power,PVsyst,HIGH,±1%,nMBE_percent,1.1684827405877232,-0.3858238867685424,3.2801598984925624,30,5000,5347
Perez-Driesse,C,GTI,IDA ICE,LOW,±2%,RMSE,19.491768104429443,10.69414185277629,28.927448519132916,30,5000,5351
Perez-Driesse,C,GTI,IDA ICE,LOW,±2%,CVRMSE_percent,10.071509000996805,4.986233140924937,18.450521127659172,30,5000,5351
Perez-Driesse,C,GTI,IDA ICE,LOW,±2%,nMBE_percent,-1.691290303229689,-2.1264186920041506,-1.2159674026506486,30,5000,5351
Perez-Driesse,C,GTI,PVsyst,LOW,±2%,RMSE,22.83522075013656,16.85546387622838,30.55456299403003,30,5000,5351
Perez-Driesse,C,GTI,PVsyst,LOW,±2%,CVRMSE_percent,11.799090266854034,7.713465278812608,19.59186554213836,30,5000,5351
Perez-Driesse,C,GTI,PVsyst,LOW,±2%,nMBE_percent,-5.284743720198563,-6.100640312896709,-4.810397164295317,30,5000,5351
Perez-Driesse,C,GTI,IDA ICE,NOMINAL,±2%,RMSE,21.622139751267593,14.11864594566026,30.37602790952823,30,5000,5351
Perez-Driesse,C,GTI,IDA ICE,NOMINAL,±2%,CVRMSE_percent,10.948838631765325,6.483573726635605,18.903111347291702,30,5000,5351
Perez-Driesse,C,GTI,IDA ICE,NOMINAL,±2%,nMBE_percent,-3.6574644971650963,-4.08389031816407,-3.191648054597636,30,5000,5351
Perez-Driesse,C,GTI,PVsyst,NOMINAL,±2%,RMSE,26.87478968492131,21.808467683709306,33.572751165788276,30,5000,5351
Perez-Driesse,C,GTI,PVsyst,NOMINAL,±2%,CVRMSE_percent,13.6086316575391,9.95045258122262,20.97263229696291,30,5000,5351
Perez-Driesse,C,GTI,PVsyst,NOMINAL,±2%,nMBE_percent,-7.179048845794596,-7.978627506638777,-6.714189221009415,30,5000,5351
Perez-Driesse,C,GTI,IDA ICE,HIGH,±2%,RMSE,25.331457851883975,19.241723087483404,32.93446547670969,30,5000,5351
Perez-Driesse,C,GTI,IDA ICE,HIGH,±2%,CVRMSE_percent,12.57561977178575,8.760066938750569,20.047461799944678,30,5000,5351
Perez-Driesse,C,GTI,IDA ICE,HIGH,±2%,nMBE_percent,-5.546533820750096,-5.964598351141248,-5.089851033919255,30,5000,5351
Perez-Driesse,C,GTI,PVsyst,HIGH,±2%,RMSE,31.77482117025953,27.220670142796187,37.42037286861721,30,5000,5351
Perez-Driesse,C,GTI,PVsyst,HIGH,±2%,CVRMSE_percent,15.774381075503461,12.408806669612233,22.830358438660728,30,5000,5351
Perez-Driesse,C,GTI,PVsyst,HIGH,±2%,nMBE_percent,-8.999067495877057,-9.78296814376351,-8.543322765695505,30,5000,5351
Perez-Driesse,C,Temperature,IDA ICE,LOW,±0.5 °C,RMSE,4.305619519034664,3.732637670069444,4.7679573251591165,30,5000,4828
Perez-Driesse,C,Temperature,IDA ICE,LOW,±0.5 °C,CVRMSE_percent,25.214807512665143,20.459311387243698,35.183302991163835,30,5000,4828
Perez-Driesse,C,Temperature,IDA ICE,LOW,±0.5 °C,nMBE_percent,-5.420615009795223,-9.028231999824841,-3.222222101242721,30,5000,4828
Perez-Driesse,C,Temperature,PVsyst,LOW,±0.5 °C,RMSE,5.5797982742031085,4.972965729841314,6.105298356295368,30,5000,4828
Perez-Driesse,C,Temperature,PVsyst,LOW,±0.5 °C,CVRMSE_percent,32.676723714564666,26.894945201458626,45.66071084908969,30,5000,4828
Perez-Driesse,C,Temperature,PVsyst,LOW,±0.5 °C,nMBE_percent,1.0827966616844524,-3.2444494591532225,5.618596478396254,30,5000,4828
Perez-Driesse,C,Temperature,IDA ICE,NOMINAL,±0.5 °C,RMSE,4.44004172791177,3.870766935357566,4.913657607752575,30,5000,4828
Perez-Driesse,C,Temperature,IDA ICE,NOMINAL,±0.5 °C,CVRMSE_percent,25.262305727528467,20.52835034324083,34.906202269163686,30,5000,4828
Perez-Driesse,C,Temperature,IDA ICE,NOMINAL,±0.5 °C,nMBE_percent,-8.111235375054601,-12.69066666714498,-5.604692898889593,30,5000,4828
Perez-Driesse,C,Temperature,PVsyst,NOMINAL,±0.5 °C,RMSE,5.585629153718931,4.971465369009743,6.129308344225901,30,5000,4828
Perez-Driesse,C,Temperature,PVsyst,NOMINAL,±0.5 °C,CVRMSE_percent,31.780302981118222,26.265801424348183,43.750059167287795,30,5000,4828
Perez-Driesse,C,Temperature,PVsyst,NOMINAL,±0.5 °C,nMBE_percent,-1.792834548049767,-6.478263680111218,2.2027351771113683,30,5000,4828
Perez-Driesse,C,Temperature,IDA ICE,HIGH,±0.5 °C,RMSE,4.624887203868131,4.060292043591818,5.1046836330944725,30,5000,4828
Perez-Driesse,C,Temperature,IDA ICE,HIGH,±0.5 °C,CVRMSE_percent,25.586131412824198,20.816753926439695,35.15853226582725,30,5000,4828
Perez-Driesse,C,Temperature,IDA ICE,HIGH,±0.5 °C,nMBE_percent,-10.653003318161995,-16.16577083525353,-7.836668143168024,30,5000,4828
Perez-Driesse,C,Temperature,PVsyst,HIGH,±0.5 °C,RMSE,5.635987695599569,5.004741167485252,6.2008344864632665,30,5000,4828
Perez-Driesse,C,Temperature,PVsyst,HIGH,±0.5 °C,CVRMSE_percent,31.179813790931643,25.860091638150916,42.587345578208016,30,5000,4828
Perez-Driesse,C,Temperature,PVsyst,HIGH,±0.5 °C,nMBE_percent,-4.509378033513563,-9.599029397878962,-0.8916590785508697,30,5000,4828
Perez-Driesse,C,Power,IDA ICE,LOW,±1%,RMSE,248.05495036266848,210.49259503886276,283.26853309517054,30,5000,5347
Perez-Driesse,C,Power,IDA ICE,LOW,±1%,CVRMSE_percent,49.16454345102126,42.818088541164286,60.07769543434481,30,5000,5347
Perez-Driesse,C,Power,IDA ICE,LOW,±1%,nMBE_percent,10.988801617607544,8.873190102045843,13.274016283167294,30,5000,5347
Perez-Driesse,C,Power,PVsyst,LOW,±1%,RMSE,233.07342986096523,199.74858098121118,264.9782098156449,30,5000,5347
Perez-Driesse,C,Power,PVsyst,LOW,±1%,CVRMSE_percent,46.19520292953008,39.72662667120535,57.1674301329047,30,5000,5347
Perez-Driesse,C,Power,PVsyst,LOW,±1%,nMBE_percent,14.537281143293674,12.649407663160659,16.93707412859412,30,5000,5347
Perez-Driesse,C,Power,IDA ICE,NOMINAL,±1%,RMSE,245.08606799882148,208.19447109184858,279.74429437468467,30,5000,5347
Perez-Driesse,C,Power,IDA ICE,NOMINAL,±1%,CVRMSE_percent,48.0903492372697,41.79334399773992,58.860022804069445,30,5000,5347
Perez-Driesse,C,Power,IDA ICE,NOMINAL,±1%,nMBE_percent,9.878913601431465,7.784458201025386,12.141276120335622,30,5000,5347
Perez-Driesse,C,Power,PVsyst,NOMINAL,±1%,RMSE,230.49532693869156,197.83690948390054,262.084050922898,30,5000,5347
Perez-Driesse,C,Power,PVsyst,NOMINAL,±1%,CVRMSE_percent,45.2273801630113,38.81831077090361,56.17112805541699,30,5000,5347
Perez-Driesse,C,Power,PVsyst,NOMINAL,±1%,nMBE_percent,13.391908331860726,11.522913586529054,15.767703387308181,30,5000,5347
Perez-Driesse,C,Power,IDA ICE,HIGH,±1%,RMSE,242.41557196141625,206.28111984712484,276.5031103806868,30,5000,5347
Perez-Driesse,C,Power,IDA ICE,HIGH,±1%,CVRMSE_percent,47.09539533514847,40.83514641979909,57.72990231386741,30,5000,5347
Perez-Driesse,C,Power,IDA ICE,HIGH,±1%,nMBE_percent,8.791003565773728,6.717285347549886,11.03096645577784,30,5000,5347
Perez-Driesse,C,Power,PVsyst,HIGH,±1%,RMSE,228.24367296500245,195.98911161061125,259.56394979421697,30,5000,5347
Perez-Driesse,C,Power,PVsyst,HIGH,±1%,CVRMSE_percent,44.34214322149245,38.001536902471855,55.20735471412116,30,5000,5347
Perez-Driesse,C,Power,PVsyst,HIGH,±1%,nMBE_percent,12.269216170159138,10.418726323296095,14.621488502285324,30,5000,5347
Engerer2,A,GTI,IDA ICE,LOW,±2%,RMSE,23.229182830276976,21.412017457465492,24.918123227122177,30,5000,4635
Engerer2,A,GTI,IDA ICE,LOW,±2%,CVRMSE_percent,10.181289121620944,8.937261506077835,12.375935592501369,30,5000,4635
Engerer2,A,GTI,IDA ICE,LOW,±2%,nMBE_percent,-0.4589833078859874,-0.7815674667561218,-0.0797104415715202,30,5000,4635
Engerer2,A,GTI,PVsyst,LOW,±2%,RMSE,18.262796489476663,15.384709695775447,21.45615342830527,30,5000,4635
Engerer2,A,GTI,PVsyst,LOW,±2%,CVRMSE_percent,8.004535182629533,6.261439720480156,10.710247809392637,30,5000,4635
Engerer2,A,GTI,PVsyst,LOW,±2%,nMBE_percent,-2.918585974265026,-3.7511162210529965,-2.3855747290474367,30,5000,4635
Engerer2,A,GTI,IDA ICE,NOMINAL,±2%,RMSE,24.743527221454958,22.5964650295331,26.863529969677156,30,5000,4635
Engerer2,A,GTI,IDA ICE,NOMINAL,±2%,CVRMSE_percent,10.628121800218345,9.232945637687061,12.984734458188948,30,5000,4635
Engerer2,A,GTI,IDA ICE,NOMINAL,±2%,nMBE_percent,-2.4498036417282694,-2.7659361174210018,-2.078116232740091,30,5000,4635
Engerer2,A,GTI,PVsyst,NOMINAL,±2%,RMSE,21.843267334403283,18.368417088747286,25.622591836320936,30,5000,4635
Engerer2,A,GTI,PVsyst,NOMINAL,±2%,CVRMSE_percent,9.382369120901664,7.440851531972904,12.374000327858914,30,5000,4635
Engerer2,A,GTI,PVsyst,NOMINAL,±2%,nMBE_percent,-4.860214254779726,-5.676093896631938,-4.33786323446649,30,5000,4635
Engerer2,A,GTI,IDA ICE,HIGH,±2%,RMSE,28.03454634277053,25.423429786820474,30.55038549726109,30,5000,4635
Engerer2,A,GTI,IDA ICE,HIGH,±2%,CVRMSE_percent,11.805605724607064,10.319458552748285,14.297421826732942,30,5000,4635
Engerer2,A,GTI,IDA ICE,HIGH,±2%,nMBE_percent,-4.362552589929677,-4.672486389628435,-3.9981531693530314,30,5000,4635
Engerer2,A,GTI,PVsyst,HIGH,±2%,RMSE,26.8658401126411,23.070817533577927,30.880521317851517,30,5000,4635
Engerer2,A,GTI,PVsyst,HIGH,±2%,CVRMSE_percent,11.313452764751592,9.318815256081843,14.459946600925106,30,5000,4635
Engerer2,A,GTI,PVsyst,HIGH,±2%,nMBE_percent,-6.725700249784049,-7.525582251599941,-6.213591406339696,30,5000,4635
Engerer2,A,Temperature,IDA ICE,LOW,±0.5 °C,RMSE,5.698827561527826,5.073732009482532,6.158250445338551,30,5000,4635
Engerer2,A,Temperature,IDA ICE,LOW,±0.5 °C,CVRMSE_percent,38.329687637237704,30.41097687178051,54.72138320351791,30,5000,4635
Engerer2,A,Temperature,IDA ICE,LOW,±0.5 °C,nMBE_percent,21.457911160542924,16.99270722980024,29.942567069974174,30,5000,4635
Engerer2,A,Temperature,PVsyst,LOW,±0.5 °C,RMSE,5.908683173643057,5.372886646378334,6.287841078941404,30,5000,4635
Engerer2,A,Temperature,PVsyst,LOW,±0.5 °C,CVRMSE_percent,39.74115341233859,32.68511501996135,55.00351676667623,30,5000,4635
Engerer2,A,Temperature,PVsyst,LOW,±0.5 °C,nMBE_percent,20.73726403294194,15.443279245128474,30.64803591625692,30,5000,4635
Engerer2,A,Temperature,IDA ICE,NOMINAL,±0.5 °C,RMSE,5.4347300173353865,4.831836315112606,5.878337945410668,30,5000,4635
Engerer2,A,Temperature,IDA ICE,NOMINAL,±0.5 °C,CVRMSE_percent,35.36412065294868,28.256329259907417,49.73408489916305,30,5000,4635
Engerer2,A,Temperature,IDA ICE,NOMINAL,±0.5 °C,nMBE_percent,17.50624087440561,13.721624317356975,24.13979428433604,30,5000,4635
Engerer2,A,Temperature,PVsyst,NOMINAL,±0.5 °C,RMSE,5.663862363725896,5.143286807541746,6.027493474102502,30,5000,4635
Engerer2,A,Temperature,PVsyst,NOMINAL,±0.5 °C,CVRMSE_percent,36.85509884641928,30.633859234478752,49.89185462984414,30,5000,4635
Engerer2,A,Temperature,PVsyst,NOMINAL,±0.5 °C,nMBE_percent,16.809040221502897,12.133993340912879,24.88734175926577,30,5000,4635
Engerer2,A,Temperature,IDA ICE,HIGH,±0.5 °C,RMSE,5.205376561462525,4.635777414734496,5.630422467304699,30,5000,4635
Engerer2,A,Temperature,IDA ICE,HIGH,±0.5 °C,CVRMSE_percent,32.80440242093102,26.36378111172761,45.516955621936816,30,5000,4635
Engerer2,A,Temperature,IDA ICE,HIGH,±0.5 °C,nMBE_percent,13.803605755600849,10.55533927294682,18.84855052965751,30,5000,4635
Engerer2,A,Temperature,PVsyst,HIGH,±0.5 °C,RMSE,5.45400191638844,4.958413155137357,5.80478306760255,30,5000,4635
Engerer2,A,Temperature,PVsyst,HIGH,±0.5 °C,CVRMSE_percent,34.37124510728317,28.846853456934557,45.73355296620279,30,5000,4635
Engerer2,A,Temperature,PVsyst,HIGH,±0.5 °C,nMBE_percent,13.128373975185953,8.938513179871611,19.659166889672594,30,5000,4635
Engerer2,A,Power,IDA ICE,LOW,±1%,RMSE,284.1643884378661,258.913279412478,306.20232065059076,30,5000,4631
Engerer2,A,Power,IDA ICE,LOW,±1%,CVRMSE_percent,37.70539852070878,33.6730969629264,45.37667346673161,30,5000,4631
Engerer2,A,Power,IDA ICE,LOW,±1%,nMBE_percent,4.183636684882552,2.4098188625858965,7.559740357583515,30,5000,4631
Engerer2,A,Power,PVsyst,LOW,±1%,RMSE,259.62896061761313,237.9780801366117,277.02520546438166,30,5000,4631
Engerer2,A,Power,PVsyst,LOW,±1%,CVRMSE_percent,34.4498249109248,30.62883436751326,41.513921522585434,30,5000,4631
Engerer2,A,Power,PVsyst,LOW,±1%,nMBE_percent,-0.36062662963061337,-1.99533138268034,2.748538040773312,30,5000,4631
Engerer2,A,Power,IDA ICE,NOMINAL,±1%,RMSE,283.95063479656517,258.77672304552055,305.8343428783265,30,5000,4631
Engerer2,A,Power,IDA ICE,NOMINAL,±1%,CVRMSE_percent,37.30026547319534,33.33981678657485,44.86581322154091,30,5000,4631
Engerer2,A,Power,IDA ICE,NOMINAL,±1%,nMBE_percent,3.1418003180337277,1.3857206739600363,6.48414295400768,30,5000,4631
Engerer2,A,Power,PVsyst,NOMINAL,±1%,RMSE,261.84998106391345,239.81648248797435,279.3931503207826,30,5000,4631
Engerer2,A,Power,PVsyst,NOMINAL,±1%,CVRMSE_percent,34.397083897462345,30.638555483253583,41.39083473054923,30,5000,4631
Engerer2,A,Power,PVsyst,NOMINAL,±1%,nMBE_percent,-1.3570203633343088,-2.9753780688535376,1.7210526603655767,30,5000,4631
Engerer2,A,Power,IDA ICE,HIGH,±1%,RMSE,284.2342393812053,259.01721909137194,305.89845579040514,30,5000,4631
Engerer2,A,Power,IDA ICE,HIGH,±1%,CVRMSE_percent,36.96784186227558,33.056305363598106,44.41894292818047,30,5000,4631
Engerer2,A,Power,IDA ICE,HIGH,±1%,nMBE_percent,2.1205943742908175,0.38190165738617354,5.429844508918495,30,5000,4631
Engerer2,A,Power,PVsyst,HIGH,±1%,RMSE,264.5868561835522,242.1483716278865,282.41022458734903,30,5000,4631
Engerer2,A,Power,PVsyst,HIGH,±1%,CVRMSE_percent,34.41247993037175,30.710984399156995,41.27919074196362,30,5000,4631
Engerer2,A,Power,PVsyst,HIGH,±1%,nMBE_percent,-2.333683528053771,-3.9360178899539986,0.7139135251144311,30,5000,4631
Engerer2,B,GTI,IDA ICE,LOW,±2%,RMSE,35.860030536202885,19.991682571286162,53.272006270426594,30,5000,5351
Engerer2,B,GTI,IDA ICE,LOW,±2%,CVRMSE_percent,18.529084605686133,8.9110077473269,34.36241353646566,30,5000,5351
Engerer2,B,GTI,IDA ICE,LOW,±2%,nMBE_percent,0.2288125238198025,-0.5026439843723759,1.2905166413105256,30,5000,5351
Engerer2,B,GTI,PVsyst,LOW,±2%,RMSE,27.854326531864533,19.115296888083503,36.316102670325634,30,5000,5351
Engerer2,B,GTI,PVsyst,LOW,±2%,CVRMSE_percent,14.392491172651857,8.512730520718335,24.042016272519106,30,5000,5351
Engerer2,B,GTI,PVsyst,LOW,±2%,nMBE_percent,-2.927315882123243,-4.1112413213492305,-2.1711255280118573,30,5000,5351
Engerer2,B,GTI,IDA ICE,NOMINAL,±2%,RMSE,36.222607798981365,20.232772337924978,53.613725744984414,30,5000,5351
Engerer2,B,GTI,IDA ICE,NOMINAL,±2%,CVRMSE_percent,18.342101761206166,8.855115246421626,33.84595215663349,30,5000,5351
Engerer2,B,GTI,IDA ICE,NOMINAL,±2%,nMBE_percent,-1.7757637266565947,-2.4925911046849287,-0.7352936915156872,30,5000,5351
Engerer2,B,GTI,PVsyst,NOMINAL,±2%,RMSE,29.85986094786673,21.489327907250722,38.08123458514857,30,5000,5351
Engerer2,B,GTI,PVsyst,NOMINAL,±2%,CVRMSE_percent,15.120187125142312,9.391138454002089,24.577915598831343,30,5000,5351
Engerer2,B,GTI,PVsyst,NOMINAL,±2%,nMBE_percent,-4.8687695644807825,-6.029016494922246,-4.127703017451621,30,5000,5351
Engerer2,B,GTI,IDA ICE,HIGH,±2%,RMSE,37.746400720494954,22.868232477369855,54.59587649078802,30,5000,5351
Engerer2,B,GTI,IDA ICE,HIGH,±2%,CVRMSE_percent,18.738928726089902,9.803095507480762,33.79050075959665,30,5000,5351
Engerer2,B,GTI,IDA ICE,HIGH,±2%,nMBE_percent,-3.701729143780979,-4.404501083024442,-2.6816604818781267,30,5000,5351
Engerer2,B,GTI,PVsyst,HIGH,±2%,RMSE,33.0747186080256,25.556462977228755,40.6565652935566,30,5000,5351
Engerer2,B,GTI,PVsyst,HIGH,±2%,CVRMSE_percent,16.419705794485196,11.040518432257128,25.714289091493374,30,5000,5351
Engerer2,B,GTI,PVsyst,HIGH,±2%,nMBE_percent,-6.734087808314492,-7.871584798943383,-6.0075519778937485,30,5000,5351
Engerer2,B,Temperature,IDA ICE,LOW,±0.5 °C,RMSE,4.86117465339097,4.026695672225469,5.646690106029695,30,5000,5351
Engerer2,B,Temperature,IDA ICE,LOW,±0.5 °C,CVRMSE_percent,34.794461116056006,25.21509671104257,54.83481348127105,30,5000,5351
Engerer2,B,Temperature,IDA ICE,LOW,±0.5 °C,nMBE_percent,11.659095917264018,6.680453894051901,18.45884925298253,30,5000,5351
Engerer2,B,Temperature,PVsyst,LOW,±0.5 °C,RMSE,6.60182822959311,5.965534246512138,7.074527384623093,30,5000,5351
Engerer2,B,Temperature,PVsyst,LOW,±0.5 °C,CVRMSE_percent,47.25340519687427,37.86686315405765,68.15760908222137,30,5000,5351
Engerer2,B,Temperature,PVsyst,LOW,±0.5 °C,nMBE_percent,9.371631393273521,1.9462183702444817,20.364025116629957,30,5000,5351
Engerer2,B,Temperature,IDA ICE,NOMINAL,±0.5 °C,RMSE,4.7172145544054755,3.945940876064031,5.461439876705326,30,5000,5351
Engerer2,B,Temperature,IDA ICE,NOMINAL,±0.5 °C,CVRMSE_percent,32.59744744826464,23.708097810393024,50.742639849129986,30,5000,5351
Engerer2,B,Temperature,IDA ICE,NOMINAL,±0.5 °C,nMBE_percent,7.801097230428282,2.5534004943688964,13.524001357836982,30,5000,5351
Engerer2,B,Temperature,PVsyst,NOMINAL,±0.5 °C,RMSE,6.5211053085487,5.902552105032304,6.976943652277314,30,5000,5351
Engerer2,B,Temperature,PVsyst,NOMINAL,±0.5 °C,CVRMSE_percent,45.06290420932673,36.4961822133957,63.614707731405616,30,5000,5351
Engerer2,B,Temperature,PVsyst,NOMINAL,±0.5 °C,nMBE_percent,5.5926682302098705,-1.7269539094197834,14.857680541618926,30,5000,5351
Engerer2,B,Temperature,IDA ICE,HIGH,±0.5 °C,RMSE,4.623116621265234,3.9250133413904145,5.323057461839592,30,5000,5351
Engerer2,B,Temperature,IDA ICE,HIGH,±0.5 °C,CVRMSE_percent,30.88023969968641,22.56927948782482,47.35914628086363,30,5000,5351
Engerer2,B,Temperature,IDA ICE,HIGH,±0.5 °C,nMBE_percent,4.2007946693241855,-1.6896884717512906,9.188387153829712,30,5000,5351
Engerer2,B,Temperature,PVsyst,HIGH,±0.5 °C,RMSE,6.4780778721246906,5.875302450048748,6.922121051376319,30,5000,5351
Engerer2,B,Temperature,PVsyst,HIGH,±0.5 °C,CVRMSE_percent,43.2705064294263,35.3308542958577,59.87461360807111,30,5000,5351
Engerer2,B,Temperature,PVsyst,HIGH,±0.5 °C,nMBE_percent,2.0661219924621808,-5.27673048473458,10.006891581591216,30,5000,5351
Engerer2,B,Power,IDA ICE,LOW,±1%,RMSE,320.48784441662,282.77577696074553,357.06995458072754,30,5000,5347
Engerer2,B,Power,IDA ICE,LOW,±1%,CVRMSE_percent,42.04003711969371,35.127731707796464,54.75631806459993,30,5000,5347
Engerer2,B,Power,IDA ICE,LOW,±1%,nMBE_percent,2.494875333649364,0.8370172310017312,4.663938582461239,30,5000,5347
Engerer2,B,Power,PVsyst,LOW,±1%,RMSE,308.61042339400205,268.55509416108765,348.4224658371173,30,5000,5347
Engerer2,B,Power,PVsyst,LOW,±1%,CVRMSE_percent,40.4820147816359,33.87854042096665,52.094416807402375,30,5000,5347
Engerer2,B,Power,PVsyst,LOW,±1%,nMBE_percent,4.687349621576042,2.869913939163026,7.054294650774442,30,5000,5347
Engerer2,B,Power,IDA ICE,NOMINAL,±1%,RMSE,321.7464607397054,284.00734306734836,358.1469108165259,30,5000,5347
Engerer2,B,Power,IDA ICE,NOMINAL,±1%,CVRMSE_percent,41.783084926283045,34.961607548035566,54.34499228281702,30,5000,5347
Engerer2,B,Power,IDA ICE,NOMINAL,±1%,nMBE_percent,1.4699265803128703,-0.17135294130828746,3.6172991966366257,30,5000,5347
Engerer2,B,Power,PVsyst,NOMINAL,±1%,RMSE,308.8472300189785,268.90641831304055,347.990575392877,30,5000,5347
Engerer2,B,Power,PVsyst,NOMINAL,±1%,CVRMSE_percent,40.107947144040644,33.59775948577265,51.5853738243668,30,5000,5347
Engerer2,B,Power,PVsyst,NOMINAL,±1%,nMBE_percent,3.640476125360284,1.8412147997713955,5.983751704266698,30,5000,5347
Engerer2,B,Power,IDA ICE,HIGH,±1%,RMSE,323.54099898634934,285.94447660438686,359.8288881057215,30,5000,5347
Engerer2,B,Power,IDA ICE,HIGH,±1%,CVRMSE_percent,41.60012845530956,34.87926283692165,53.948145820483354,30,5000,5347
Engerer2,B,Power,IDA ICE,HIGH,±1%,nMBE_percent,0.4652738418939302,-1.1597553874339488,2.5913853432045797,30,5000,5347
Engerer2,B,Power,PVsyst,HIGH,±1%,RMSE,309.6489883726561,269.8518719082998,348.2517811974923,30,5000,5347
Engerer2,B,Power,PVsyst,HIGH,±1%,CVRMSE_percent,39.81392692955935,33.36130748595334,51.13449242897292,30,5000,5347
Engerer2,B,Power,PVsyst,HIGH,±1%,nMBE_percent,2.6143327973864174,0.8328859403677172,4.934407627986828,30,5000,5347
Engerer2,C,GTI,IDA ICE,LOW,±2%,RMSE,35.97101223461537,20.05919644720096,53.46766018523667,30,5000,5351
Engerer2,C,GTI,IDA ICE,LOW,±2%,CVRMSE_percent,18.58642948935799,8.91779665287585,34.49986764734445,30,5000,5351
Engerer2,C,GTI,IDA ICE,LOW,±2%,nMBE_percent,0.23480078770126916,-0.5071148458449497,1.303421418702005,30,5000,5351
Engerer2,C,GTI,PVsyst,LOW,±2%,RMSE,28.60821438375704,20.539267465307564,36.73166455221223,30,5000,5351
Engerer2,C,GTI,PVsyst,LOW,±2%,CVRMSE_percent,14.782029373875996,9.143245372108101,24.28755212051818,30,5000,5351
Engerer2,C,GTI,PVsyst,LOW,±2%,nMBE_percent,-3.8716805508890073,-4.989730283157554,-3.1479401612431617,30,5000,5351
Engerer2,C,GTI,IDA ICE,NOMINAL,±2%,RMSE,36.333142703114476,20.2934566711358,53.79403216168906,30,5000,5351
Engerer2,C,GTI,IDA ICE,NOMINAL,±2%,CVRMSE_percent,18.398073503247105,8.881814740753166,34.009084059155164,30,5000,5351
Engerer2,C,GTI,IDA ICE,NOMINAL,±2%,nMBE_percent,-1.7698952280527567,-2.496972548928052,-0.7226470096720371,30,5000,5351
Engerer2,C,GTI,PVsyst,NOMINAL,±2%,RMSE,31.017261202314625,23.399191460736436,38.756363016684176,30,5000,5351
Engerer2,C,GTI,PVsyst,NOMINAL,±2%,CVRMSE_percent,15.706261804341038,10.239813636737482,24.991673050817866,30,5000,5351
Engerer2,C,GTI,PVsyst,NOMINAL,±2%,nMBE_percent,-5.794246939871229,-6.889935677494401,-5.084981358018299,30,5000,5351
Engerer2,C,GTI,IDA ICE,HIGH,±2%,RMSE,37.853120374400405,22.924798027324723,54.80665920204851,30,5000,5351
Engerer2,C,GTI,IDA ICE,HIGH,±2%,CVRMSE_percent,18.791908929500963,9.824091415139609,33.91038784677399,30,5000,5351
Engerer2,C,GTI,IDA ICE,HIGH,±2%,nMBE_percent,-3.695975713777215,-4.40879661659613,-2.6692617741882723,30,5000,5351
Engerer2,C,GTI,PVsyst,HIGH,±2%,RMSE,34.529537799544265,27.81030300402082,41.54522101904533,30,5000,5351
Engerer2,C,GTI,PVsyst,HIGH,±2%,CVRMSE_percent,17.141940302116378,11.988803172107083,26.221389025828838,30,5000,5351
Engerer2,C,GTI,PVsyst,HIGH,±2%,nMBE_percent,-7.641418568501209,-8.71562321322981,-6.946060154919905,30,5000,5351
Engerer2,C,Temperature,IDA ICE,LOW,±0.5 °C,RMSE,4.323897392042376,3.8464345281808647,4.713300877846763,30,5000,4828
Engerer2,C,Temperature,IDA ICE,LOW,±0.5 °C,CVRMSE_percent,25.321847404971674,20.359310300341047,35.95781068377036,30,5000,4828
Engerer2,C,Temperature,IDA ICE,LOW,±0.5 °C,nMBE_percent,-4.452640750807714,-8.034992723143588,-2.187712566036206,30,5000,4828
Engerer2,C,Temperature,PVsyst,LOW,±0.5 °C,RMSE,5.668252350439536,5.116614156601701,6.141787530844545,30,5000,4828
Engerer2,C,Temperature,PVsyst,LOW,±0.5 °C,CVRMSE_percent,33.19473337523068,27.05603465393269,46.82573596482698,30,5000,4828
Engerer2,C,Temperature,PVsyst,LOW,±0.5 °C,nMBE_percent,1.7968475281266638,-2.639158038268816,6.345593986931243,30,5000,4828
Engerer2,C,Temperature,IDA ICE,NOMINAL,±0.5 °C,RMSE,4.439190333556556,3.955255389330252,4.842277822498416,30,5000,4828
Engerer2,C,Temperature,IDA ICE,NOMINAL,±0.5 °C,CVRMSE_percent,25.25746158735724,20.38050824064464,35.56787810032262,30,5000,4828
Engerer2,C,Temperature,IDA ICE,NOMINAL,±0.5 °C,nMBE_percent,-7.170798314099714,-11.649501550870365,-4.675261963848842,30,5000,4828
Engerer2,C,Temperature,PVsyst,NOMINAL,±0.5 °C,RMSE,5.663237534499231,5.104112981058784,6.146959958801731,30,5000,4828
Engerer2,C,Temperature,PVsyst,NOMINAL,±0.5 °C,CVRMSE_percent,32.22186789479134,26.424615232725017,44.79750620480228,30,5000,4828
Engerer2,C,Temperature,PVsyst,NOMINAL,±0.5 °C,nMBE_percent,-1.0990971971086283,-5.848616717801264,2.8309487241700118,30,5000,4828
Engerer2,C,Temperature,IDA ICE,HIGH,±0.5 °C,RMSE,4.606162500191789,4.122308698545942,5.019295297377833,30,5000,4828
Engerer2,C,Temperature,IDA ICE,HIGH,±0.5 °C,CVRMSE_percent,25.482541269365488,20.590126007929445,35.557460383867955,30,5000,4828
Engerer2,C,Temperature,IDA ICE,HIGH,±0.5 °C,nMBE_percent,-9.738580022696304,-15.05929731411475,-6.909209091402336,30,5000,4828
Engerer2,C,Temperature,PVsyst,HIGH,±0.5 °C,RMSE,5.702230619332972,5.1291683839363325,6.202526515901905,30,5000,4828
Engerer2,C,Temperature,PVsyst,HIGH,±0.5 °C,CVRMSE_percent,31.546287626314037,25.908177645134046,43.237535421192035,30,5000,4828
Engerer2,C,Temperature,PVsyst,HIGH,±0.5 °C,nMBE_percent,-3.834830399256021,-8.937119606269139,-0.2140390893600088,30,5000,4828
Engerer2,C,Power,IDA ICE,LOW,±1%,RMSE,267.8953356633755,233.32833697398902,301.86260948453713,30,5000,5347
Engerer2,C,Power,IDA ICE,LOW,±1%,CVRMSE_percent,53.09691199990717,45.1007089484509,68.38295077306508,30,5000,5347
Engerer2,C,Power,IDA ICE,LOW,±1%,nMBE_percent,13.407048033072034,11.537686641167769,15.896361825368318,30,5000,5347
Engerer2,C,Power,PVsyst,LOW,±1%,RMSE,246.704425250583,212.50838646521194,279.13401111422235,30,5000,5347
Engerer2,C,Power,PVsyst,LOW,±1%,CVRMSE_percent,48.89686908911982,41.94077355833932,60.78503089691266,30,5000,5347
Engerer2,C,Power,PVsyst,LOW,±1%,nMBE_percent,16.2990278458822,14.305082027043435,18.783921204489552,30,5000,5347
Engerer2,C,Power,IDA ICE,NOMINAL,±1%,RMSE,264.71930192770276,230.82584151373,298.1635789342612,30,5000,5347
Engerer2,C,Power,IDA ICE,NOMINAL,±1%,CVRMSE_percent,51.942747229559714,43.999949445409904,67.05674188069453,30,5000,5347
Engerer2,C,Power,IDA ICE,NOMINAL,±1%,nMBE_percent,12.272977552741304,10.422309774756089,14.737398207114639,30,5000,5347
Engerer2,C,Power,PVsyst,NOMINAL,±1%,RMSE,243.83747148385314,210.13158818781417,275.7519108475929,30,5000,5347
Engerer2,C,Power,PVsyst,NOMINAL,±1%,CVRMSE_percent,47.84535186572774,40.959531955322376,59.680064008746484,30,5000,5347
Engerer2,C,Power,PVsyst,NOMINAL,±1%,nMBE_percent,15.13603756742337,13.162031206773003,17.596081992444656,30,5000,5347
Engerer2,C,Power,IDA ICE,HIGH,±1%,RMSE,261.81465434644514,228.50758409648867,294.5834282672727,30,5000,5347
Engerer2,C,Power,IDA ICE,HIGH,±1%,CVRMSE_percent,50.86416087553818,42.987590639188596,65.84384905694435,30,5000,5347
Engerer2,C,Power,IDA ICE,HIGH,±1%,nMBE_percent,11.161363913605257,9.329019578966424,13.601384363479832,30,5000,5347
Engerer2,C,Power,PVsyst,HIGH,±1%,RMSE,241.27278759863893,208.20053786579055,272.7077853967629,30,5000,5347
Engerer2,C,Power,PVsyst,HIGH,±1%,CVRMSE_percent,46.87338038407763,40.04948629475432,58.59416314496316,30,5000,5347
Engerer2,C,Power,PVsyst,HIGH,±1%,nMBE_percent,13.99607679942908,12.04161505621089,16.431764348955102,30,5000,5347
