Irradiance_method,System,Variable,Measurement_uncertainty,Nominal_Delta_RMSE,Nominal_bootstrap95_low,Nominal_bootstrap95_high,Nominal_p_Holm,Nominal_favored_tool,Sensor_scenario_Delta_RMSE_min,Sensor_scenario_Delta_RMSE_max,Combined_envelope_low,Combined_envelope_high,Favored_tool_same_all_sensor_scenarios,Favored_tool_across_sensor_scenarios,Delta_direction_robust_to_sensor_bounds,Combined_envelope_excludes_zero,Significant_Holm_all_sensor_scenarios,Significant_Holm_any_sensor_scenario,Combined_interval_definition,block_days,n_boot
Perez-Driesse,A,GTI,±2%,-7.102065125576802,-9.599083369241285,-5.013259582978603,0.0017996400719856027,IDA ICE,-7.608915693527056,-5.618505925699376,-10.010888706532189,-3.7094636429175396,True,IDA ICE,True,True,True,True,min/max of 30-day paired-bootstrap 95% bounds across LOW/NOMINAL/HIGH measurement scenarios,30,5000
Perez-Driesse,A,Temperature,±0.5 °C,-0.5613648489754457,-1.0073103937364258,-0.11074777620797713,0.025994801039792043,IDA ICE,-0.6112434548794328,-0.5118541279587134,-1.091047179083294,-0.09925935547678043,True,IDA ICE,True,True,False,True,min/max of 30-day paired-bootstrap 95% bounds across LOW/NOMINAL/HIGH measurement scenarios,30,5000
Perez-Driesse,A,Power,±1%,4.915211840103893,-1.812458970460827,14.028163476236335,0.22955408918216358,PVsyst,1.7619870814393153,8.098912200996523,-5.136717812622373,16.934483608204225,True,PVsyst,True,False,False,False,min/max of 30-day paired-bootstrap 95% bounds across LOW/NOMINAL/HIGH measurement scenarios,30,5000
Perez-Driesse,B,GTI,±2%,-3.323539977272759,-6.05435181444268,-1.414532182177591,0.02519496100779844,IDA ICE,-4.336144433727075,-1.745518484434946,-6.845426543574119,-0.372507249020362,True,IDA ICE,True,True,False,True,min/max of 30-day paired-bootstrap 95% bounds across LOW/NOMINAL/HIGH measurement scenarios,30,5000
Perez-Driesse,B,Temperature,±0.5 °C,-1.6820424585917477,-2.4367960727802616,-0.9160762128872463,0.0017996400719856027,IDA ICE,-1.738713247140975,-1.6140165686690366,-2.5297134436851887,-0.8984772346130018,True,IDA ICE,True,True,True,True,min/max of 30-day paired-bootstrap 95% bounds across LOW/NOMINAL/HIGH measurement scenarios,30,5000
Perez-Driesse,B,Power,±1%,26.189802684464667,18.05537155605589,34.5627704272091,0.0017996400719856027,PVsyst,23.171527017658093,29.15569316374308,15.245589050268135,37.51021263793062,True,PVsyst,True,True,True,True,min/max of 30-day paired-bootstrap 95% bounds across LOW/NOMINAL/HIGH measurement scenarios,30,5000
Perez-Driesse,C,GTI,±2%,-5.252649933653718,-8.498374820409088,-2.753953740516289,0.001999600079984003,IDA ICE,-6.443363318375553,-3.343452645707117,-9.273325898737605,-1.4239546679385815,True,IDA ICE,True,True,False,True,min/max of 30-day paired-bootstrap 95% bounds across LOW/NOMINAL/HIGH measurement scenarios,30,5000
Perez-Driesse,C,Temperature,±0.5 °C,-1.145587425807161,-1.7760384957238298,-0.5248783391105856,0.003999200159968006,IDA ICE,-1.2741787551684443,-1.0111004917314386,-1.8406070268704418,-0.34147019480332746,True,IDA ICE,True,True,True,True,min/max of 30-day paired-bootstrap 95% bounds across LOW/NOMINAL/HIGH measurement scenarios,30,5000
Perez-Driesse,C,Power,±1%,14.590741060129915,8.596578332569402,19.88133872918386,0.0017996400719856027,PVsyst,14.171898996413802,14.981520501703244,8.395385423998066,20.428783602863554,True,PVsyst,True,True,True,True,min/max of 30-day paired-bootstrap 95% bounds across LOW/NOMINAL/HIGH measurement scenarios,30,5000
Engerer2,A,GTI,±2%,2.900259887051675,0.7663868687476665,4.957678656391094,0.03239352129574085,PVsyst,1.1687062301294304,4.966386340800312,-0.8256808907533568,7.0384494756213725,True,PVsyst,True,False,False,True,min/max of 30-day paired-bootstrap 95% bounds across LOW/NOMINAL/HIGH measurement scenarios,30,5000
Engerer2,A,Temperature,±0.5 °C,-0.22913234639050906,-0.5595503111256969,0.10819342610286768,0.5272945410917816,IDA ICE,-0.24862535492591498,-0.20985561211523152,-0.6006903116935507,0.1148489870611178,True,IDA ICE,True,False,False,False,min/max of 30-day paired-bootstrap 95% bounds across LOW/NOMINAL/HIGH measurement scenarios,30,5000
Engerer2,A,Power,±1%,22.100653732651722,13.771141992880663,28.841917238994043,0.0017996400719856027,PVsyst,19.64738319765314,24.53542782025295,11.282200575079925,31.306059177626395,True,PVsyst,True,True,True,True,min/max of 30-day paired-bootstrap 95% bounds across LOW/NOMINAL/HIGH measurement scenarios,30,5000
Engerer2,B,GTI,±2%,6.362746851114636,-2.140963149077279,17.88111253889839,0.8790241951609679,PVsyst,4.671682112469355,8.005704004338352,-3.8115228965151404,19.18922870225186,True,PVsyst,True,False,False,False,min/max of 30-day paired-bootstrap 95% bounds across LOW/NOMINAL/HIGH measurement scenarios,30,5000
Engerer2,B,Temperature,±0.5 °C,-1.8038907541432243,-2.523082780132539,-1.07672464424321,0.0017996400719856027,IDA ICE,-1.8549612508594562,-1.7406535762021402,-2.612669490663528,-1.0577673741686728,True,IDA ICE,True,True,True,True,min/max of 30-day paired-bootstrap 95% bounds across LOW/NOMINAL/HIGH measurement scenarios,30,5000
Engerer2,B,Power,±1%,12.899230720726905,4.0421602420940985,24.88812419104189,0.07358528294341132,PVsyst,11.877421022617966,13.89201061369323,3.0077022447015738,25.713179160409783,True,PVsyst,True,True,False,False,min/max of 30-day paired-bootstrap 95% bounds across LOW/NOMINAL/HIGH measurement scenarios,30,5000
Engerer2,C,GTI,±2%,5.315881500799851,-3.9082601989334096,17.21483048451463,0.8790241951609679,PVsyst,3.3235825748561396,7.362797850858332,-5.888583051671944,18.927964750822575,True,PVsyst,True,False,False,False,min/max of 30-day paired-bootstrap 95% bounds across LOW/NOMINAL/HIGH measurement scenarios,30,5000
Engerer2,C,Temperature,±0.5 °C,-1.2240472009426755,-1.8249272258439975,-0.6481305219642416,0.0027994401119776045,IDA ICE,-1.34435495839716,-1.096068119141183,-1.888291855276752,-0.4729549937390796,True,IDA ICE,True,True,True,True,min/max of 30-day paired-bootstrap 95% bounds across LOW/NOMINAL/HIGH measurement scenarios,30,5000
Engerer2,C,Power,±1%,20.881830443849623,9.563107809402236,38.42142072734416,0.06898620275944811,PVsyst,20.54186674780621,21.190910412792476,9.235005598240502,38.53707837051741,True,PVsyst,True,True,False,False,min/max of 30-day paired-bootstrap 95% bounds across LOW/NOMINAL/HIGH measurement scenarios,30,5000
