Irradiance_method,System,Variable,Measurement_scenario,Measurement_uncertainty,n_common,RMSE_IDA,RMSE_PVsyst,Delta_RMSE_IDA_minus_PVsyst,Delta_RMSE_bootstrap95_low,Delta_RMSE_bootstrap95_high,Delta_CVRMSE_percentage_points,Delta_CVRMSE_bootstrap95_low,Delta_CVRMSE_bootstrap95_high,bootstrap_p_raw,block_days,n_boot,bootstrap_p_Holm,significant_Holm_0.05,Favored_by_RMSE
Perez-Driesse,A,GTI,LOW,±2%,4635,11.154027140811158,16.772533066510533,-5.618505925699376,-8.11266950110687,-3.7094636429175396,-2.4625762205688315,-3.9098677997901277,-1.57235626294681,0.0001999600079984003,30,5000,0.0017996400719856027,True,IDA ICE
Perez-Driesse,A,Temperature,LOW,±0.5 °C,4635,5.371572839860347,5.8834269678190605,-0.5118541279587134,-0.9237171925685951,-0.09925935547678043,-3.44267459028509,-5.634776605990621,-0.835959670839471,0.014597080583883223,30,5000,0.05838832233553289,False,IDA ICE
Perez-Driesse,A,Power,LOW,±1%,4631,262.343250813447,254.2443386124505,8.098912200996523,1.5237311750443787,16.934483608204225,1.074633995489466,0.18837940863078817,2.622384526069406,0.041391721655668866,30,5000,0.08278344331133773,False,PVsyst
Perez-Driesse,B,GTI,LOW,±2%,5351,19.558332117693453,21.3038506021284,-1.745518484434946,-4.134174162100921,-0.372507249020362,-0.9019194684241015,-2.0868928048410447,-0.22037231021015385,0.08258348330333934,30,5000,0.08278344331133773,False,IDA ICE
Perez-Driesse,B,Temperature,LOW,±0.5 °C,5351,4.86117465339097,6.4751912220600065,-1.6140165686690366,-2.3367021037940026,-0.8984772346130018,-11.552523976905597,-16.84327740122168,-7.636249107694084,0.0001999600079984003,30,5000,0.0017996400719856027,True,IDA ICE
Perez-Driesse,B,Power,LOW,±1%,5347,322.5224851437748,293.36679198003173,29.15569316374308,20.75835686844523,37.51021263793062,3.824502065235257,3.0113717415161054,4.849711822932411,0.0001999600079984003,30,5000,0.0017996400719856027,True,PVsyst
Perez-Driesse,C,GTI,LOW,±2%,5351,19.491768104429443,22.83522075013656,-3.343452645707117,-6.465021649742332,-1.4239546679385815,-1.7275812658572307,-3.133845781141502,-0.8705572678848752,0.016396720655868825,30,5000,0.05838832233553289,False,IDA ICE
Perez-Driesse,C,Temperature,LOW,±0.5 °C,4828,4.305619519034664,5.5797982742031085,-1.2741787551684443,-1.8406070268704418,-0.7077293170506239,-7.461916201899526,-12.285285963865473,-4.200466105039168,0.0001999600079984003,30,5000,0.0017996400719856027,True,IDA ICE
Perez-Driesse,C,Power,LOW,±1%,5347,248.05495036266848,233.07342986096523,14.981520501703244,8.810769742050075,20.428783602863554,2.9693405214911808,2.115803655461248,3.755699007116665,0.0001999600079984003,30,5000,0.0017996400719856027,True,PVsyst
Perez-Driesse,A,GTI,NOMINAL,±2%,4635,15.336261950901536,22.438327076478338,-7.102065125576802,-9.599083369241285,-5.013259582978603,-3.050559950978356,-4.488846891930893,-2.1224139747600246,0.0001999600079984003,30,5000,0.0017996400719856027,True,IDA ICE
Perez-Driesse,A,Temperature,NOMINAL,±0.5 °C,4635,5.101330459543028,5.662695308518474,-0.5613648489754457,-1.0073103937364258,-0.11074777620797713,-3.6528354097017997,-5.902556973045594,-0.8998159779735909,0.012997400519896021,30,5000,0.025994801039792043,True,IDA ICE
Perez-Driesse,A,Power,NOMINAL,±1%,4631,262.1458370113161,257.2306251712122,4.915211840103893,-1.812458970460827,14.028163476236335,0.6456710569575593,-0.22364711298675627,2.1656137452727027,0.22955408918216358,30,5000,0.22955408918216358,False,PVsyst
Perez-Driesse,B,GTI,NOMINAL,±2%,5351,21.737641280312562,25.06118125758532,-3.323539977272759,-6.05435181444268,-1.414532182177591,-1.682946429723596,-2.9919669178285564,-0.813553428118538,0.008398320335932814,30,5000,0.02519496100779844,True,IDA ICE
Perez-Driesse,B,Temperature,NOMINAL,±0.5 °C,5351,4.7172145544054755,6.399257012997223,-1.6820424585917477,-2.4367960727802616,-0.9160762128872463,-11.62344642528238,-16.48177995878492,-7.549507280293087,0.0001999600079984003,30,5000,0.0017996400719856027,True,IDA ICE
Perez-Driesse,B,Power,NOMINAL,±1%,5347,320.52481281285407,294.3350101283894,26.189802684464667,18.05537155605589,34.5627704272091,3.4010964635066174,2.5516923200315182,4.429683671252199,0.0001999600079984003,30,5000,0.0017996400719856027,True,PVsyst
Perez-Driesse,C,GTI,NOMINAL,±2%,5351,21.622139751267593,26.87478968492131,-5.252649933653718,-8.498374820409088,-2.753953740516289,-2.659793025773773,-4.077700405310066,-1.651486675304957,0.0003999200159968006,30,5000,0.001999600079984003,True,IDA ICE
Perez-Driesse,C,Temperature,NOMINAL,±0.5 °C,4828,4.44004172791177,5.585629153718931,-1.145587425807161,-1.7760384957238298,-0.5248783391105856,-6.5179972535897575,-11.163233910446152,-3.120671468440743,0.0009998000399920016,30,5000,0.003999200159968006,True,IDA ICE
Perez-Driesse,C,Power,NOMINAL,±1%,5347,245.08606799882148,230.49532693869156,14.590741060129915,8.596578332569402,19.88133872918386,2.8629690742584044,2.0598831468884877,3.608541528179026,0.0001999600079984003,30,5000,0.0017996400719856027,True,PVsyst
Perez-Driesse,A,GTI,HIGH,±2%,4635,21.143225503338094,28.75214119686515,-7.608915693527056,-10.010888706532189,-5.54179069528762,-3.2041844933481545,-4.58698452440721,-2.295764443811582,0.0001999600079984003,30,5000,0.0017996400719856027,True,IDA ICE
Perez-Driesse,A,Temperature,HIGH,±0.5 °C,4635,4.867581549496384,5.478825004375817,-0.6112434548794328,-1.091047179083294,-0.12123950514717816,-3.852070265093627,-6.1779038461466484,-0.9867719401318245,0.012997400519896021,30,5000,0.025994801039792043,True,IDA ICE
Perez-Driesse,A,Power,HIGH,±1%,4631,262.4870948589548,260.72510777751546,1.7619870814393153,-5.136717812622373,11.14603352032872,0.22916612696565997,-0.6176965393337964,1.7248188181718753,0.6804639072185563,30,5000,0.6804639072185563,False,PVsyst
Perez-Driesse,B,GTI,HIGH,±2%,5351,25.477434476984392,29.813578910711467,-4.336144433727075,-6.845426543574119,-2.197700062529873,-2.152647668086793,-3.3629318995663255,-1.234822523590637,0.0003999200159968006,30,5000,0.0017996400719856027,True,IDA ICE
Perez-Driesse,B,Temperature,HIGH,±0.5 °C,5351,4.623116621265234,6.361829868406209,-1.738713247140975,-2.5297134436851887,-0.9187834716722388,-11.613784864038157,-16.087855392739343,-7.41679155620694,0.0001999600079984003,30,5000,0.0017996400719856027,True,IDA ICE
Perez-Driesse,B,Power,HIGH,±1%,5347,319.0630412331657,295.8915142155076,23.171527017658093,15.245589050268135,31.551969229583786,2.9793395688962514,2.105541287591982,4.021532060001478,0.0001999600079984003,30,5000,0.0017996400719856027,True,PVsyst
Perez-Driesse,C,GTI,HIGH,±2%,5351,25.331457851883975,31.77482117025953,-6.443363318375553,-9.273325898737605,-3.776563752295097,-3.1987613037177116,-4.449108099668561,-2.2165567817701097,0.0001999600079984003,30,5000,0.0017996400719856027,True,IDA ICE
Perez-Driesse,C,Temperature,HIGH,±0.5 °C,4828,4.624887203868131,5.635987695599569,-1.0111004917314386,-1.6884106125430318,-0.34147019480332746,-5.593682378107441,-10.081993718746412,-1.977757844749304,0.002999400119976005,30,5000,0.008998200359928016,True,IDA ICE
Perez-Driesse,C,Power,HIGH,±1%,5347,242.41557196141625,228.24367296500245,14.171898996413802,8.395385423998066,19.336509052942684,2.7532521136560177,2.008518687371864,3.4558873452644057,0.0001999600079984003,30,5000,0.0017996400719856027,True,PVsyst
Engerer2,A,GTI,LOW,±2%,4635,23.229182830276976,18.262796489476663,4.966386340800312,2.7563137132904245,7.0384494756213725,2.176753938991411,1.3522555141320374,2.8906947396292457,0.0001999600079984003,30,5000,0.0017996400719856027,True,PVsyst
Engerer2,A,Temperature,LOW,±0.5 °C,4635,5.698827561527826,5.908683173643057,-0.20985561211523152,-0.521095045878346,0.10203385905274107,-1.411465775100882,-3.3615813159904033,0.8338996084111774,0.1819636072785443,30,5000,0.3639272145570886,False,IDA ICE
Engerer2,A,Power,LOW,±1%,4631,284.1643884378661,259.62896061761313,24.53542782025295,16.135894886112077,31.306059177626395,3.255573609783987,2.2651494243262706,4.312246407637726,0.0001999600079984003,30,5000,0.0017996400719856027,True,PVsyst
Engerer2,B,GTI,LOW,±2%,5351,35.860030536202885,27.854326531864533,8.005704004338352,-0.020345170785317626,19.18922870225186,4.13659343303428,-0.009239147329037422,12.04953384573855,0.10317936412717456,30,5000,0.3095380923815237,False,PVsyst
Engerer2,B,Temperature,LOW,±0.5 °C,5351,4.86117465339097,6.60182822959311,-1.7406535762021402,-2.422157732834378,-1.0577673741686728,-12.458944080818265,-18.15820190596107,-8.830351666148129,0.0001999600079984003,30,5000,0.0017996400719856027,True,IDA ICE
Engerer2,B,Power,LOW,±1%,5347,320.48784441662,308.61042339400205,11.877421022617966,3.0077022447015738,23.97893328287227,1.5580223380578089,0.38945296731832585,3.781324401743687,0.029394121175764846,30,5000,0.11757648470305938,False,PVsyst
Engerer2,C,GTI,LOW,±2%,5351,35.97101223461537,28.60821438375704,7.362797850858332,-1.14748961190835,18.927964750822575,3.8044001154819935,-0.5079287664826294,11.933500755282031,0.28394321135772843,30,5000,0.3639272145570886,False,PVsyst
Engerer2,C,Temperature,LOW,±0.5 °C,4828,4.323897392042376,5.668252350439536,-1.34435495839716,-1.888291855276752,-0.8185345330503377,-7.8728859702590075,-12.575414388488005,-4.818895891324884,0.0001999600079984003,30,5000,0.0017996400719856027,True,IDA ICE
Engerer2,C,Power,LOW,±1%,5347,267.8953356633755,246.704425250583,21.190910412792476,9.856784216152453,38.53707837051741,4.200042910787354,2.0917601739251506,9.295639577859745,0.01259748050389922,30,5000,0.0629874025194961,False,PVsyst
Engerer2,A,GTI,NOMINAL,±2%,4635,24.743527221454958,21.843267334403283,2.900259887051675,0.7663868687476665,4.957678656391094,1.2457526793166793,0.3639850498320554,2.02840316018953,0.005398920215956809,30,5000,0.03239352129574085,True,PVsyst
Engerer2,A,Temperature,NOMINAL,±0.5 °C,4635,5.4347300173353865,5.663862363725896,-0.22913234639050906,-0.5595503111256969,0.10819342610286768,-1.4909781934706063,-3.453396951748495,0.8339048588011921,0.1757648470305939,30,5000,0.5272945410917816,False,IDA ICE
Engerer2,A,Power,NOMINAL,±1%,4631,283.95063479656517,261.84998106391345,22.100653732651722,13.771141992880663,28.841917238994043,2.9031815757329893,1.9076948748680305,3.951356069381887,0.0001999600079984003,30,5000,0.0017996400719856027,True,PVsyst
Engerer2,B,GTI,NOMINAL,±2%,5351,36.222607798981365,29.85986094786673,6.362746851114636,-2.140963149077279,17.88111253889839,3.221914636063854,-0.9436676247338471,11.05675791795926,0.43951209758048393,30,5000,0.8790241951609679,False,PVsyst
Engerer2,B,Temperature,NOMINAL,±0.5 °C,5351,4.7172145544054755,6.5211053085487,-1.8038907541432243,-2.523082780132539,-1.07672464424321,-12.465456761062088,-17.741106815373854,-8.749042542430496,0.0001999600079984003,30,5000,0.0017996400719856027,True,IDA ICE
Engerer2,B,Power,NOMINAL,±1%,5347,321.7464607397054,308.8472300189785,12.899230720726905,4.0421602420940985,24.88812419104189,1.6751377822423998,0.5282257027597603,3.870291249031098,0.01839632073585283,30,5000,0.07358528294341132,False,PVsyst
Engerer2,C,GTI,NOMINAL,±2%,5351,36.333142703114476,31.017261202314625,5.315881500799851,-3.9082601989334096,17.21483048451463,2.691811698906068,-1.6967531034910945,10.791650951334688,0.5702859428114377,30,5000,0.8790241951609679,False,PVsyst
Engerer2,C,Temperature,NOMINAL,±0.5 °C,4828,4.439190333556556,5.663237534499231,-1.2240472009426755,-1.8249272258439975,-0.6481305219642416,-6.9644063074341025,-11.46614644736446,-3.773418240184031,0.0003999200159968006,30,5000,0.0027994401119776045,True,IDA ICE
Engerer2,C,Power,NOMINAL,±1%,5347,264.71930192770276,243.83747148385314,20.881830443849623,9.563107809402236,38.42142072734416,4.097395363831973,1.9938460424025615,9.183379261102681,0.013797240551889621,30,5000,0.06898620275944811,False,PVsyst
Engerer2,A,GTI,HIGH,±2%,4635,28.03454634277053,26.8658401126411,1.1687062301294304,-0.8256808907533568,3.0382082064790157,0.49215295985547314,-0.37408731414425656,1.254612047917825,0.23515296940611877,30,5000,0.7054589082183563,False,PVsyst
Engerer2,A,Temperature,HIGH,±0.5 °C,4635,5.205376561462525,5.45400191638844,-0.24862535492591498,-0.6006903116935507,0.1148489870611178,-1.5668426863521612,-3.5780129474519082,0.8732156313994615,0.17256548690261947,30,5000,0.6902619476104779,False,IDA ICE
Engerer2,A,Power,HIGH,±1%,4631,284.2342393812053,264.5868561835522,19.64738319765314,11.282200575079925,26.344571889338653,2.555361931903827,1.5546402120745513,3.6062881851157025,0.0001999600079984003,30,5000,0.0017996400719856027,True,PVsyst
Engerer2,B,GTI,HIGH,±2%,5351,37.746400720494954,33.0747186080256,4.671682112469355,-3.8115228965151404,16.382103028183113,2.3192229316047075,-1.6332274401158522,9.991926749032089,0.5980803839232154,30,5000,1.0,False,PVsyst
Engerer2,B,Temperature,HIGH,±0.5 °C,5351,4.623116621265234,6.4780778721246906,-1.8549612508594562,-2.612669490663528,-1.0836821078369516,-12.390266729739892,-17.13916028910415,-8.612068128529112,0.0001999600079984003,30,5000,0.0017996400719856027,True,IDA ICE
Engerer2,B,Power,HIGH,±1%,5347,323.54099898634934,309.6489883726561,13.89201061369323,5.051544828026384,25.713179160409783,1.7862015257502033,0.6535311223168747,3.8976672590462806,0.011197760447910418,30,5000,0.06718656268746251,False,PVsyst
Engerer2,C,GTI,HIGH,±2%,5351,37.853120374400405,34.529537799544265,3.3235825748561396,-5.888583051671944,15.50793180988424,1.6499686273845848,-2.5037446249713664,9.564567301248514,0.6276744651069786,30,5000,1.0,False,PVsyst
Engerer2,C,Temperature,HIGH,±0.5 °C,4828,4.606162500191789,5.702230619332972,-1.096068119141183,-1.752745262295307,-0.4729549937390796,-6.0637463569485535,-10.417132982420267,-2.721453265605263,0.0015996800639872025,30,5000,0.011197760447910418,True,IDA ICE
Engerer2,C,Power,HIGH,±1%,5347,261.81465434644514,241.27278759863893,20.54186674780621,9.235005598240502,38.26042909036898,3.990780491460562,1.902089942583217,9.029808311218368,0.015196960607878424,30,5000,0.07598480303939212,False,PVsyst
