Irradiance_method,System,scheme,scheme_type,Sky_condition,bin_order,kt_min,kt_max,n_IDA,CVRMSE_IDA_percent,nMBE_IDA_percent,n_PVsyst,CVRMSE_PVsyst_percent,nMBE_PVsyst_percent,Delta_CVRMSE_IDA_minus_PVsyst_pp,Favored_by_CVRMSE
Perez-Driesse,A,nominal,nominal,Overcast/very cloudy,1,0.0,0.2,1713,67.31417084443339,-4.112586886898804,1713,64.95501152283308,-6.0802734229833355,2.359159321600316,PVsyst
Perez-Driesse,A,nominal,nominal,Cloudy,2,0.2,0.4,651,38.548004420347496,12.715375117726108,651,36.68002996390794,7.4830354747674095,1.8679744564395548,PVsyst
Perez-Driesse,A,nominal,nominal,Mixed/broken,3,0.4,0.6,497,27.526020299954713,11.706724105417571,497,25.31819335231783,6.294701233488063,2.2078269476368817,PVsyst
Perez-Driesse,A,nominal,nominal,Mostly clear,4,0.6,0.75,336,15.921163912314729,4.948125635058421,336,15.15069795697038,-1.5057171939303906,0.7704659553443491,PVsyst
Perez-Driesse,A,nominal,nominal,Clear,5,0.75,,337,15.229933109934374,-4.74098074282049,337,17.411790009265975,-10.90422280539406,-2.181856899331601,IDA ICE
Perez-Driesse,A,all_edges_minus_0p05,coordinated,Overcast/very cloudy,1,0.0,0.15000000000000002,1467,70.25900035228378,-6.5565630544199225,1467,65.10410510631066,-6.266391258228094,5.1548952459731225,PVsyst
Perez-Driesse,A,all_edges_minus_0p05,coordinated,Cloudy,2,0.15000000000000002,0.35000000000000003,754,41.896127186379516,8.881473633848971,754,40.652915778347015,3.371572864264433,1.2432114080325007,PVsyst
Perez-Driesse,A,all_edges_minus_0p05,coordinated,Mixed/broken,3,0.35000000000000003,0.5499999999999999,523,30.57690200800246,12.691224324463096,523,28.426249333141218,7.567187491615504,2.1506526748612416,PVsyst
Perez-Driesse,A,all_edges_minus_0p05,coordinated,Mostly clear,4,0.5499999999999999,0.7,348,19.165433381820314,7.182968523014967,348,17.6132421557068,1.0161591099000045,1.5521912261135142,PVsyst
Perez-Driesse,A,all_edges_minus_0p05,coordinated,Clear,5,0.7,,442,14.599643448493737,-2.5142232403524387,442,16.203520457670226,-8.848921300426856,-1.6038770091764896,IDA ICE
Perez-Driesse,A,all_edges_plus_0p05,coordinated,Overcast/very cloudy,1,0.0,0.25,1915,61.62184590824103,-1.0623220389124466,1915,59.95077618387155,-3.9239917342449635,1.671069724369481,PVsyst
Perez-Driesse,A,all_edges_plus_0p05,coordinated,Cloudy,2,0.25,0.45,589,37.135643290871926,14.233675038903312,589,34.83317723332438,8.964653059097849,2.302466057547548,PVsyst
Perez-Driesse,A,all_edges_plus_0p05,coordinated,Mixed/broken,3,0.45,0.65,468,23.64802134544191,9.514536410240328,468,21.74859452002052,3.9213972010987836,1.89942682542139,PVsyst
Perez-Driesse,A,all_edges_plus_0p05,coordinated,Mostly clear,4,0.65,0.8,291,14.092449346364095,4.262859778834658,291,13.584717235372551,-2.4423201483501193,0.5077321109915438,PVsyst
Perez-Driesse,A,all_edges_plus_0p05,coordinated,Clear,5,0.8,,271,15.657609100856343,-6.832982499303405,271,18.425110801238468,-12.765324729478907,-2.767501700382125,IDA ICE
Perez-Driesse,A,edge_1_minus_0p05,one_at_a_time,Overcast/very cloudy,1,0.0,0.15000000000000002,1467,70.25900035228378,-6.5565630544199225,1467,65.10410510631066,-6.266391258228094,5.1548952459731225,PVsyst
Perez-Driesse,A,edge_1_minus_0p05,one_at_a_time,Cloudy,2,0.15000000000000002,0.4,897,40.653311401876664,10.224392334769288,897,39.10544370369086,4.880422930296156,1.5478676981858044,PVsyst
Perez-Driesse,A,edge_1_minus_0p05,one_at_a_time,Mixed/broken,3,0.4,0.6,497,27.526020299954713,11.706724105417571,497,25.31819335231783,6.294701233488063,2.2078269476368817,PVsyst
Perez-Driesse,A,edge_1_minus_0p05,one_at_a_time,Mostly clear,4,0.6,0.75,336,15.921163912314729,4.948125635058421,336,15.15069795697038,-1.5057171939303906,0.7704659553443491,PVsyst
Perez-Driesse,A,edge_1_minus_0p05,one_at_a_time,Clear,5,0.75,,337,15.229933109934374,-4.74098074282049,337,17.411790009265975,-10.90422280539406,-2.181856899331601,IDA ICE
Perez-Driesse,A,edge_1_plus_0p05,one_at_a_time,Overcast/very cloudy,1,0.0,0.25,1915,61.62184590824103,-1.0623220389124466,1915,59.95077618387155,-3.9239917342449635,1.671069724369481,PVsyst
Perez-Driesse,A,edge_1_plus_0p05,one_at_a_time,Cloudy,2,0.25,0.4,449,37.610754191794406,14.275224429104144,449,35.410148695468216,9.091856293779658,2.2006054963261903,PVsyst
Perez-Driesse,A,edge_1_plus_0p05,one_at_a_time,Mixed/broken,3,0.4,0.6,497,27.526020299954713,11.706724105417571,497,25.31819335231783,6.294701233488063,2.2078269476368817,PVsyst
Perez-Driesse,A,edge_1_plus_0p05,one_at_a_time,Mostly clear,4,0.6,0.75,336,15.921163912314729,4.948125635058421,336,15.15069795697038,-1.5057171939303906,0.7704659553443491,PVsyst
Perez-Driesse,A,edge_1_plus_0p05,one_at_a_time,Clear,5,0.75,,337,15.229933109934374,-4.74098074282049,337,17.411790009265975,-10.90422280539406,-2.181856899331601,IDA ICE
Perez-Driesse,A,edge_2_minus_0p05,one_at_a_time,Overcast/very cloudy,1,0.0,0.2,1713,67.31417084443339,-4.112586886898804,1713,64.95501152283308,-6.0802734229833355,2.359159321600316,PVsyst
Perez-Driesse,A,edge_2_minus_0p05,one_at_a_time,Cloudy,2,0.2,0.35000000000000003,508,39.53175715295503,11.874460702386198,508,37.8983239772776,6.462903329238589,1.6334331756774318,PVsyst
Perez-Driesse,A,edge_2_minus_0p05,one_at_a_time,Mixed/broken,3,0.35000000000000003,0.6,640,28.850859521822763,12.217356123332529,640,26.60967298845937,6.908528135722679,2.2411865333633934,PVsyst
Perez-Driesse,A,edge_2_minus_0p05,one_at_a_time,Mostly clear,4,0.6,0.75,336,15.921163912314729,4.948125635058421,336,15.15069795697038,-1.5057171939303906,0.7704659553443491,PVsyst
Perez-Driesse,A,edge_2_minus_0p05,one_at_a_time,Clear,5,0.75,,337,15.229933109934374,-4.74098074282049,337,17.411790009265975,-10.90422280539406,-2.181856899331601,IDA ICE
Perez-Driesse,A,edge_2_plus_0p05,one_at_a_time,Overcast/very cloudy,1,0.0,0.2,1713,67.31417084443339,-4.112586886898804,1713,64.95501152283308,-6.0802734229833355,2.359159321600316,PVsyst
Perez-Driesse,A,edge_2_plus_0p05,one_at_a_time,Cloudy,2,0.2,0.45,791,38.11703624121148,13.075963902301199,791,36.037909964993666,7.78526499601279,2.0791262762178135,PVsyst
Perez-Driesse,A,edge_2_plus_0p05,one_at_a_time,Mixed/broken,3,0.45,0.6,357,25.221785311666483,10.971326440318089,357,23.0636845304378,5.574667247381927,2.1581007812286828,PVsyst
Perez-Driesse,A,edge_2_plus_0p05,one_at_a_time,Mostly clear,4,0.6,0.75,336,15.921163912314729,4.948125635058421,336,15.15069795697038,-1.5057171939303906,0.7704659553443491,PVsyst
Perez-Driesse,A,edge_2_plus_0p05,one_at_a_time,Clear,5,0.75,,337,15.229933109934374,-4.74098074282049,337,17.411790009265975,-10.90422280539406,-2.181856899331601,IDA ICE
Perez-Driesse,A,edge_3_minus_0p05,one_at_a_time,Overcast/very cloudy,1,0.0,0.2,1713,67.31417084443339,-4.112586886898804,1713,64.95501152283308,-6.0802734229833355,2.359159321600316,PVsyst
Perez-Driesse,A,edge_3_minus_0p05,one_at_a_time,Cloudy,2,0.2,0.4,651,38.548004420347496,12.715375117726108,651,36.68002996390794,7.4830354747674095,1.8679744564395548,PVsyst
Perez-Driesse,A,edge_3_minus_0p05,one_at_a_time,Mixed/broken,3,0.4,0.5499999999999999,380,29.19940658764238,12.107794033583673,380,27.108145941074874,6.889306905567382,2.0912606465675054,PVsyst
Perez-Driesse,A,edge_3_minus_0p05,one_at_a_time,Mostly clear,4,0.5499999999999999,0.75,453,17.493212712902455,6.163276598537878,453,16.329718663220795,-0.17551062167402326,1.1634940496816597,PVsyst
Perez-Driesse,A,edge_3_minus_0p05,one_at_a_time,Clear,5,0.75,,337,15.229933109934374,-4.74098074282049,337,17.411790009265975,-10.90422280539406,-2.181856899331601,IDA ICE
Perez-Driesse,A,edge_3_plus_0p05,one_at_a_time,Overcast/very cloudy,1,0.0,0.2,1713,67.31417084443339,-4.112586886898804,1713,64.95501152283308,-6.0802734229833355,2.359159321600316,PVsyst
Perez-Driesse,A,edge_3_plus_0p05,one_at_a_time,Cloudy,2,0.2,0.4,651,38.548004420347496,12.715375117726108,651,36.68002996390794,7.4830354747674095,1.8679744564395548,PVsyst
Perez-Driesse,A,edge_3_plus_0p05,one_at_a_time,Mixed/broken,3,0.4,0.65,608,25.687924240943584,10.334891063613131,608,23.70282193939463,4.764861057823131,1.9851023015489524,PVsyst
Perez-Driesse,A,edge_3_plus_0p05,one_at_a_time,Mostly clear,4,0.65,0.75,225,14.218829591859636,4.54807458710866,225,13.685092051841282,-2.063728771673661,0.5337375400183539,PVsyst
Perez-Driesse,A,edge_3_plus_0p05,one_at_a_time,Clear,5,0.75,,337,15.229933109934374,-4.74098074282049,337,17.411790009265975,-10.90422280539406,-2.181856899331601,IDA ICE
Perez-Driesse,A,edge_4_minus_0p05,one_at_a_time,Overcast/very cloudy,1,0.0,0.2,1713,67.31417084443339,-4.112586886898804,1713,64.95501152283308,-6.0802734229833355,2.359159321600316,PVsyst
Perez-Driesse,A,edge_4_minus_0p05,one_at_a_time,Cloudy,2,0.2,0.4,651,38.548004420347496,12.715375117726108,651,36.68002996390794,7.4830354747674095,1.8679744564395548,PVsyst
Perez-Driesse,A,edge_4_minus_0p05,one_at_a_time,Mixed/broken,3,0.4,0.6,497,27.526020299954713,11.706724105417571,497,25.31819335231783,6.294701233488063,2.2078269476368817,PVsyst
Perez-Driesse,A,edge_4_minus_0p05,one_at_a_time,Mostly clear,4,0.6,0.7,231,17.47678457137293,5.741456151598618,231,16.342808211266533,-0.530665004518226,1.1339763601063986,PVsyst
Perez-Driesse,A,edge_4_minus_0p05,one_at_a_time,Clear,5,0.7,,442,14.599643448493737,-2.5142232403524387,442,16.203520457670226,-8.848921300426856,-1.6038770091764896,IDA ICE
Perez-Driesse,A,edge_4_plus_0p05,one_at_a_time,Overcast/very cloudy,1,0.0,0.2,1713,67.31417084443339,-4.112586886898804,1713,64.95501152283308,-6.0802734229833355,2.359159321600316,PVsyst
Perez-Driesse,A,edge_4_plus_0p05,one_at_a_time,Cloudy,2,0.2,0.4,651,38.548004420347496,12.715375117726108,651,36.68002996390794,7.4830354747674095,1.8679744564395548,PVsyst
Perez-Driesse,A,edge_4_plus_0p05,one_at_a_time,Mixed/broken,3,0.4,0.6,497,27.526020299954713,11.706724105417571,497,25.31819335231783,6.294701233488063,2.2078269476368817,PVsyst
Perez-Driesse,A,edge_4_plus_0p05,one_at_a_time,Mostly clear,4,0.6,0.8,402,15.568096516024807,4.669152641639627,402,14.850589313993886,-1.8804070448369268,0.7175072020309212,PVsyst
Perez-Driesse,A,edge_4_plus_0p05,one_at_a_time,Clear,5,0.8,,271,15.657609100856343,-6.832982499303405,271,18.425110801238468,-12.765324729478907,-2.767501700382125,IDA ICE
Perez-Driesse,B,nominal,nominal,Overcast/very cloudy,1,0.0,0.2,1827,74.66540951723461,-1.2246642268786754,1827,71.28087163545447,1.5529009227716364,3.3845378817801333,PVsyst
Perez-Driesse,B,nominal,nominal,Cloudy,2,0.2,0.4,611,44.01724859135266,18.113837162800074,611,40.61444976883901,11.132991831708347,3.4027988225136525,PVsyst
Perez-Driesse,B,nominal,nominal,Mixed/broken,3,0.4,0.6,469,29.572945504892417,14.488514622695018,469,26.737818400767093,7.952532251201655,2.8351271041253234,PVsyst
Perez-Driesse,B,nominal,nominal,Mostly clear,4,0.6,0.75,311,16.107998547288425,7.506973435822582,311,14.306601918095097,1.4085399301700507,1.8013966291933272,PVsyst
Perez-Driesse,B,nominal,nominal,Clear,5,0.75,,350,20.165744874927192,2.6878472962046507,350,19.124787357474204,-1.9882116283254876,1.0409575174529877,PVsyst
Perez-Driesse,B,all_edges_minus_0p05,coordinated,Overcast/very cloudy,1,0.0,0.15000000000000002,1578,79.75542614665001,-4.974929364937731,1578,74.93101185089125,1.9907798198136633,4.824414295758757,PVsyst
Perez-Driesse,B,all_edges_minus_0p05,coordinated,Cloudy,2,0.15000000000000002,0.35000000000000003,715,47.679767709322654,14.479421604287024,715,45.01163184652619,8.124331664489588,2.6681358627964613,PVsyst
Perez-Driesse,B,all_edges_minus_0p05,coordinated,Mixed/broken,3,0.35000000000000003,0.5499999999999999,500,32.89669178330526,15.515316394852391,500,29.84038264067052,8.746727168038095,3.0563091426347384,PVsyst
Perez-Driesse,B,all_edges_minus_0p05,coordinated,Mostly clear,4,0.5499999999999999,0.7,334,19.691756350931392,9.78227471683591,334,17.36662775233997,3.7400411754258123,2.325128598591423,PVsyst
Perez-Driesse,B,all_edges_minus_0p05,coordinated,Clear,5,0.7,,441,18.816594024118874,3.602405143337613,441,17.73099996401367,-1.437745161812032,1.0855940601052048,PVsyst
Perez-Driesse,B,all_edges_plus_0p05,coordinated,Overcast/very cloudy,1,0.0,0.25,1993,70.66910760538521,2.950683764859244,1993,67.21116038536468,3.624823969377602,3.457947220020529,PVsyst
Perez-Driesse,B,all_edges_plus_0p05,coordinated,Cloudy,2,0.25,0.45,573,41.49674996787597,18.251941074339246,573,38.226536786759475,11.152009964237607,3.270213181116496,PVsyst
Perez-Driesse,B,all_edges_plus_0p05,coordinated,Mixed/broken,3,0.45,0.65,447,24.956169596838414,12.041084038815942,447,22.25825376948941,5.773864840563745,2.6979158273490036,PVsyst
Perez-Driesse,B,all_edges_plus_0p05,coordinated,Mostly clear,4,0.65,0.8,270,15.045343496337072,7.6993622203640895,270,13.157984989077768,1.5109078401308382,1.8873585072593038,PVsyst
Perez-Driesse,B,all_edges_plus_0p05,coordinated,Clear,5,0.8,,285,21.175122954557,0.8261069813787596,285,20.509966241382134,-3.417732750036135,0.6651567131748664,PVsyst
Perez-Driesse,B,edge_1_minus_0p05,one_at_a_time,Overcast/very cloudy,1,0.0,0.15000000000000002,1578,79.75542614665001,-4.974929364937731,1578,74.93101185089125,1.9907798198136633,4.824414295758757,PVsyst
Perez-Driesse,B,edge_1_minus_0p05,one_at_a_time,Cloudy,2,0.15000000000000002,0.4,860,45.96332871706393,15.518182226290314,860,42.827098320706334,9.029334369163916,3.136230396357597,PVsyst
Perez-Driesse,B,edge_1_minus_0p05,one_at_a_time,Mixed/broken,3,0.4,0.6,469,29.572945504892417,14.488514622695018,469,26.737818400767093,7.952532251201655,2.8351271041253234,PVsyst
Perez-Driesse,B,edge_1_minus_0p05,one_at_a_time,Mostly clear,4,0.6,0.75,311,16.107998547288425,7.506973435822582,311,14.306601918095097,1.4085399301700507,1.8013966291933272,PVsyst
Perez-Driesse,B,edge_1_minus_0p05,one_at_a_time,Clear,5,0.75,,350,20.165744874927192,2.6878472962046507,350,19.124787357474204,-1.9882116283254876,1.0409575174529877,PVsyst
Perez-Driesse,B,edge_1_plus_0p05,one_at_a_time,Overcast/very cloudy,1,0.0,0.25,1993,70.66910760538521,2.950683764859244,1993,67.21116038536468,3.624823969377602,3.457947220020529,PVsyst
Perez-Driesse,B,edge_1_plus_0p05,one_at_a_time,Cloudy,2,0.25,0.4,445,42.908045476109834,18.350325450803258,445,39.416787168417166,11.24614452275737,3.491258307692668,PVsyst
Perez-Driesse,B,edge_1_plus_0p05,one_at_a_time,Mixed/broken,3,0.4,0.6,469,29.572945504892417,14.488514622695018,469,26.737818400767093,7.952532251201655,2.8351271041253234,PVsyst
Perez-Driesse,B,edge_1_plus_0p05,one_at_a_time,Mostly clear,4,0.6,0.75,311,16.107998547288425,7.506973435822582,311,14.306601918095097,1.4085399301700507,1.8013966291933272,PVsyst
Perez-Driesse,B,edge_1_plus_0p05,one_at_a_time,Clear,5,0.75,,350,20.165744874927192,2.6878472962046507,350,19.124787357474204,-1.9882116283254876,1.0409575174529877,PVsyst
Perez-Driesse,B,edge_2_minus_0p05,one_at_a_time,Overcast/very cloudy,1,0.0,0.2,1827,74.66540951723461,-1.2246642268786754,1827,71.28087163545447,1.5529009227716364,3.3845378817801333,PVsyst
Perez-Driesse,B,edge_2_minus_0p05,one_at_a_time,Cloudy,2,0.2,0.35000000000000003,466,45.771113231987066,17.834946460825314,466,42.79131574145295,10.820631692311006,2.979797490534118,PVsyst
Perez-Driesse,B,edge_2_minus_0p05,one_at_a_time,Mixed/broken,3,0.35000000000000003,0.6,614,31.31145532990803,15.224573968332503,614,28.25694299882091,8.62486834198519,3.0545123310871176,PVsyst
Perez-Driesse,B,edge_2_minus_0p05,one_at_a_time,Mostly clear,4,0.6,0.75,311,16.107998547288425,7.506973435822582,311,14.306601918095097,1.4085399301700507,1.8013966291933272,PVsyst
Perez-Driesse,B,edge_2_minus_0p05,one_at_a_time,Clear,5,0.75,,350,20.165744874927192,2.6878472962046507,350,19.124787357474204,-1.9882116283254876,1.0409575174529877,PVsyst
Perez-Driesse,B,edge_2_plus_0p05,one_at_a_time,Overcast/very cloudy,1,0.0,0.2,1827,74.66540951723461,-1.2246642268786754,1827,71.28087163545447,1.5529009227716364,3.3845378817801333,PVsyst
Perez-Driesse,B,edge_2_plus_0p05,one_at_a_time,Cloudy,2,0.2,0.45,739,42.67137939474264,18.08871201136193,739,39.42124959884698,11.081219526014017,3.25012979589566,PVsyst
Perez-Driesse,B,edge_2_plus_0p05,one_at_a_time,Mixed/broken,3,0.45,0.6,341,27.32900539501958,13.482545696364582,341,24.450502222030497,7.104634874054596,2.878503172989081,PVsyst
Perez-Driesse,B,edge_2_plus_0p05,one_at_a_time,Mostly clear,4,0.6,0.75,311,16.107998547288425,7.506973435822582,311,14.306601918095097,1.4085399301700507,1.8013966291933272,PVsyst
Perez-Driesse,B,edge_2_plus_0p05,one_at_a_time,Clear,5,0.75,,350,20.165744874927192,2.6878472962046507,350,19.124787357474204,-1.9882116283254876,1.0409575174529877,PVsyst
Perez-Driesse,B,edge_3_minus_0p05,one_at_a_time,Overcast/very cloudy,1,0.0,0.2,1827,74.66540951723461,-1.2246642268786754,1827,71.28087163545447,1.5529009227716364,3.3845378817801333,PVsyst
Perez-Driesse,B,edge_3_minus_0p05,one_at_a_time,Cloudy,2,0.2,0.4,611,44.01724859135266,18.113837162800074,611,40.61444976883901,11.132991831708347,3.4027988225136525,PVsyst
Perez-Driesse,B,edge_3_minus_0p05,one_at_a_time,Mixed/broken,3,0.4,0.5499999999999999,355,30.94635846834513,14.575039029101264,355,28.18884652872421,7.84605165586494,2.7575119396209224,PVsyst
Perez-Driesse,B,edge_3_minus_0p05,one_at_a_time,Mostly clear,4,0.5499999999999999,0.75,425,18.356301485036262,8.977894455418433,425,16.27592409733246,2.891292855061812,2.080377387703802,PVsyst
Perez-Driesse,B,edge_3_minus_0p05,one_at_a_time,Clear,5,0.75,,350,20.165744874927192,2.6878472962046507,350,19.124787357474204,-1.9882116283254876,1.0409575174529877,PVsyst
Perez-Driesse,B,edge_3_plus_0p05,one_at_a_time,Overcast/very cloudy,1,0.0,0.2,1827,74.66540951723461,-1.2246642268786754,1827,71.28087163545447,1.5529009227716364,3.3845378817801333,PVsyst
Perez-Driesse,B,edge_3_plus_0p05,one_at_a_time,Cloudy,2,0.2,0.4,611,44.01724859135266,18.113837162800074,611,40.61444976883901,11.132991831708347,3.4027988225136525,PVsyst
Perez-Driesse,B,edge_3_plus_0p05,one_at_a_time,Mixed/broken,3,0.4,0.65,575,27.062117448862487,13.046753505229795,575,24.371068798871175,6.641017657762065,2.6910486499913127,PVsyst
Perez-Driesse,B,edge_3_plus_0p05,one_at_a_time,Mostly clear,4,0.65,0.75,205,14.671099429799767,7.041109498499427,205,13.099580537635036,0.8961616737569394,1.5715188921647307,PVsyst
Perez-Driesse,B,edge_3_plus_0p05,one_at_a_time,Clear,5,0.75,,350,20.165744874927192,2.6878472962046507,350,19.124787357474204,-1.9882116283254876,1.0409575174529877,PVsyst
Perez-Driesse,B,edge_4_minus_0p05,one_at_a_time,Overcast/very cloudy,1,0.0,0.2,1827,74.66540951723461,-1.2246642268786754,1827,71.28087163545447,1.5529009227716364,3.3845378817801333,PVsyst
Perez-Driesse,B,edge_4_minus_0p05,one_at_a_time,Cloudy,2,0.2,0.4,611,44.01724859135266,18.113837162800074,611,40.61444976883901,11.132991831708347,3.4027988225136525,PVsyst
Perez-Driesse,B,edge_4_minus_0p05,one_at_a_time,Mixed/broken,3,0.4,0.6,469,29.572945504892417,14.488514622695018,469,26.737818400767093,7.952532251201655,2.8351271041253234,PVsyst
Perez-Driesse,B,edge_4_minus_0p05,one_at_a_time,Mostly clear,4,0.6,0.7,220,16.96722304316179,7.949246494064926,220,14.937693385700177,1.9077547400702306,2.029529657461614,PVsyst
Perez-Driesse,B,edge_4_minus_0p05,one_at_a_time,Clear,5,0.7,,441,18.816594024118874,3.602405143337613,441,17.73099996401367,-1.437745161812032,1.0855940601052048,PVsyst
Perez-Driesse,B,edge_4_plus_0p05,one_at_a_time,Overcast/very cloudy,1,0.0,0.2,1827,74.66540951723461,-1.2246642268786754,1827,71.28087163545447,1.5529009227716364,3.3845378817801333,PVsyst
Perez-Driesse,B,edge_4_plus_0p05,one_at_a_time,Cloudy,2,0.2,0.4,611,44.01724859135266,18.113837162800074,611,40.61444976883901,11.132991831708347,3.4027988225136525,PVsyst
Perez-Driesse,B,edge_4_plus_0p05,one_at_a_time,Mixed/broken,3,0.4,0.6,469,29.572945504892417,14.488514622695018,469,26.737818400767093,7.952532251201655,2.8351271041253234,PVsyst
Perez-Driesse,B,edge_4_plus_0p05,one_at_a_time,Mostly clear,4,0.6,0.8,376,16.124563900004286,7.912465149319278,376,14.138222965362385,1.773563795462008,1.9863409346419019,PVsyst
Perez-Driesse,B,edge_4_plus_0p05,one_at_a_time,Clear,5,0.8,,285,21.175122954557,0.8261069813787596,285,20.509966241382134,-3.417732750036135,0.6651567131748664,PVsyst
Perez-Driesse,C,nominal,nominal,Overcast/very cloudy,1,0.0,0.2,1827,90.36078371174024,-8.883960180155286,1827,93.81927799018476,22.27370178047801,-3.458494278444519,IDA ICE
Perez-Driesse,C,nominal,nominal,Cloudy,2,0.2,0.4,611,47.564012387824626,18.03710530916624,611,50.0829641973792,25.21851403737682,-2.518951809554572,IDA ICE
Perez-Driesse,C,nominal,nominal,Mixed/broken,3,0.4,0.6,469,32.47795145880991,17.887620979998932,469,32.06691103208594,18.24215803263935,0.41104042672397156,PVsyst
Perez-Driesse,C,nominal,nominal,Mostly clear,4,0.6,0.75,311,21.895087089175263,15.175035588900284,311,17.732041817883445,10.349066185628283,4.163045271291818,PVsyst
Perez-Driesse,C,nominal,nominal,Clear,5,0.75,,350,22.80369835264723,8.833247399491,350,19.587817771406524,6.611045470363754,3.2158805812407074,PVsyst
Perez-Driesse,C,all_edges_minus_0p05,coordinated,Overcast/very cloudy,1,0.0,0.15000000000000002,1578,102.89448814328652,-16.405256629696762,1578,107.5080673607367,25.73104404865689,-4.61357921745018,IDA ICE
Perez-Driesse,C,all_edges_minus_0p05,coordinated,Cloudy,2,0.15000000000000002,0.35000000000000003,715,51.508625804148224,13.04360902161124,715,54.39571318362544,23.25254930846281,-2.887087379477215,IDA ICE
Perez-Driesse,C,all_edges_minus_0p05,coordinated,Mixed/broken,3,0.35000000000000003,0.5499999999999999,500,35.65267408295962,18.197018897996166,500,36.09670627061326,19.908460854874775,-0.44403218765364016,IDA ICE
Perez-Driesse,C,all_edges_minus_0p05,coordinated,Mostly clear,4,0.5499999999999999,0.7,334,24.57836952571854,16.08500014082206,334,21.524529723996967,12.87343328119447,3.0538398017215727,PVsyst
Perez-Driesse,C,all_edges_minus_0p05,coordinated,Clear,5,0.7,,441,22.332684514262137,10.432526331556753,441,18.60640243064468,7.193737950227621,3.726282083617459,PVsyst
Perez-Driesse,C,all_edges_plus_0p05,coordinated,Overcast/very cloudy,1,0.0,0.25,1993,83.2193572439777,-2.5886489366603893,1993,88.13886240391436,23.855818135799574,-4.919505159936662,IDA ICE
Perez-Driesse,C,all_edges_plus_0p05,coordinated,Cloudy,2,0.25,0.45,573,44.723549477524344,18.991387320000015,573,46.30937857421377,23.968648787081147,-1.585829096689423,IDA ICE
Perez-Driesse,C,all_edges_plus_0p05,coordinated,Mixed/broken,3,0.45,0.65,447,28.624311009443883,16.639815133671576,447,27.189042587390833,15.487338599306835,1.4352684220530492,PVsyst
Perez-Driesse,C,all_edges_plus_0p05,coordinated,Mostly clear,4,0.65,0.8,270,21.04062279073409,15.89950435306449,270,15.93113143938126,10.01839650368939,5.10949135135283,PVsyst
Perez-Driesse,C,all_edges_plus_0p05,coordinated,Clear,5,0.8,,285,22.981899486587935,6.318191951534464,285,20.52652667452865,5.349441598039449,2.4553728120592844,PVsyst
Perez-Driesse,C,edge_1_minus_0p05,one_at_a_time,Overcast/very cloudy,1,0.0,0.15000000000000002,1578,102.89448814328652,-16.405256629696762,1578,107.5080673607367,25.73104404865689,-4.61357921745018,IDA ICE
Perez-Driesse,C,edge_1_minus_0p05,one_at_a_time,Cloudy,2,0.15000000000000002,0.4,860,49.78895411355114,14.903203372121961,860,52.23790398161755,23.64001366484052,-2.448949868066407,IDA ICE
Perez-Driesse,C,edge_1_minus_0p05,one_at_a_time,Mixed/broken,3,0.4,0.6,469,32.47795145880991,17.887620979998932,469,32.06691103208594,18.24215803263935,0.41104042672397156,PVsyst
Perez-Driesse,C,edge_1_minus_0p05,one_at_a_time,Mostly clear,4,0.6,0.75,311,21.895087089175263,15.175035588900284,311,17.732041817883445,10.349066185628283,4.163045271291818,PVsyst
Perez-Driesse,C,edge_1_minus_0p05,one_at_a_time,Clear,5,0.75,,350,22.80369835264723,8.833247399491,350,19.587817771406524,6.611045470363754,3.2158805812407074,PVsyst
Perez-Driesse,C,edge_1_plus_0p05,one_at_a_time,Overcast/very cloudy,1,0.0,0.25,1993,83.2193572439777,-2.5886489366603893,1993,88.13886240391436,23.855818135799574,-4.919505159936662,IDA ICE
Perez-Driesse,C,edge_1_plus_0p05,one_at_a_time,Cloudy,2,0.25,0.4,445,46.31746166309785,18.416831428325505,445,48.20143444296608,24.36231340910905,-1.8839727798682304,IDA ICE
Perez-Driesse,C,edge_1_plus_0p05,one_at_a_time,Mixed/broken,3,0.4,0.6,469,32.47795145880991,17.887620979998932,469,32.06691103208594,18.24215803263935,0.41104042672397156,PVsyst
Perez-Driesse,C,edge_1_plus_0p05,one_at_a_time,Mostly clear,4,0.6,0.75,311,21.895087089175263,15.175035588900284,311,17.732041817883445,10.349066185628283,4.163045271291818,PVsyst
Perez-Driesse,C,edge_1_plus_0p05,one_at_a_time,Clear,5,0.75,,350,22.80369835264723,8.833247399491,350,19.587817771406524,6.611045470363754,3.2158805812407074,PVsyst
Perez-Driesse,C,edge_2_minus_0p05,one_at_a_time,Overcast/very cloudy,1,0.0,0.2,1827,90.36078371174024,-8.883960180155286,1827,93.81927799018476,22.27370178047801,-3.458494278444519,IDA ICE
Perez-Driesse,C,edge_2_minus_0p05,one_at_a_time,Cloudy,2,0.2,0.35000000000000003,466,49.25050407158788,16.914107896617576,466,52.38848927118153,25.396914971400523,-3.1379851995936434,IDA ICE
Perez-Driesse,C,edge_2_minus_0p05,one_at_a_time,Mixed/broken,3,0.35000000000000003,0.6,614,34.31785726308882,18.341958126604933,614,34.17370579274612,19.361223438097877,0.14415147034269893,PVsyst
Perez-Driesse,C,edge_2_minus_0p05,one_at_a_time,Mostly clear,4,0.6,0.75,311,21.895087089175263,15.175035588900284,311,17.732041817883445,10.349066185628283,4.163045271291818,PVsyst
Perez-Driesse,C,edge_2_minus_0p05,one_at_a_time,Clear,5,0.75,,350,22.80369835264723,8.833247399491,350,19.587817771406524,6.611045470363754,3.2158805812407074,PVsyst
Perez-Driesse,C,edge_2_plus_0p05,one_at_a_time,Overcast/very cloudy,1,0.0,0.2,1827,90.36078371174024,-8.883960180155286,1827,93.81927799018476,22.27370178047801,-3.458494278444519,IDA ICE
Perez-Driesse,C,edge_2_plus_0p05,one_at_a_time,Cloudy,2,0.2,0.45,739,46.04436799941954,18.619730738490837,739,48.121267374603875,24.671445106039204,-2.0768993751843325,IDA ICE
Perez-Driesse,C,edge_2_plus_0p05,one_at_a_time,Mixed/broken,3,0.45,0.6,341,30.31728350500823,17.185022681872645,341,29.516579751573595,16.900049936600734,0.800703753434636,PVsyst
Perez-Driesse,C,edge_2_plus_0p05,one_at_a_time,Mostly clear,4,0.6,0.75,311,21.895087089175263,15.175035588900284,311,17.732041817883445,10.349066185628283,4.163045271291818,PVsyst
Perez-Driesse,C,edge_2_plus_0p05,one_at_a_time,Clear,5,0.75,,350,22.80369835264723,8.833247399491,350,19.587817771406524,6.611045470363754,3.2158805812407074,PVsyst
Perez-Driesse,C,edge_3_minus_0p05,one_at_a_time,Overcast/very cloudy,1,0.0,0.2,1827,90.36078371174024,-8.883960180155286,1827,93.81927799018476,22.27370178047801,-3.458494278444519,IDA ICE
Perez-Driesse,C,edge_3_minus_0p05,one_at_a_time,Cloudy,2,0.2,0.4,611,47.564012387824626,18.03710530916624,611,50.0829641973792,25.21851403737682,-2.518951809554572,IDA ICE
Perez-Driesse,C,edge_3_minus_0p05,one_at_a_time,Mixed/broken,3,0.4,0.5499999999999999,355,33.49802221443068,17.521455698248417,355,33.71305777005633,18.503294678097767,-0.21503555562565424,IDA ICE
Perez-Driesse,C,edge_3_minus_0p05,one_at_a_time,Mostly clear,4,0.5499999999999999,0.75,425,23.629060088753416,15.97077492148925,425,20.028052632153106,11.931083416815175,3.6010074566003105,PVsyst
Perez-Driesse,C,edge_3_minus_0p05,one_at_a_time,Clear,5,0.75,,350,22.80369835264723,8.833247399491,350,19.587817771406524,6.611045470363754,3.2158805812407074,PVsyst
Perez-Driesse,C,edge_3_plus_0p05,one_at_a_time,Overcast/very cloudy,1,0.0,0.2,1827,90.36078371174024,-8.883960180155286,1827,93.81927799018476,22.27370178047801,-3.458494278444519,IDA ICE
Perez-Driesse,C,edge_3_plus_0p05,one_at_a_time,Cloudy,2,0.2,0.4,611,47.564012387824626,18.03710530916624,611,50.0829641973792,25.21851403737682,-2.518951809554572,IDA ICE
Perez-Driesse,C,edge_3_plus_0p05,one_at_a_time,Mixed/broken,3,0.4,0.65,575,30.546459509558954,17.26363030787261,575,29.514509550679875,16.740784914709362,1.0319499588790784,PVsyst
Perez-Driesse,C,edge_3_plus_0p05,one_at_a_time,Mostly clear,4,0.65,0.75,205,20.720644599845034,15.116680915723416,205,15.928086315322574,9.582607998272554,4.79255828452246,PVsyst
Perez-Driesse,C,edge_3_plus_0p05,one_at_a_time,Clear,5,0.75,,350,22.80369835264723,8.833247399491,350,19.587817771406524,6.611045470363754,3.2158805812407074,PVsyst
Perez-Driesse,C,edge_4_minus_0p05,one_at_a_time,Overcast/very cloudy,1,0.0,0.2,1827,90.36078371174024,-8.883960180155286,1827,93.81927799018476,22.27370178047801,-3.458494278444519,IDA ICE
Perez-Driesse,C,edge_4_minus_0p05,one_at_a_time,Cloudy,2,0.2,0.4,611,47.564012387824626,18.03710530916624,611,50.0829641973792,25.21851403737682,-2.518951809554572,IDA ICE
Perez-Driesse,C,edge_4_minus_0p05,one_at_a_time,Mixed/broken,3,0.4,0.6,469,32.47795145880991,17.887620979998932,469,32.06691103208594,18.24215803263935,0.41104042672397156,PVsyst
Perez-Driesse,C,edge_4_minus_0p05,one_at_a_time,Mostly clear,4,0.6,0.7,220,22.419933222304216,14.964361170985022,220,18.811458078987574,10.93928281801149,3.6084751433166424,PVsyst
Perez-Driesse,C,edge_4_minus_0p05,one_at_a_time,Clear,5,0.7,,441,22.332684514262137,10.432526331556753,441,18.60640243064468,7.193737950227621,3.726282083617459,PVsyst
Perez-Driesse,C,edge_4_plus_0p05,one_at_a_time,Overcast/very cloudy,1,0.0,0.2,1827,90.36078371174024,-8.883960180155286,1827,93.81927799018476,22.27370178047801,-3.458494278444519,IDA ICE
Perez-Driesse,C,edge_4_plus_0p05,one_at_a_time,Cloudy,2,0.2,0.4,611,47.564012387824626,18.03710530916624,611,50.0829641973792,25.21851403737682,-2.518951809554572,IDA ICE
Perez-Driesse,C,edge_4_plus_0p05,one_at_a_time,Mixed/broken,3,0.4,0.6,469,32.47795145880991,17.887620979998932,469,32.06691103208594,18.24215803263935,0.41104042672397156,PVsyst
Perez-Driesse,C,edge_4_plus_0p05,one_at_a_time,Mostly clear,4,0.6,0.8,376,21.922347899713852,15.745139362469668,376,17.42136402009572,10.536344251297153,4.500983879618133,PVsyst
Perez-Driesse,C,edge_4_plus_0p05,one_at_a_time,Clear,5,0.8,,285,22.981899486587935,6.318191951534464,285,20.52652667452865,5.349441598039449,2.4553728120592844,PVsyst
Engerer2,A,nominal,nominal,Overcast/very cloudy,1,0.0,0.2,1713,71.9224816810483,3.3543506075959315,1713,67.40395590842738,-4.079141750164881,4.518525772620919,PVsyst
Engerer2,A,nominal,nominal,Cloudy,2,0.2,0.4,651,43.926432537530594,19.775318493891245,651,38.876061127899085,12.112675151948494,5.050371409631509,PVsyst
Engerer2,A,nominal,nominal,Mixed/broken,3,0.4,0.6,497,28.961704689353674,12.934714816143405,497,25.997266864052705,8.224195627290689,2.964437825300969,PVsyst
Engerer2,A,nominal,nominal,Mostly clear,4,0.6,0.75,336,16.719850337121436,3.9986765757770213,336,15.63724447567176,-1.0867285936879263,1.0826058614496752,PVsyst
Engerer2,A,nominal,nominal,Clear,5,0.75,,337,16.712769900270708,-7.367507065238761,337,16.995960452374128,-10.478858503742734,-0.28319055210342015,IDA ICE
Engerer2,A,all_edges_minus_0p05,coordinated,Overcast/very cloudy,1,0.0,0.15000000000000002,1467,72.39986181080715,-0.3333099562919785,1467,67.68027160853926,-6.124536282335585,4.719590202267895,PVsyst
Engerer2,A,all_edges_minus_0p05,coordinated,Cloudy,2,0.15000000000000002,0.35000000000000003,754,46.969576941763144,16.72669161870376,754,42.459864989340076,8.395783754487363,4.509711952423068,PVsyst
Engerer2,A,all_edges_minus_0p05,coordinated,Mixed/broken,3,0.35000000000000003,0.5499999999999999,523,33.299227394128906,15.590994260454838,523,29.627196509104003,10.199969400241148,3.6720308850249026,PVsyst
Engerer2,A,all_edges_minus_0p05,coordinated,Mostly clear,4,0.5499999999999999,0.7,348,19.72185698478941,6.217101767246853,348,18.13465642797885,1.4749264884374178,1.5872005568105614,PVsyst
Engerer2,A,all_edges_minus_0p05,coordinated,Clear,5,0.7,,442,15.932046165495734,-4.602494599213309,442,15.975496566457284,-8.362733083061483,-0.04345040096155017,IDA ICE
Engerer2,A,all_edges_plus_0p05,coordinated,Overcast/very cloudy,1,0.0,0.25,1915,66.93011208416037,6.944048703673432,1915,61.49273590862193,-1.2477842290091166,5.437376175538439,PVsyst
Engerer2,A,all_edges_plus_0p05,coordinated,Cloudy,2,0.25,0.45,589,41.61702085604999,19.726800510491287,589,37.11531594441272,13.415854102106698,4.501704911637269,PVsyst
Engerer2,A,all_edges_plus_0p05,coordinated,Mixed/broken,3,0.45,0.65,468,24.610501787820702,9.467881041999284,468,22.16371896893653,4.931109659362742,2.4467828188841736,PVsyst
Engerer2,A,all_edges_plus_0p05,coordinated,Mostly clear,4,0.65,0.8,291,14.80041465491658,3.56373928582592,291,13.98411491504744,-1.8611723051980036,0.8162997398691392,PVsyst
Engerer2,A,all_edges_plus_0p05,coordinated,Clear,5,0.8,,271,17.355445192867673,-10.021791114864122,271,17.94481566921272,-12.483857175978983,-0.5893704763450458,IDA ICE
Engerer2,A,edge_1_minus_0p05,one_at_a_time,Overcast/very cloudy,1,0.0,0.15000000000000002,1467,72.39986181080715,-0.3333099562919785,1467,67.68027160853926,-6.124536282335585,4.719590202267895,PVsyst
Engerer2,A,edge_1_minus_0p05,one_at_a_time,Cloudy,2,0.15000000000000002,0.4,897,46.05353201497044,17.779072735552596,897,41.246324555030306,9.613741252274854,4.8072074599401375,PVsyst
Engerer2,A,edge_1_minus_0p05,one_at_a_time,Mixed/broken,3,0.4,0.6,497,28.961704689353674,12.934714816143405,497,25.997266864052705,8.224195627290689,2.964437825300969,PVsyst
Engerer2,A,edge_1_minus_0p05,one_at_a_time,Mostly clear,4,0.6,0.75,336,16.719850337121436,3.9986765757770213,336,15.63724447567176,-1.0867285936879263,1.0826058614496752,PVsyst
Engerer2,A,edge_1_minus_0p05,one_at_a_time,Clear,5,0.75,,337,16.712769900270708,-7.367507065238761,337,16.995960452374128,-10.478858503742734,-0.28319055210342015,IDA ICE
Engerer2,A,edge_1_plus_0p05,one_at_a_time,Overcast/very cloudy,1,0.0,0.25,1915,66.93011208416037,6.944048703673432,1915,61.49273590862193,-1.2477842290091166,5.437376175538439,PVsyst
Engerer2,A,edge_1_plus_0p05,one_at_a_time,Cloudy,2,0.25,0.4,449,42.92134612560877,20.58409023977365,449,38.10149716915233,13.73407554460818,4.81984895645644,PVsyst
Engerer2,A,edge_1_plus_0p05,one_at_a_time,Mixed/broken,3,0.4,0.6,497,28.961704689353674,12.934714816143405,497,25.997266864052705,8.224195627290689,2.964437825300969,PVsyst
Engerer2,A,edge_1_plus_0p05,one_at_a_time,Mostly clear,4,0.6,0.75,336,16.719850337121436,3.9986765757770213,336,15.63724447567176,-1.0867285936879263,1.0826058614496752,PVsyst
Engerer2,A,edge_1_plus_0p05,one_at_a_time,Clear,5,0.75,,337,16.712769900270708,-7.367507065238761,337,16.995960452374128,-10.478858503742734,-0.28319055210342015,IDA ICE
Engerer2,A,edge_2_minus_0p05,one_at_a_time,Overcast/very cloudy,1,0.0,0.2,1713,71.9224816810483,3.3543506075959315,1713,67.40395590842738,-4.079141750164881,4.518525772620919,PVsyst
Engerer2,A,edge_2_minus_0p05,one_at_a_time,Cloudy,2,0.2,0.35000000000000003,508,44.53339012638743,19.133297649491755,508,39.70542085763739,11.44205810305137,4.827969268750039,PVsyst
Engerer2,A,edge_2_minus_0p05,one_at_a_time,Mixed/broken,3,0.35000000000000003,0.6,640,30.96671362900814,14.293615994015072,640,27.626624231741154,9.123734959551365,3.3400893972669863,PVsyst
Engerer2,A,edge_2_minus_0p05,one_at_a_time,Mostly clear,4,0.6,0.75,336,16.719850337121436,3.9986765757770213,336,15.63724447567176,-1.0867285936879263,1.0826058614496752,PVsyst
Engerer2,A,edge_2_minus_0p05,one_at_a_time,Clear,5,0.75,,337,16.712769900270708,-7.367507065238761,337,16.995960452374128,-10.478858503742734,-0.28319055210342015,IDA ICE
Engerer2,A,edge_2_plus_0p05,one_at_a_time,Overcast/very cloudy,1,0.0,0.2,1713,71.9224816810483,3.3543506075959315,1713,67.40395590842738,-4.079141750164881,4.518525772620919,PVsyst
Engerer2,A,edge_2_plus_0p05,one_at_a_time,Cloudy,2,0.2,0.45,791,42.774546876325445,19.271881865055356,791,38.04278732668423,12.260291795378915,4.731759549641218,PVsyst
Engerer2,A,edge_2_plus_0p05,one_at_a_time,Mixed/broken,3,0.45,0.6,357,26.19060965685153,11.468077892438945,357,23.477090031075257,6.872587807386919,2.713519625776275,PVsyst
Engerer2,A,edge_2_plus_0p05,one_at_a_time,Mostly clear,4,0.6,0.75,336,16.719850337121436,3.9986765757770213,336,15.63724447567176,-1.0867285936879263,1.0826058614496752,PVsyst
Engerer2,A,edge_2_plus_0p05,one_at_a_time,Clear,5,0.75,,337,16.712769900270708,-7.367507065238761,337,16.995960452374128,-10.478858503742734,-0.28319055210342015,IDA ICE
Engerer2,A,edge_3_minus_0p05,one_at_a_time,Overcast/very cloudy,1,0.0,0.2,1713,71.9224816810483,3.3543506075959315,1713,67.40395590842738,-4.079141750164881,4.518525772620919,PVsyst
Engerer2,A,edge_3_minus_0p05,one_at_a_time,Cloudy,2,0.2,0.4,651,43.926432537530594,19.775318493891245,651,38.876061127899085,12.112675151948494,5.050371409631509,PVsyst
Engerer2,A,edge_3_minus_0p05,one_at_a_time,Mixed/broken,3,0.4,0.5499999999999999,380,31.12672191942683,14.04792916512014,380,27.888380128337015,9.235806848720571,3.238341791089816,PVsyst
Engerer2,A,edge_3_minus_0p05,one_at_a_time,Mostly clear,4,0.5499999999999999,0.75,453,18.13576712447773,5.2855231213413205,453,16.79837667656016,0.33546345082846235,1.3373904479175707,PVsyst
Engerer2,A,edge_3_minus_0p05,one_at_a_time,Clear,5,0.75,,337,16.712769900270708,-7.367507065238761,337,16.995960452374128,-10.478858503742734,-0.28319055210342015,IDA ICE
Engerer2,A,edge_3_plus_0p05,one_at_a_time,Overcast/very cloudy,1,0.0,0.2,1713,71.9224816810483,3.3543506075959315,1713,67.40395590842738,-4.079141750164881,4.518525772620919,PVsyst
Engerer2,A,edge_3_plus_0p05,one_at_a_time,Cloudy,2,0.2,0.4,651,43.926432537530594,19.775318493891245,651,38.876061127899085,12.112675151948494,5.050371409631509,PVsyst
Engerer2,A,edge_3_plus_0p05,one_at_a_time,Mixed/broken,3,0.4,0.65,608,27.007948136116706,10.943406265034088,608,24.319964551843647,6.308318868129299,2.6879835842730593,PVsyst
Engerer2,A,edge_3_plus_0p05,one_at_a_time,Mostly clear,4,0.65,0.75,225,14.955123632013843,3.78948792830044,225,14.210914229212776,-1.5910518144988537,0.7442094028010668,PVsyst
Engerer2,A,edge_3_plus_0p05,one_at_a_time,Clear,5,0.75,,337,16.712769900270708,-7.367507065238761,337,16.995960452374128,-10.478858503742734,-0.28319055210342015,IDA ICE
Engerer2,A,edge_4_minus_0p05,one_at_a_time,Overcast/very cloudy,1,0.0,0.2,1713,71.9224816810483,3.3543506075959315,1713,67.40395590842738,-4.079141750164881,4.518525772620919,PVsyst
Engerer2,A,edge_4_minus_0p05,one_at_a_time,Cloudy,2,0.2,0.4,651,43.926432537530594,19.775318493891245,651,38.876061127899085,12.112675151948494,5.050371409631509,PVsyst
Engerer2,A,edge_4_minus_0p05,one_at_a_time,Mixed/broken,3,0.4,0.6,497,28.961704689353674,12.934714816143405,497,25.997266864052705,8.224195627290689,2.964437825300969,PVsyst
Engerer2,A,edge_4_minus_0p05,one_at_a_time,Mostly clear,4,0.6,0.7,231,18.221580522677492,4.629251808490894,231,16.911920816656927,-0.23450103454044197,1.3096597060205646,PVsyst
Engerer2,A,edge_4_minus_0p05,one_at_a_time,Clear,5,0.7,,442,15.932046165495734,-4.602494599213309,442,15.975496566457284,-8.362733083061483,-0.04345040096155017,IDA ICE
Engerer2,A,edge_4_plus_0p05,one_at_a_time,Overcast/very cloudy,1,0.0,0.2,1713,71.9224816810483,3.3543506075959315,1713,67.40395590842738,-4.079141750164881,4.518525772620919,PVsyst
Engerer2,A,edge_4_plus_0p05,one_at_a_time,Cloudy,2,0.2,0.4,651,43.926432537530594,19.775318493891245,651,38.876061127899085,12.112675151948494,5.050371409631509,PVsyst
Engerer2,A,edge_4_plus_0p05,one_at_a_time,Mixed/broken,3,0.4,0.6,497,28.961704689353674,12.934714816143405,497,25.997266864052705,8.224195627290689,2.964437825300969,PVsyst
Engerer2,A,edge_4_plus_0p05,one_at_a_time,Mostly clear,4,0.6,0.8,402,16.33679992069669,3.7953227503017466,402,15.251852960582124,-1.3713143370896053,1.0849469601145678,PVsyst
Engerer2,A,edge_4_plus_0p05,one_at_a_time,Clear,5,0.8,,271,17.355445192867673,-10.021791114864122,271,17.94481566921272,-12.483857175978983,-0.5893704763450458,IDA ICE
Engerer2,B,nominal,nominal,Overcast/very cloudy,1,0.0,0.2,1827,82.62830752353149,-3.7222851557060164,1827,79.3168569083025,3.4283676264277494,3.311450615228992,PVsyst
Engerer2,B,nominal,nominal,Cloudy,2,0.2,0.4,611,43.899837049962784,14.38787685662466,611,43.41413980053242,14.451897008915251,0.4856972494303662,PVsyst
Engerer2,B,nominal,nominal,Mixed/broken,3,0.4,0.6,469,28.028415478207542,11.449207381021909,469,27.629711174471726,10.39011942612064,0.39870430373581556,PVsyst
Engerer2,B,nominal,nominal,Mostly clear,4,0.6,0.75,311,15.203873735438231,0.4700109843180762,311,15.219793044543009,2.1144394094467653,-0.015919309104777568,IDA ICE
Engerer2,B,nominal,nominal,Clear,5,0.75,,350,20.192522639702144,-5.485987503731602,350,19.30805258082124,-2.0603944360785684,0.884470058880904,PVsyst
Engerer2,B,all_edges_minus_0p05,coordinated,Overcast/very cloudy,1,0.0,0.15000000000000002,1578,93.61768369032507,-5.1872514724483665,1578,87.75978315039032,3.92930988844403,5.857900539934747,PVsyst
Engerer2,B,all_edges_minus_0p05,coordinated,Cloudy,2,0.15000000000000002,0.35000000000000003,715,48.56102829548365,9.614185101993591,715,48.27638856394433,10.948374615630494,0.28463973153932187,PVsyst
Engerer2,B,all_edges_minus_0p05,coordinated,Mixed/broken,3,0.35000000000000003,0.5499999999999999,500,31.407208032408505,12.736330184121872,500,30.795999403221547,11.599884738676291,0.6112086291869581,PVsyst
Engerer2,B,all_edges_minus_0p05,coordinated,Mostly clear,4,0.5499999999999999,0.7,334,18.107109187150613,4.819397025811693,334,18.303543215355372,4.775634347766591,-0.19643402820475941,IDA ICE
Engerer2,B,all_edges_minus_0p05,coordinated,Clear,5,0.7,,441,18.89024376723242,-5.044309523885737,441,18.058343164622492,-1.3141865148950516,0.8319006026099274,PVsyst
Engerer2,B,all_edges_plus_0p05,coordinated,Overcast/very cloudy,1,0.0,0.25,1993,76.44730154885998,0.0514360308457592,1993,74.01672271913459,5.914221410631699,2.430578829725391,PVsyst
Engerer2,B,all_edges_plus_0p05,coordinated,Cloudy,2,0.25,0.45,573,40.9106294394259,15.262206607011636,573,40.346870004746464,14.635467847534853,0.563759434679433,PVsyst
Engerer2,B,all_edges_plus_0p05,coordinated,Mixed/broken,3,0.45,0.65,447,23.36856132312745,8.358993340267073,447,23.069774050773763,7.471990254318161,0.29878727235368885,PVsyst
Engerer2,B,all_edges_plus_0p05,coordinated,Mostly clear,4,0.65,0.8,270,14.437269034679694,-1.5900200090175949,270,14.037766648956143,2.151689557688339,0.3995023857235509,PVsyst
Engerer2,B,all_edges_plus_0p05,coordinated,Clear,5,0.8,,285,21.339806953962533,-6.260356439546964,285,20.694790111259707,-3.7623868535781195,0.6450168427028267,PVsyst
Engerer2,B,edge_1_minus_0p05,one_at_a_time,Overcast/very cloudy,1,0.0,0.15000000000000002,1578,93.61768369032507,-5.1872514724483665,1578,87.75978315039032,3.92930988844403,5.857900539934747,PVsyst
Engerer2,B,edge_1_minus_0p05,one_at_a_time,Cloudy,2,0.15000000000000002,0.4,860,46.062750531805406,11.227863974222489,860,45.58880917281369,12.032317499129828,0.4739413589917163,PVsyst
Engerer2,B,edge_1_minus_0p05,one_at_a_time,Mixed/broken,3,0.4,0.6,469,28.028415478207542,11.449207381021909,469,27.629711174471726,10.39011942612064,0.39870430373581556,PVsyst
Engerer2,B,edge_1_minus_0p05,one_at_a_time,Mostly clear,4,0.6,0.75,311,15.203873735438231,0.4700109843180762,311,15.219793044543009,2.1144394094467653,-0.015919309104777568,IDA ICE
Engerer2,B,edge_1_minus_0p05,one_at_a_time,Clear,5,0.75,,350,20.192522639702144,-5.485987503731602,350,19.30805258082124,-2.0603944360785684,0.884470058880904,PVsyst
Engerer2,B,edge_1_plus_0p05,one_at_a_time,Overcast/very cloudy,1,0.0,0.25,1993,76.44730154885998,0.0514360308457592,1993,74.01672271913459,5.914221410631699,2.430578829725391,PVsyst
Engerer2,B,edge_1_plus_0p05,one_at_a_time,Cloudy,2,0.25,0.4,445,42.656803368750225,14.765320195760903,445,42.133725803909286,14.465757268761081,0.5230775648409391,PVsyst
Engerer2,B,edge_1_plus_0p05,one_at_a_time,Mixed/broken,3,0.4,0.6,469,28.028415478207542,11.449207381021909,469,27.629711174471726,10.39011942612064,0.39870430373581556,PVsyst
Engerer2,B,edge_1_plus_0p05,one_at_a_time,Mostly clear,4,0.6,0.75,311,15.203873735438231,0.4700109843180762,311,15.219793044543009,2.1144394094467653,-0.015919309104777568,IDA ICE
Engerer2,B,edge_1_plus_0p05,one_at_a_time,Clear,5,0.75,,350,20.192522639702144,-5.485987503731602,350,19.30805258082124,-2.0603944360785684,0.884470058880904,PVsyst
Engerer2,B,edge_2_minus_0p05,one_at_a_time,Overcast/very cloudy,1,0.0,0.2,1827,82.62830752353149,-3.7222851557060164,1827,79.3168569083025,3.4283676264277494,3.311450615228992,PVsyst
Engerer2,B,edge_2_minus_0p05,one_at_a_time,Cloudy,2,0.2,0.35000000000000003,466,46.538590346296246,13.571031495221881,466,46.28252676243909,14.033788964175395,0.25606358385715566,PVsyst
Engerer2,B,edge_2_minus_0p05,one_at_a_time,Mixed/broken,3,0.35000000000000003,0.6,614,29.71494817585934,12.277990261518061,614,29.228320390735814,11.256303578405817,0.48662778512352745,PVsyst
Engerer2,B,edge_2_minus_0p05,one_at_a_time,Mostly clear,4,0.6,0.75,311,15.203873735438231,0.4700109843180762,311,15.219793044543009,2.1144394094467653,-0.015919309104777568,IDA ICE
Engerer2,B,edge_2_minus_0p05,one_at_a_time,Clear,5,0.75,,350,20.192522639702144,-5.485987503731602,350,19.30805258082124,-2.0603944360785684,0.884470058880904,PVsyst
Engerer2,B,edge_2_plus_0p05,one_at_a_time,Overcast/very cloudy,1,0.0,0.2,1827,82.62830752353149,-3.7222851557060164,1827,79.3168569083025,3.4283676264277494,3.311450615228992,PVsyst
Engerer2,B,edge_2_plus_0p05,one_at_a_time,Cloudy,2,0.2,0.45,739,42.215158385142374,14.900116056514548,739,41.67989933563601,14.598644570724195,0.5352590495063652,PVsyst
Engerer2,B,edge_2_plus_0p05,one_at_a_time,Mixed/broken,3,0.45,0.6,341,25.685828018877032,10.013405525254285,341,25.355726236577038,9.059324090104576,0.33010178229999454,PVsyst
Engerer2,B,edge_2_plus_0p05,one_at_a_time,Mostly clear,4,0.6,0.75,311,15.203873735438231,0.4700109843180762,311,15.219793044543009,2.1144394094467653,-0.015919309104777568,IDA ICE
Engerer2,B,edge_2_plus_0p05,one_at_a_time,Clear,5,0.75,,350,20.192522639702144,-5.485987503731602,350,19.30805258082124,-2.0603944360785684,0.884470058880904,PVsyst
Engerer2,B,edge_3_minus_0p05,one_at_a_time,Overcast/very cloudy,1,0.0,0.2,1827,82.62830752353149,-3.7222851557060164,1827,79.3168569083025,3.4283676264277494,3.311450615228992,PVsyst
Engerer2,B,edge_3_minus_0p05,one_at_a_time,Cloudy,2,0.2,0.4,611,43.899837049962784,14.38787685662466,611,43.41413980053242,14.451897008915251,0.4856972494303662,PVsyst
Engerer2,B,edge_3_minus_0p05,one_at_a_time,Mixed/broken,3,0.4,0.5499999999999999,355,29.553466432117663,11.715698642917467,355,29.03187234682243,10.49379846497164,0.5215940852952343,PVsyst
Engerer2,B,edge_3_minus_0p05,one_at_a_time,Mostly clear,4,0.5499999999999999,0.75,425,17.211405154821755,2.710864830973768,425,17.201728620060372,3.8574000267451045,0.009676534761382527,PVsyst
Engerer2,B,edge_3_minus_0p05,one_at_a_time,Clear,5,0.75,,350,20.192522639702144,-5.485987503731602,350,19.30805258082124,-2.0603944360785684,0.884470058880904,PVsyst
Engerer2,B,edge_3_plus_0p05,one_at_a_time,Overcast/very cloudy,1,0.0,0.2,1827,82.62830752353149,-3.7222851557060164,1827,79.3168569083025,3.4283676264277494,3.311450615228992,PVsyst
Engerer2,B,edge_3_plus_0p05,one_at_a_time,Cloudy,2,0.2,0.4,611,43.899837049962784,14.38787685662466,611,43.41413980053242,14.451897008915251,0.4856972494303662,PVsyst
Engerer2,B,edge_3_plus_0p05,one_at_a_time,Mixed/broken,3,0.4,0.65,575,25.544149085781203,9.726490527970318,575,25.187339540696268,8.74855831174101,0.35680954508493556,PVsyst
Engerer2,B,edge_3_plus_0p05,one_at_a_time,Mostly clear,4,0.65,0.75,205,14.054740819174022,-1.2963090781160738,205,14.190466327832363,1.434188337707593,-0.1357255086583411,IDA ICE
Engerer2,B,edge_3_plus_0p05,one_at_a_time,Clear,5,0.75,,350,20.192522639702144,-5.485987503731602,350,19.30805258082124,-2.0603944360785684,0.884470058880904,PVsyst
Engerer2,B,edge_4_minus_0p05,one_at_a_time,Overcast/very cloudy,1,0.0,0.2,1827,82.62830752353149,-3.7222851557060164,1827,79.3168569083025,3.4283676264277494,3.311450615228992,PVsyst
Engerer2,B,edge_4_minus_0p05,one_at_a_time,Cloudy,2,0.2,0.4,611,43.899837049962784,14.38787685662466,611,43.41413980053242,14.451897008915251,0.4856972494303662,PVsyst
Engerer2,B,edge_4_minus_0p05,one_at_a_time,Mixed/broken,3,0.4,0.6,469,28.028415478207542,11.449207381021909,469,27.629711174471726,10.39011942612064,0.39870430373581556,PVsyst
Engerer2,B,edge_4_minus_0p05,one_at_a_time,Mostly clear,4,0.6,0.7,220,15.514927192453953,2.387768275173018,220,15.855885639997386,2.589330181081599,-0.3409584475434322,IDA ICE
Engerer2,B,edge_4_minus_0p05,one_at_a_time,Clear,5,0.7,,441,18.89024376723242,-5.044309523885737,441,18.058343164622492,-1.3141865148950516,0.8319006026099274,PVsyst
Engerer2,B,edge_4_plus_0p05,one_at_a_time,Overcast/very cloudy,1,0.0,0.2,1827,82.62830752353149,-3.7222851557060164,1827,79.3168569083025,3.4283676264277494,3.311450615228992,PVsyst
Engerer2,B,edge_4_plus_0p05,one_at_a_time,Cloudy,2,0.2,0.4,611,43.899837049962784,14.38787685662466,611,43.41413980053242,14.451897008915251,0.4856972494303662,PVsyst
Engerer2,B,edge_4_plus_0p05,one_at_a_time,Mixed/broken,3,0.4,0.6,469,28.028415478207542,11.449207381021909,469,27.629711174471726,10.39011942612064,0.39870430373581556,PVsyst
Engerer2,B,edge_4_plus_0p05,one_at_a_time,Mostly clear,4,0.6,0.8,376,15.278626922851013,-0.059948042736430965,376,14.92957498782202,2.5259394209284016,0.34905193502899223,PVsyst
Engerer2,B,edge_4_plus_0p05,one_at_a_time,Clear,5,0.8,,285,21.339806953962533,-6.260356439546964,285,20.694790111259707,-3.7623868535781195,0.6450168427028267,PVsyst
Engerer2,C,nominal,nominal,Overcast/very cloudy,1,0.0,0.2,1827,102.12273597463641,-2.6781382847262702,1827,104.85895774114475,25.669916607471432,-2.7362217665083364,IDA ICE
Engerer2,C,nominal,nominal,Cloudy,2,0.2,0.4,611,50.91094613682646,21.82466586009352,611,54.27103167535451,28.931992846869512,-3.360085538528047,IDA ICE
Engerer2,C,nominal,nominal,Mixed/broken,3,0.4,0.6,469,34.202263692064356,20.710457281093632,469,33.718301598820254,20.717926931669787,0.4839620932441022,PVsyst
Engerer2,C,nominal,nominal,Mostly clear,4,0.6,0.75,311,22.794460867568898,15.85271081994623,311,18.525181445605593,11.000179706391762,4.269279421963304,PVsyst
Engerer2,C,nominal,nominal,Clear,5,0.75,,350,23.053398642679042,8.681940192292046,350,19.78795479852203,6.5096176630075515,3.265443844157012,PVsyst
Engerer2,C,all_edges_minus_0p05,coordinated,Overcast/very cloudy,1,0.0,0.15000000000000002,1578,123.40614006087085,-7.430931890877164,1578,124.88051709836508,29.88257705964241,-1.4743770374942216,IDA ICE
Engerer2,C,all_edges_minus_0p05,coordinated,Cloudy,2,0.15000000000000002,0.35000000000000003,715,55.057534121044014,16.208732858044083,715,59.031446099569976,26.555557629893052,-3.973911978525962,IDA ICE
Engerer2,C,all_edges_minus_0p05,coordinated,Mixed/broken,3,0.35000000000000003,0.5499999999999999,500,37.70008209288251,21.53883692855268,500,38.157870618087834,22.860738360071185,-0.45778852520532354,IDA ICE
Engerer2,C,all_edges_minus_0p05,coordinated,Mostly clear,4,0.5499999999999999,0.7,334,25.52323200051253,17.2097915892837,334,22.412826017942425,13.871102749976924,3.1104059825701036,PVsyst
Engerer2,C,all_edges_minus_0p05,coordinated,Clear,5,0.7,,441,22.799569631424806,10.485916745170643,441,18.97653709747917,7.282598459048861,3.8230325339456357,PVsyst
Engerer2,C,all_edges_plus_0p05,coordinated,Overcast/very cloudy,1,0.0,0.25,1993,92.78496537988855,3.0793423843782235,1993,97.47948867706987,27.495477798856925,-4.69452329718132,IDA ICE
Engerer2,C,all_edges_plus_0p05,coordinated,Cloudy,2,0.25,0.45,573,47.751253289988924,23.111079631067,573,49.85136799869413,27.74269944587272,-2.100114708705206,IDA ICE
Engerer2,C,all_edges_plus_0p05,coordinated,Mixed/broken,3,0.45,0.65,447,29.87439676005653,18.53531855989637,447,28.399951037821825,17.176538694730045,1.4744457222347052,PVsyst
Engerer2,C,all_edges_plus_0p05,coordinated,Mostly clear,4,0.65,0.8,270,22.091698968184446,16.53697852819269,270,16.816008405092642,10.647765043238925,5.275690563091803,PVsyst
Engerer2,C,all_edges_plus_0p05,coordinated,Clear,5,0.8,,285,22.958289405893805,5.8020497795975245,285,20.583517065086525,4.926927457692109,2.3747723408072794,PVsyst
Engerer2,C,edge_1_minus_0p05,one_at_a_time,Overcast/very cloudy,1,0.0,0.15000000000000002,1578,123.40614006087085,-7.430931890877164,1578,124.88051709836508,29.88257705964241,-1.4743770374942216,IDA ICE
Engerer2,C,edge_1_minus_0p05,one_at_a_time,Cloudy,2,0.15000000000000002,0.4,860,53.0908769530311,18.368043613531054,860,56.44134393995538,27.072902354532502,-3.350466986924282,IDA ICE
Engerer2,C,edge_1_minus_0p05,one_at_a_time,Mixed/broken,3,0.4,0.6,469,34.202263692064356,20.710457281093632,469,33.718301598820254,20.717926931669787,0.4839620932441022,PVsyst
Engerer2,C,edge_1_minus_0p05,one_at_a_time,Mostly clear,4,0.6,0.75,311,22.794460867568898,15.85271081994623,311,18.525181445605593,11.000179706391762,4.269279421963304,PVsyst
Engerer2,C,edge_1_minus_0p05,one_at_a_time,Clear,5,0.75,,350,23.053398642679042,8.681940192292046,350,19.78795479852203,6.5096176630075515,3.265443844157012,PVsyst
Engerer2,C,edge_1_plus_0p05,one_at_a_time,Overcast/very cloudy,1,0.0,0.25,1993,92.78496537988855,3.0793423843782235,1993,97.47948867706987,27.495477798856925,-4.69452329718132,IDA ICE
Engerer2,C,edge_1_plus_0p05,one_at_a_time,Cloudy,2,0.25,0.4,445,49.55023634093578,22.14248685858923,445,52.29006895346182,27.91020818184603,-2.739832612526037,IDA ICE
Engerer2,C,edge_1_plus_0p05,one_at_a_time,Mixed/broken,3,0.4,0.6,469,34.202263692064356,20.710457281093632,469,33.718301598820254,20.717926931669787,0.4839620932441022,PVsyst
Engerer2,C,edge_1_plus_0p05,one_at_a_time,Mostly clear,4,0.6,0.75,311,22.794460867568898,15.85271081994623,311,18.525181445605593,11.000179706391762,4.269279421963304,PVsyst
Engerer2,C,edge_1_plus_0p05,one_at_a_time,Clear,5,0.75,,350,23.053398642679042,8.681940192292046,350,19.78795479852203,6.5096176630075515,3.265443844157012,PVsyst
Engerer2,C,edge_2_minus_0p05,one_at_a_time,Overcast/very cloudy,1,0.0,0.2,1827,102.12273597463641,-2.6781382847262702,1827,104.85895774114475,25.669916607471432,-2.7362217665083364,IDA ICE
Engerer2,C,edge_2_minus_0p05,one_at_a_time,Cloudy,2,0.2,0.35000000000000003,466,52.97817383071526,20.439407803258465,466,57.16439428063684,29.05945521248881,-4.186220449921585,IDA ICE
Engerer2,C,edge_2_minus_0p05,one_at_a_time,Mixed/broken,3,0.35000000000000003,0.6,614,36.18127932666856,21.42912970291603,614,36.04291202111546,22.067074141999026,0.1383673055530963,PVsyst
Engerer2,C,edge_2_minus_0p05,one_at_a_time,Mostly clear,4,0.6,0.75,311,22.794460867568898,15.85271081994623,311,18.525181445605593,11.000179706391762,4.269279421963304,PVsyst
Engerer2,C,edge_2_minus_0p05,one_at_a_time,Clear,5,0.75,,350,23.053398642679042,8.681940192292046,350,19.78795479852203,6.5096176630075515,3.265443844157012,PVsyst
Engerer2,C,edge_2_plus_0p05,one_at_a_time,Overcast/very cloudy,1,0.0,0.2,1827,102.12273597463641,-2.6781382847262702,1827,104.85895774114475,25.669916607471432,-2.7362217665083364,IDA ICE
Engerer2,C,edge_2_plus_0p05,one_at_a_time,Cloudy,2,0.2,0.45,739,49.19237605509604,22.72689270166136,739,51.81385428458454,28.53609123178838,-2.6214782294884955,IDA ICE
Engerer2,C,edge_2_plus_0p05,one_at_a_time,Mixed/broken,3,0.45,0.6,341,31.815548845339602,19.3741486775218,341,30.972235060798997,18.856283529965943,0.8433137845406051,PVsyst
Engerer2,C,edge_2_plus_0p05,one_at_a_time,Mostly clear,4,0.6,0.75,311,22.794460867568898,15.85271081994623,311,18.525181445605593,11.000179706391762,4.269279421963304,PVsyst
Engerer2,C,edge_2_plus_0p05,one_at_a_time,Clear,5,0.75,,350,23.053398642679042,8.681940192292046,350,19.78795479852203,6.5096176630075515,3.265443844157012,PVsyst
Engerer2,C,edge_3_minus_0p05,one_at_a_time,Overcast/very cloudy,1,0.0,0.2,1827,102.12273597463641,-2.6781382847262702,1827,104.85895774114475,25.669916607471432,-2.7362217665083364,IDA ICE
Engerer2,C,edge_3_minus_0p05,one_at_a_time,Cloudy,2,0.2,0.4,611,50.91094613682646,21.82466586009352,611,54.27103167535451,28.931992846869512,-3.360085538528047,IDA ICE
Engerer2,C,edge_3_minus_0p05,one_at_a_time,Mixed/broken,3,0.4,0.5499999999999999,355,35.400424857629545,20.56724350543937,355,35.52267371204546,21.204994217828244,-0.12224885441591482,IDA ICE
Engerer2,C,edge_3_minus_0p05,one_at_a_time,Mostly clear,4,0.5499999999999999,0.75,425,24.615542297776276,16.994382014749874,425,20.925387170191534,12.856380245799953,3.6901551275847417,PVsyst
Engerer2,C,edge_3_minus_0p05,one_at_a_time,Clear,5,0.75,,350,23.053398642679042,8.681940192292046,350,19.78795479852203,6.5096176630075515,3.265443844157012,PVsyst
Engerer2,C,edge_3_plus_0p05,one_at_a_time,Overcast/very cloudy,1,0.0,0.2,1827,102.12273597463641,-2.6781382847262702,1827,104.85895774114475,25.669916607471432,-2.7362217665083364,IDA ICE
Engerer2,C,edge_3_plus_0p05,one_at_a_time,Cloudy,2,0.2,0.4,611,50.91094613682646,21.82466586009352,611,54.27103167535451,28.931992846869512,-3.360085538528047,IDA ICE
Engerer2,C,edge_3_plus_0p05,one_at_a_time,Mixed/broken,3,0.4,0.65,575,32.00827218402129,19.688787997306907,575,30.916972433575722,18.868594199238764,1.0912997504455646,PVsyst
Engerer2,C,edge_3_plus_0p05,one_at_a_time,Mostly clear,4,0.65,0.75,205,21.735359719550516,15.566384177068871,205,16.840562151607887,10.058219224823247,4.8947975679426285,PVsyst
Engerer2,C,edge_3_plus_0p05,one_at_a_time,Clear,5,0.75,,350,23.053398642679042,8.681940192292046,350,19.78795479852203,6.5096176630075515,3.265443844157012,PVsyst
Engerer2,C,edge_4_minus_0p05,one_at_a_time,Overcast/very cloudy,1,0.0,0.2,1827,102.12273597463641,-2.6781382847262702,1827,104.85895774114475,25.669916607471432,-2.7362217665083364,IDA ICE
Engerer2,C,edge_4_minus_0p05,one_at_a_time,Cloudy,2,0.2,0.4,611,50.91094613682646,21.82466586009352,611,54.27103167535451,28.931992846869512,-3.360085538528047,IDA ICE
Engerer2,C,edge_4_minus_0p05,one_at_a_time,Mixed/broken,3,0.4,0.6,469,34.202263692064356,20.710457281093632,469,33.718301598820254,20.717926931669787,0.4839620932441022,PVsyst
Engerer2,C,edge_4_minus_0p05,one_at_a_time,Mostly clear,4,0.6,0.7,220,23.217054541581238,15.623142683202463,220,19.538101693460195,11.56438148349536,3.6789528481210425,PVsyst
Engerer2,C,edge_4_minus_0p05,one_at_a_time,Clear,5,0.7,,441,22.799569631424806,10.485916745170643,441,18.97653709747917,7.282598459048861,3.8230325339456357,PVsyst
Engerer2,C,edge_4_plus_0p05,one_at_a_time,Overcast/very cloudy,1,0.0,0.2,1827,102.12273597463641,-2.6781382847262702,1827,104.85895774114475,25.669916607471432,-2.7362217665083364,IDA ICE
Engerer2,C,edge_4_plus_0p05,one_at_a_time,Cloudy,2,0.2,0.4,611,50.91094613682646,21.82466586009352,611,54.27103167535451,28.931992846869512,-3.360085538528047,IDA ICE
Engerer2,C,edge_4_plus_0p05,one_at_a_time,Mixed/broken,3,0.4,0.6,469,34.202263692064356,20.710457281093632,469,33.718301598820254,20.717926931669787,0.4839620932441022,PVsyst
Engerer2,C,edge_4_plus_0p05,one_at_a_time,Mostly clear,4,0.6,0.8,376,22.870020681796134,16.52163613723984,376,18.214424640956228,11.27035887163089,4.655596040839907,PVsyst
Engerer2,C,edge_4_plus_0p05,one_at_a_time,Clear,5,0.8,,285,22.958289405893805,5.8020497795975245,285,20.583517065086525,4.926927457692109,2.3747723408072794,PVsyst
