Irradiance_method,System,Software,scheme,scheme_type,n_bins,CVRMSE_cloudiest_percent,CVRMSE_clearest_percent,Cloudiest_minus_clearest_CVRMSE_pp,Cloudiest_CVRMSE_gt_clearest,Spearman_bin_order_vs_CVRMSE,Negative_clearness_gradient,Strictly_nonincreasing_CVRMSE
Perez-Driesse,A,IDA ICE,nominal,nominal,5,67.31417084443339,15.229933109934374,52.08423773449902,True,-0.9999999999999999,True,True
Perez-Driesse,A,PVsyst,nominal,nominal,5,64.95501152283308,17.411790009265975,47.543221513567104,True,-0.8999999999999998,True,False
Perez-Driesse,A,IDA ICE,all_edges_minus_0p05,coordinated,5,70.25900035228378,14.599643448493737,55.65935690379004,True,-0.9999999999999999,True,True
Perez-Driesse,A,PVsyst,all_edges_minus_0p05,coordinated,5,65.10410510631066,16.203520457670226,48.90058464864043,True,-0.9999999999999999,True,True
Perez-Driesse,A,IDA ICE,all_edges_plus_0p05,coordinated,5,61.62184590824103,15.657609100856343,45.96423680738469,True,-0.8999999999999998,True,False
Perez-Driesse,A,PVsyst,all_edges_plus_0p05,coordinated,5,59.95077618387155,18.425110801238468,41.52566538263308,True,-0.8999999999999998,True,False
Perez-Driesse,A,IDA ICE,edge_1_minus_0p05,one_at_a_time,5,70.25900035228378,15.229933109934374,55.029067242349406,True,-0.9999999999999999,True,True
Perez-Driesse,A,PVsyst,edge_1_minus_0p05,one_at_a_time,5,65.10410510631066,17.411790009265975,47.692315097044684,True,-0.8999999999999998,True,False
Perez-Driesse,A,IDA ICE,edge_1_plus_0p05,one_at_a_time,5,61.62184590824103,15.229933109934374,46.391912798306656,True,-0.9999999999999999,True,True
Perez-Driesse,A,PVsyst,edge_1_plus_0p05,one_at_a_time,5,59.95077618387155,17.411790009265975,42.53898617460557,True,-0.8999999999999998,True,False
Perez-Driesse,A,IDA ICE,edge_2_minus_0p05,one_at_a_time,5,67.31417084443339,15.229933109934374,52.08423773449902,True,-0.9999999999999999,True,True
Perez-Driesse,A,PVsyst,edge_2_minus_0p05,one_at_a_time,5,64.95501152283308,17.411790009265975,47.543221513567104,True,-0.8999999999999998,True,False
Perez-Driesse,A,IDA ICE,edge_2_plus_0p05,one_at_a_time,5,67.31417084443339,15.229933109934374,52.08423773449902,True,-0.9999999999999999,True,True
Perez-Driesse,A,PVsyst,edge_2_plus_0p05,one_at_a_time,5,64.95501152283308,17.411790009265975,47.543221513567104,True,-0.8999999999999998,True,False
Perez-Driesse,A,IDA ICE,edge_3_minus_0p05,one_at_a_time,5,67.31417084443339,15.229933109934374,52.08423773449902,True,-0.9999999999999999,True,True
Perez-Driesse,A,PVsyst,edge_3_minus_0p05,one_at_a_time,5,64.95501152283308,17.411790009265975,47.543221513567104,True,-0.8999999999999998,True,False
Perez-Driesse,A,IDA ICE,edge_3_plus_0p05,one_at_a_time,5,67.31417084443339,15.229933109934374,52.08423773449902,True,-0.8999999999999998,True,False
Perez-Driesse,A,PVsyst,edge_3_plus_0p05,one_at_a_time,5,64.95501152283308,17.411790009265975,47.543221513567104,True,-0.8999999999999998,True,False
Perez-Driesse,A,IDA ICE,edge_4_minus_0p05,one_at_a_time,5,67.31417084443339,14.599643448493737,52.714527395939655,True,-0.9999999999999999,True,True
Perez-Driesse,A,PVsyst,edge_4_minus_0p05,one_at_a_time,5,64.95501152283308,16.203520457670226,48.75149106516285,True,-0.9999999999999999,True,True
Perez-Driesse,A,IDA ICE,edge_4_plus_0p05,one_at_a_time,5,67.31417084443339,15.657609100856343,51.65656174357705,True,-0.8999999999999998,True,False
Perez-Driesse,A,PVsyst,edge_4_plus_0p05,one_at_a_time,5,64.95501152283308,18.425110801238468,46.52990072159461,True,-0.8999999999999998,True,False
Perez-Driesse,B,IDA ICE,nominal,nominal,5,74.66540951723461,20.165744874927192,54.499664642307415,True,-0.8999999999999998,True,False
Perez-Driesse,B,PVsyst,nominal,nominal,5,71.28087163545447,19.124787357474204,52.15608427798027,True,-0.8999999999999998,True,False
Perez-Driesse,B,IDA ICE,all_edges_minus_0p05,coordinated,5,79.75542614665001,18.816594024118874,60.93883212253114,True,-0.9999999999999999,True,True
Perez-Driesse,B,PVsyst,all_edges_minus_0p05,coordinated,5,74.93101185089125,17.73099996401367,57.20001188687758,True,-0.8999999999999998,True,False
Perez-Driesse,B,IDA ICE,all_edges_plus_0p05,coordinated,5,70.66910760538521,21.175122954557,49.49398465082821,True,-0.8999999999999998,True,False
Perez-Driesse,B,PVsyst,all_edges_plus_0p05,coordinated,5,67.21116038536468,20.509966241382134,46.70119414398255,True,-0.8999999999999998,True,False
Perez-Driesse,B,IDA ICE,edge_1_minus_0p05,one_at_a_time,5,79.75542614665001,20.165744874927192,59.58968127172282,True,-0.8999999999999998,True,False
Perez-Driesse,B,PVsyst,edge_1_minus_0p05,one_at_a_time,5,74.93101185089125,19.124787357474204,55.80622449341705,True,-0.8999999999999998,True,False
Perez-Driesse,B,IDA ICE,edge_1_plus_0p05,one_at_a_time,5,70.66910760538521,20.165744874927192,50.503362730458015,True,-0.8999999999999998,True,False
Perez-Driesse,B,PVsyst,edge_1_plus_0p05,one_at_a_time,5,67.21116038536468,19.124787357474204,48.086373027890474,True,-0.8999999999999998,True,False
Perez-Driesse,B,IDA ICE,edge_2_minus_0p05,one_at_a_time,5,74.66540951723461,20.165744874927192,54.499664642307415,True,-0.8999999999999998,True,False
Perez-Driesse,B,PVsyst,edge_2_minus_0p05,one_at_a_time,5,71.28087163545447,19.124787357474204,52.15608427798027,True,-0.8999999999999998,True,False
Perez-Driesse,B,IDA ICE,edge_2_plus_0p05,one_at_a_time,5,74.66540951723461,20.165744874927192,54.499664642307415,True,-0.8999999999999998,True,False
Perez-Driesse,B,PVsyst,edge_2_plus_0p05,one_at_a_time,5,71.28087163545447,19.124787357474204,52.15608427798027,True,-0.8999999999999998,True,False
Perez-Driesse,B,IDA ICE,edge_3_minus_0p05,one_at_a_time,5,74.66540951723461,20.165744874927192,54.499664642307415,True,-0.8999999999999998,True,False
Perez-Driesse,B,PVsyst,edge_3_minus_0p05,one_at_a_time,5,71.28087163545447,19.124787357474204,52.15608427798027,True,-0.8999999999999998,True,False
Perez-Driesse,B,IDA ICE,edge_3_plus_0p05,one_at_a_time,5,74.66540951723461,20.165744874927192,54.499664642307415,True,-0.8999999999999998,True,False
Perez-Driesse,B,PVsyst,edge_3_plus_0p05,one_at_a_time,5,71.28087163545447,19.124787357474204,52.15608427798027,True,-0.8999999999999998,True,False
Perez-Driesse,B,IDA ICE,edge_4_minus_0p05,one_at_a_time,5,74.66540951723461,18.816594024118874,55.84881549311574,True,-0.8999999999999998,True,False
Perez-Driesse,B,PVsyst,edge_4_minus_0p05,one_at_a_time,5,71.28087163545447,17.73099996401367,53.549871671440805,True,-0.8999999999999998,True,False
Perez-Driesse,B,IDA ICE,edge_4_plus_0p05,one_at_a_time,5,74.66540951723461,21.175122954557,53.49028656267761,True,-0.8999999999999998,True,False
Perez-Driesse,B,PVsyst,edge_4_plus_0p05,one_at_a_time,5,71.28087163545447,20.509966241382134,50.770905394072344,True,-0.8999999999999998,True,False
Perez-Driesse,C,IDA ICE,nominal,nominal,5,90.36078371174024,22.80369835264723,67.55708535909301,True,-0.8999999999999998,True,False
Perez-Driesse,C,PVsyst,nominal,nominal,5,93.81927799018476,19.587817771406524,74.23146021877824,True,-0.8999999999999998,True,False
Perez-Driesse,C,IDA ICE,all_edges_minus_0p05,coordinated,5,102.89448814328652,22.332684514262137,80.56180362902438,True,-0.9999999999999999,True,True
Perez-Driesse,C,PVsyst,all_edges_minus_0p05,coordinated,5,107.5080673607367,18.60640243064468,88.90166493009202,True,-0.9999999999999999,True,True
Perez-Driesse,C,IDA ICE,all_edges_plus_0p05,coordinated,5,83.2193572439777,22.981899486587935,60.23745775738976,True,-0.8999999999999998,True,False
Perez-Driesse,C,PVsyst,all_edges_plus_0p05,coordinated,5,88.13886240391436,20.52652667452865,67.6123357293857,True,-0.8999999999999998,True,False
Perez-Driesse,C,IDA ICE,edge_1_minus_0p05,one_at_a_time,5,102.89448814328652,22.80369835264723,80.09078979063929,True,-0.8999999999999998,True,False
Perez-Driesse,C,PVsyst,edge_1_minus_0p05,one_at_a_time,5,107.5080673607367,19.587817771406524,87.92024958933018,True,-0.8999999999999998,True,False
Perez-Driesse,C,IDA ICE,edge_1_plus_0p05,one_at_a_time,5,83.2193572439777,22.80369835264723,60.415658891330466,True,-0.8999999999999998,True,False
Perez-Driesse,C,PVsyst,edge_1_plus_0p05,one_at_a_time,5,88.13886240391436,19.587817771406524,68.55104463250784,True,-0.8999999999999998,True,False
Perez-Driesse,C,IDA ICE,edge_2_minus_0p05,one_at_a_time,5,90.36078371174024,22.80369835264723,67.55708535909301,True,-0.8999999999999998,True,False
Perez-Driesse,C,PVsyst,edge_2_minus_0p05,one_at_a_time,5,93.81927799018476,19.587817771406524,74.23146021877824,True,-0.8999999999999998,True,False
Perez-Driesse,C,IDA ICE,edge_2_plus_0p05,one_at_a_time,5,90.36078371174024,22.80369835264723,67.55708535909301,True,-0.8999999999999998,True,False
Perez-Driesse,C,PVsyst,edge_2_plus_0p05,one_at_a_time,5,93.81927799018476,19.587817771406524,74.23146021877824,True,-0.8999999999999998,True,False
Perez-Driesse,C,IDA ICE,edge_3_minus_0p05,one_at_a_time,5,90.36078371174024,22.80369835264723,67.55708535909301,True,-0.9999999999999999,True,True
Perez-Driesse,C,PVsyst,edge_3_minus_0p05,one_at_a_time,5,93.81927799018476,19.587817771406524,74.23146021877824,True,-0.9999999999999999,True,True
Perez-Driesse,C,IDA ICE,edge_3_plus_0p05,one_at_a_time,5,90.36078371174024,22.80369835264723,67.55708535909301,True,-0.8999999999999998,True,False
Perez-Driesse,C,PVsyst,edge_3_plus_0p05,one_at_a_time,5,93.81927799018476,19.587817771406524,74.23146021877824,True,-0.8999999999999998,True,False
Perez-Driesse,C,IDA ICE,edge_4_minus_0p05,one_at_a_time,5,90.36078371174024,22.332684514262137,68.0280991974781,True,-0.9999999999999999,True,True
Perez-Driesse,C,PVsyst,edge_4_minus_0p05,one_at_a_time,5,93.81927799018476,18.60640243064468,75.21287555954008,True,-0.9999999999999999,True,True
Perez-Driesse,C,IDA ICE,edge_4_plus_0p05,one_at_a_time,5,90.36078371174024,22.981899486587935,67.3788842251523,True,-0.8999999999999998,True,False
Perez-Driesse,C,PVsyst,edge_4_plus_0p05,one_at_a_time,5,93.81927799018476,20.52652667452865,73.2927513156561,True,-0.8999999999999998,True,False
Engerer2,A,IDA ICE,nominal,nominal,5,71.9224816810483,16.712769900270708,55.20971178077759,True,-0.9999999999999999,True,True
Engerer2,A,PVsyst,nominal,nominal,5,67.40395590842738,16.995960452374128,50.40799545605325,True,-0.8999999999999998,True,False
Engerer2,A,IDA ICE,all_edges_minus_0p05,coordinated,5,72.39986181080715,15.932046165495734,56.46781564531142,True,-0.9999999999999999,True,True
Engerer2,A,PVsyst,all_edges_minus_0p05,coordinated,5,67.68027160853926,15.975496566457284,51.70477504208198,True,-0.9999999999999999,True,True
Engerer2,A,IDA ICE,all_edges_plus_0p05,coordinated,5,66.93011208416037,17.355445192867673,49.57466689129269,True,-0.8999999999999998,True,False
Engerer2,A,PVsyst,all_edges_plus_0p05,coordinated,5,61.49273590862193,17.94481566921272,43.54792023940921,True,-0.8999999999999998,True,False
Engerer2,A,IDA ICE,edge_1_minus_0p05,one_at_a_time,5,72.39986181080715,16.712769900270708,55.687091910536445,True,-0.9999999999999999,True,True
Engerer2,A,PVsyst,edge_1_minus_0p05,one_at_a_time,5,67.68027160853926,16.995960452374128,50.68431115616513,True,-0.8999999999999998,True,False
Engerer2,A,IDA ICE,edge_1_plus_0p05,one_at_a_time,5,66.93011208416037,16.712769900270708,50.21734218388966,True,-0.9999999999999999,True,True
Engerer2,A,PVsyst,edge_1_plus_0p05,one_at_a_time,5,61.49273590862193,16.995960452374128,44.4967754562478,True,-0.8999999999999998,True,False
Engerer2,A,IDA ICE,edge_2_minus_0p05,one_at_a_time,5,71.9224816810483,16.712769900270708,55.20971178077759,True,-0.9999999999999999,True,True
Engerer2,A,PVsyst,edge_2_minus_0p05,one_at_a_time,5,67.40395590842738,16.995960452374128,50.40799545605325,True,-0.8999999999999998,True,False
Engerer2,A,IDA ICE,edge_2_plus_0p05,one_at_a_time,5,71.9224816810483,16.712769900270708,55.20971178077759,True,-0.9999999999999999,True,True
Engerer2,A,PVsyst,edge_2_plus_0p05,one_at_a_time,5,67.40395590842738,16.995960452374128,50.40799545605325,True,-0.8999999999999998,True,False
Engerer2,A,IDA ICE,edge_3_minus_0p05,one_at_a_time,5,71.9224816810483,16.712769900270708,55.20971178077759,True,-0.9999999999999999,True,True
Engerer2,A,PVsyst,edge_3_minus_0p05,one_at_a_time,5,67.40395590842738,16.995960452374128,50.40799545605325,True,-0.8999999999999998,True,False
Engerer2,A,IDA ICE,edge_3_plus_0p05,one_at_a_time,5,71.9224816810483,16.712769900270708,55.20971178077759,True,-0.8999999999999998,True,False
Engerer2,A,PVsyst,edge_3_plus_0p05,one_at_a_time,5,67.40395590842738,16.995960452374128,50.40799545605325,True,-0.8999999999999998,True,False
Engerer2,A,IDA ICE,edge_4_minus_0p05,one_at_a_time,5,71.9224816810483,15.932046165495734,55.99043551555256,True,-0.9999999999999999,True,True
Engerer2,A,PVsyst,edge_4_minus_0p05,one_at_a_time,5,67.40395590842738,15.975496566457284,51.4284593419701,True,-0.9999999999999999,True,True
Engerer2,A,IDA ICE,edge_4_plus_0p05,one_at_a_time,5,71.9224816810483,17.355445192867673,54.56703648818062,True,-0.8999999999999998,True,False
Engerer2,A,PVsyst,edge_4_plus_0p05,one_at_a_time,5,67.40395590842738,17.94481566921272,49.45914023921466,True,-0.8999999999999998,True,False
Engerer2,B,IDA ICE,nominal,nominal,5,82.62830752353149,20.192522639702144,62.43578488382934,True,-0.8999999999999998,True,False
Engerer2,B,PVsyst,nominal,nominal,5,79.3168569083025,19.30805258082124,60.00880432748126,True,-0.8999999999999998,True,False
Engerer2,B,IDA ICE,all_edges_minus_0p05,coordinated,5,93.61768369032507,18.89024376723242,74.72743992309265,True,-0.8999999999999998,True,False
Engerer2,B,PVsyst,all_edges_minus_0p05,coordinated,5,87.75978315039032,18.058343164622492,69.70143998576782,True,-0.9999999999999999,True,True
Engerer2,B,IDA ICE,all_edges_plus_0p05,coordinated,5,76.44730154885998,21.339806953962533,55.107494594897446,True,-0.8999999999999998,True,False
Engerer2,B,PVsyst,all_edges_plus_0p05,coordinated,5,74.01672271913459,20.694790111259707,53.321932607874885,True,-0.8999999999999998,True,False
Engerer2,B,IDA ICE,edge_1_minus_0p05,one_at_a_time,5,93.61768369032507,20.192522639702144,73.42516105062292,True,-0.8999999999999998,True,False
Engerer2,B,PVsyst,edge_1_minus_0p05,one_at_a_time,5,87.75978315039032,19.30805258082124,68.45173056956908,True,-0.8999999999999998,True,False
Engerer2,B,IDA ICE,edge_1_plus_0p05,one_at_a_time,5,76.44730154885998,20.192522639702144,56.254778909157835,True,-0.8999999999999998,True,False
Engerer2,B,PVsyst,edge_1_plus_0p05,one_at_a_time,5,74.01672271913459,19.30805258082124,54.70867013831335,True,-0.8999999999999998,True,False
Engerer2,B,IDA ICE,edge_2_minus_0p05,one_at_a_time,5,82.62830752353149,20.192522639702144,62.43578488382934,True,-0.8999999999999998,True,False
Engerer2,B,PVsyst,edge_2_minus_0p05,one_at_a_time,5,79.3168569083025,19.30805258082124,60.00880432748126,True,-0.8999999999999998,True,False
Engerer2,B,IDA ICE,edge_2_plus_0p05,one_at_a_time,5,82.62830752353149,20.192522639702144,62.43578488382934,True,-0.8999999999999998,True,False
Engerer2,B,PVsyst,edge_2_plus_0p05,one_at_a_time,5,79.3168569083025,19.30805258082124,60.00880432748126,True,-0.8999999999999998,True,False
Engerer2,B,IDA ICE,edge_3_minus_0p05,one_at_a_time,5,82.62830752353149,20.192522639702144,62.43578488382934,True,-0.8999999999999998,True,False
Engerer2,B,PVsyst,edge_3_minus_0p05,one_at_a_time,5,79.3168569083025,19.30805258082124,60.00880432748126,True,-0.8999999999999998,True,False
Engerer2,B,IDA ICE,edge_3_plus_0p05,one_at_a_time,5,82.62830752353149,20.192522639702144,62.43578488382934,True,-0.8999999999999998,True,False
Engerer2,B,PVsyst,edge_3_plus_0p05,one_at_a_time,5,79.3168569083025,19.30805258082124,60.00880432748126,True,-0.8999999999999998,True,False
Engerer2,B,IDA ICE,edge_4_minus_0p05,one_at_a_time,5,82.62830752353149,18.89024376723242,63.73806375629907,True,-0.8999999999999998,True,False
Engerer2,B,PVsyst,edge_4_minus_0p05,one_at_a_time,5,79.3168569083025,18.058343164622492,61.258513743680005,True,-0.8999999999999998,True,False
Engerer2,B,IDA ICE,edge_4_plus_0p05,one_at_a_time,5,82.62830752353149,21.339806953962533,61.28850056956895,True,-0.8999999999999998,True,False
Engerer2,B,PVsyst,edge_4_plus_0p05,one_at_a_time,5,79.3168569083025,20.694790111259707,58.62206679704279,True,-0.8999999999999998,True,False
Engerer2,C,IDA ICE,nominal,nominal,5,102.12273597463641,23.053398642679042,79.06933733195737,True,-0.8999999999999998,True,False
Engerer2,C,PVsyst,nominal,nominal,5,104.85895774114475,19.78795479852203,85.07100294262273,True,-0.8999999999999998,True,False
Engerer2,C,IDA ICE,all_edges_minus_0p05,coordinated,5,123.40614006087085,22.799569631424806,100.60657042944605,True,-0.9999999999999999,True,True
Engerer2,C,PVsyst,all_edges_minus_0p05,coordinated,5,124.88051709836508,18.97653709747917,105.90398000088591,True,-0.9999999999999999,True,True
Engerer2,C,IDA ICE,all_edges_plus_0p05,coordinated,5,92.78496537988855,22.958289405893805,69.82667597399474,True,-0.8999999999999998,True,False
Engerer2,C,PVsyst,all_edges_plus_0p05,coordinated,5,97.47948867706987,20.583517065086525,76.89597161198334,True,-0.8999999999999998,True,False
Engerer2,C,IDA ICE,edge_1_minus_0p05,one_at_a_time,5,123.40614006087085,23.053398642679042,100.35274141819181,True,-0.8999999999999998,True,False
Engerer2,C,PVsyst,edge_1_minus_0p05,one_at_a_time,5,124.88051709836508,19.78795479852203,105.09256229984305,True,-0.8999999999999998,True,False
Engerer2,C,IDA ICE,edge_1_plus_0p05,one_at_a_time,5,92.78496537988855,23.053398642679042,69.7315667372095,True,-0.8999999999999998,True,False
Engerer2,C,PVsyst,edge_1_plus_0p05,one_at_a_time,5,97.47948867706987,19.78795479852203,77.69153387854783,True,-0.8999999999999998,True,False
Engerer2,C,IDA ICE,edge_2_minus_0p05,one_at_a_time,5,102.12273597463641,23.053398642679042,79.06933733195737,True,-0.8999999999999998,True,False
Engerer2,C,PVsyst,edge_2_minus_0p05,one_at_a_time,5,104.85895774114475,19.78795479852203,85.07100294262273,True,-0.8999999999999998,True,False
Engerer2,C,IDA ICE,edge_2_plus_0p05,one_at_a_time,5,102.12273597463641,23.053398642679042,79.06933733195737,True,-0.8999999999999998,True,False
Engerer2,C,PVsyst,edge_2_plus_0p05,one_at_a_time,5,104.85895774114475,19.78795479852203,85.07100294262273,True,-0.8999999999999998,True,False
Engerer2,C,IDA ICE,edge_3_minus_0p05,one_at_a_time,5,102.12273597463641,23.053398642679042,79.06933733195737,True,-0.9999999999999999,True,True
Engerer2,C,PVsyst,edge_3_minus_0p05,one_at_a_time,5,104.85895774114475,19.78795479852203,85.07100294262273,True,-0.9999999999999999,True,True
Engerer2,C,IDA ICE,edge_3_plus_0p05,one_at_a_time,5,102.12273597463641,23.053398642679042,79.06933733195737,True,-0.8999999999999998,True,False
Engerer2,C,PVsyst,edge_3_plus_0p05,one_at_a_time,5,104.85895774114475,19.78795479852203,85.07100294262273,True,-0.8999999999999998,True,False
Engerer2,C,IDA ICE,edge_4_minus_0p05,one_at_a_time,5,102.12273597463641,22.799569631424806,79.32316634321161,True,-0.9999999999999999,True,True
Engerer2,C,PVsyst,edge_4_minus_0p05,one_at_a_time,5,104.85895774114475,18.97653709747917,85.88242064366558,True,-0.9999999999999999,True,True
Engerer2,C,IDA ICE,edge_4_plus_0p05,one_at_a_time,5,102.12273597463641,22.958289405893805,79.1644465687426,True,-0.8999999999999998,True,False
Engerer2,C,PVsyst,edge_4_plus_0p05,one_at_a_time,5,104.85895774114475,20.583517065086525,84.27544067605822,True,-0.8999999999999998,True,False
