System,Variable,Daily_statistic,first_3lag_stable_nonsignificant_start,estimated_persistence_days,acf_lag1,acf_lag7,acf_lag14,acf_lag21,acf_lag30
A,GTI,MSE_IDA_minus_MSE_PVsyst,7.0,6,0.4392288140992866,0.06949399747336693,0.15573486849773244,0.13364668803228388,0.022939884852418466
A,Temperature,MSE_IDA_minus_MSE_PVsyst,,30,0.4602638452442994,0.24738387693680702,0.16026689433816424,0.15361807058835686,0.20824046520751616
A,Power,MSE_IDA_minus_MSE_PVsyst,9.0,8,0.34222580518599033,0.15517707024198604,0.013981014373123586,0.020371318965542607,-0.04044170850489911
B,GTI,MSE_IDA_minus_MSE_PVsyst,7.0,6,0.37070576682927675,0.07508734273805825,0.19404859349440717,0.1034291996528573,0.06131142705146609
B,Temperature,MSE_IDA_minus_MSE_PVsyst,,30,0.6838887397645512,0.39581835869062015,0.2971327839571563,0.2780919019394833,0.34655257818964796
B,Power,MSE_IDA_minus_MSE_PVsyst,,30,0.286312203147843,0.2398097705104327,0.20990412647079842,0.10438303662871116,0.04670011099026056
C,GTI,MSE_IDA_minus_MSE_PVsyst,7.0,6,0.42584888166419843,0.08887132935208508,0.18301069833869738,0.12418071129650775,0.08138931088156691
C,Temperature,MSE_IDA_minus_MSE_PVsyst,20.0,19,0.43845927958158,0.1649992584833097,0.20036567359696844,0.03894494139902988,0.21611348633750088
C,Power,MSE_IDA_minus_MSE_PVsyst,6.0,5,0.41042523500219247,0.03997654810267458,0.2193946842937936,0.016647386992032543,0.06233721375713612
