System,Variable,Software,Metric,unit,n,Estimate,CI95_low,CI95_high,block_days,n_boot
A,GTI,IDA ICE,RMSE,W/m²,4635,15.336261950901536,13.03956809389887,17.014920301141117,30,5000
A,GTI,IDA ICE,CVRMSE_percent,%,4635,6.5874060119004865,5.889396433253801,7.5987593689318,30,5000
A,GTI,IDA ICE,MAE,W/m²,4635,10.162257839845639,8.17968953975545,11.49201643096893,30,5000
A,GTI,IDA ICE,nMAE_percent,%,4635,4.365008800905804,4.040711857280348,4.7778518787075965,30,5000
A,GTI,IDA ICE,MBE,W/m²,4635,-9.333952892999248,-10.877340936810032,-7.072534913422839,30,5000
A,GTI,IDA ICE,nMBE_percent,%,4635,-4.009225820410868,-4.369915332395551,-3.6424301052632333,30,5000
A,GTI,IDA ICE,RE_percent,%,4635,-4.009225820410868,-4.369915332395551,-3.6424301052632333,30,5000
A,GTI,IDA ICE,R2,-,4635,0.996738154172107,0.9958671903796027,0.9974500076007166,30,5000
A,GTI,PVsyst,RMSE,W/m²,4635,22.438327076478338,20.31388605885334,24.181804494241884,30,5000
A,GTI,PVsyst,CVRMSE_percent,%,4635,9.637965962878841,8.596867818771537,11.442306636652795,30,5000
A,GTI,PVsyst,MAE,W/m²,4635,15.883208646247496,13.80445002871447,17.464423462130792,30,5000
A,GTI,PVsyst,nMAE_percent,%,4635,6.822336789729258,6.344688766042953,7.632702275260689,30,5000
A,GTI,PVsyst,MBE,W/m²,4635,-15.749996598552833,-17.424248323990703,-13.537836483714484,30,5000
A,GTI,PVsyst,nMBE_percent,%,4635,-6.765118032860683,-7.482846152775516,-6.320425885247227,30,5000
A,GTI,PVsyst,RE_percent,%,4635,-6.765118032860683,-7.482846152775516,-6.320425885247227,30,5000
A,GTI,PVsyst,R2,-,4635,0.9930175900579369,0.9918356242721589,0.9938583355933589,30,5000
A,Temperature,IDA ICE,RMSE,°C,4635,5.101330459543028,4.498687549455056,5.5559480044530245,30,5000
A,Temperature,IDA ICE,CVRMSE_percent,%,4635,33.19466933709666,26.233076022301777,47.744318211531876,30,5000
A,Temperature,IDA ICE,MAE,°C,4635,3.5659762316359247,2.9539356672087997,4.005837923387614,30,5000
A,Temperature,IDA ICE,nMAE_percent,%,4635,23.20402546195843,18.805502817221594,31.726969188058927,30,5000
A,Temperature,IDA ICE,MBE,°C,4635,2.580222316463867,1.9568849349674677,3.031441586772148,30,5000
A,Temperature,IDA ICE,nMBE_percent,%,4635,16.789664439595636,12.983471775730955,23.343774637323747,30,5000
A,Temperature,IDA ICE,RE_percent,%,4635,16.789664439595636,12.983471775730955,23.343774637323747,30,5000
A,Temperature,IDA ICE,R2,-,4635,0.8356177450865678,0.7601708968810164,0.8804005637939913,30,5000
A,Temperature,PVsyst,RMSE,°C,4635,5.662695308518474,5.0453032024208095,6.112965514539958,30,5000
A,Temperature,PVsyst,CVRMSE_percent,%,4635,36.847504746798464,30.934901942960714,50.1896738724625,30,5000
A,Temperature,PVsyst,MAE,°C,4635,4.147486685930035,3.576999736593188,4.559939646478296,30,5000
A,Temperature,PVsyst,nMAE_percent,%,4635,26.987949557729912,22.85656317243019,36.125316116698954,30,5000
A,Temperature,PVsyst,MBE,°C,4635,2.298594728543461,1.650063945421063,2.860508301496424,30,5000
A,Temperature,PVsyst,nMBE_percent,%,4635,14.95709649847476,10.283732126844063,23.165978745803915,30,5000
A,Temperature,PVsyst,RE_percent,%,4635,14.95709649847476,10.283732126844063,23.165978745803915,30,5000
A,Temperature,PVsyst,R2,-,4635,0.7974489929234857,0.7268129401282349,0.8381907145467542,30,5000
A,Power,IDA ICE,RMSE,W,4631,262.1458370113161,239.20526927905587,283.08871587545434,30,5000
A,Power,IDA ICE,CVRMSE_percent,%,4631,34.435948066186064,30.236533358528845,42.26027376179098,30,5000
A,Power,IDA ICE,MAE,W,4631,167.35380878561088,143.52508016032758,185.15239290528618,30,5000
A,Power,IDA ICE,nMAE_percent,%,4631,21.9838969549265,20.17725442800731,25.303945532775543,30,5000
A,Power,IDA ICE,MBE,W,4631,14.05658698258357,0.9957455165058332,34.77315084028443,30,5000
A,Power,IDA ICE,nMBE_percent,%,4631,1.846498517156234,0.12741379728437097,5.191742041658518,30,5000
A,Power,IDA ICE,RE_percent,%,4631,1.846498517156234,0.12741379728437097,5.191742041658518,30,5000
A,Power,IDA ICE,R2,-,4631,0.9175392230794747,0.9001428251316983,0.9282160000122559,30,5000
A,Power,PVsyst,RMSE,W,4631,257.2306251712122,234.8109843462563,274.1624227329654,30,5000
A,Power,PVsyst,CVRMSE_percent,%,4631,33.79027700922851,30.309163945254465,40.36115954752706,30,5000
A,Power,PVsyst,MAE,W,4631,164.93286613437814,139.36275876027483,182.97524829217835,30,5000
A,Power,PVsyst,nMAE_percent,%,4631,21.66587757930137,20.290022345872373,24.140994052298606,30,5000
A,Power,PVsyst,MBE,W,4631,-24.7123944469154,-38.90360807372568,-2.963104740269697,30,5000
A,Power,PVsyst,nMBE_percent,%,4631,-3.246264527665754,-4.640968084871195,-0.4511249209400286,30,5000
A,Power,PVsyst,RE_percent,%,4631,-3.246264527665754,-4.640968084871195,-0.4511249209400286,30,5000
A,Power,PVsyst,R2,-,4631,0.9206024981431726,0.908540624701012,0.9292676331696029,30,5000
B,GTI,IDA ICE,RMSE,W/m²,5351,21.737641280312562,14.455480113253472,30.553895287780726,30,5000
B,GTI,IDA ICE,CVRMSE_percent,%,5351,11.00732533186916,6.581172211580978,19.392607641730564,30,5000
B,GTI,IDA ICE,MAE,W/m²,5351,10.066387565899019,7.975221336644246,12.313181725699467,30,5000
B,GTI,IDA ICE,nMAE_percent,%,5351,5.097333304275584,3.988298108593638,7.447802515067617,30,5000
B,GTI,IDA ICE,MBE,W/m²,5351,-7.424480975246326,-9.281391440157307,-5.085956027125101,30,5000
B,GTI,IDA ICE,nMBE_percent,%,5351,-3.759546698786743,-4.172533929118082,-3.3173306092518553,30,5000
B,GTI,IDA ICE,RE_percent,%,5351,-3.759546698786743,-4.172533929118082,-3.3173306092518553,30,5000
B,GTI,IDA ICE,R2,-,5351,0.9931738436103575,0.9840234210231913,0.9971414583889315,30,5000
B,GTI,PVsyst,RMSE,W/m²,5351,25.06118125758532,19.680024034743234,32.418019090819485,30,5000
B,GTI,PVsyst,CVRMSE_percent,%,5351,12.690271761592754,8.827486315210567,20.63518662441847,30,5000
B,GTI,PVsyst,MAE,W/m²,5351,13.864545460635554,11.91697133852627,15.723429129238463,30,5000
B,GTI,PVsyst,nMAE_percent,%,5351,7.0206127930689135,5.88576511681578,9.553526952517275,30,5000
B,GTI,PVsyst,MBE,W/m²,5351,-12.331051047320367,-14.104759493248682,-9.977252408482636,30,5000
B,GTI,PVsyst,nMBE_percent,%,5351,-6.24409469323019,-7.120777902952904,-5.7593860092654054,30,5000
B,GTI,PVsyst,RE_percent,%,5351,-6.24409469323019,-7.120777902952904,-5.7593860092654054,30,5000
B,GTI,PVsyst,R2,-,5351,0.9909269255657902,0.98218197364261,0.9946009998967184,30,5000
B,Temperature,IDA ICE,RMSE,°C,5351,4.7172145544054755,3.9340318203220996,5.4623054237288455,30,5000
B,Temperature,IDA ICE,CVRMSE_percent,%,5351,32.59744744826464,23.60315024224501,51.31188133383315,30,5000
B,Temperature,IDA ICE,MAE,°C,5351,3.3059219731494487,2.8366488154723815,3.7840525772664395,30,5000
B,Temperature,IDA ICE,nMAE_percent,%,5351,22.844968475550797,17.193945847501336,35.12514803365344,30,5000
B,Temperature,IDA ICE,MBE,°C,5351,1.1289058584759708,0.2646303883153262,1.864704015903693,30,5000
B,Temperature,IDA ICE,nMBE_percent,%,5351,7.801097230428282,2.2214934346794664,13.187340101137918,30,5000
B,Temperature,IDA ICE,RE_percent,%,5351,7.801097230428282,2.2214934346794664,13.187340101137918,30,5000
B,Temperature,IDA ICE,R2,-,5351,0.8474469079155345,0.7275228085590149,0.9038631199457707,30,5000
B,Temperature,PVsyst,RMSE,°C,5351,6.399257012997223,5.73310311301901,6.8859794546883855,30,5000
B,Temperature,PVsyst,CVRMSE_percent,%,5351,44.22089387354701,36.03494520485586,62.586701318703085,30,5000
B,Temperature,PVsyst,MAE,°C,5351,4.4375879851118185,3.888533661363174,4.860946018918535,30,5000
B,Temperature,PVsyst,nMAE_percent,%,5351,30.66513924125807,25.237039999069747,42.76676067528045,30,5000
B,Temperature,PVsyst,MBE,°C,5351,0.7276110438487985,-0.2928714401280505,1.722326387367463,30,5000
B,Temperature,PVsyst,nMBE_percent,%,5351,5.0280228917057315,-2.1561430017798426,14.003895787435049,30,5000
B,Temperature,PVsyst,RE_percent,%,5351,5.0280228917057315,-2.1561430017798426,14.003895787435049,30,5000
B,Temperature,PVsyst,R2,-,5351,0.7192570486366715,0.582544212824798,0.7846866625040538,30,5000
B,Power,IDA ICE,RMSE,W,5347,320.52481281285407,275.0730862119257,364.91124737725164,30,5000
B,Power,IDA ICE,CVRMSE_percent,%,5347,41.624437589618346,35.191306691792526,53.365879556415216,30,5000
B,Power,IDA ICE,MAE,W,5347,179.2270135467611,141.65777321674395,207.7868174212942,30,5000
B,Power,IDA ICE,nMAE_percent,%,5347,23.275026898172356,21.139562938872775,26.864539662705603,30,5000
B,Power,IDA ICE,MBE,W,5347,48.058397567244356,32.64601666917864,64.13340843113829,30,5000
B,Power,IDA ICE,nMBE_percent,%,5347,6.2410262489188675,4.952566523618528,7.897853399352121,30,5000
B,Power,IDA ICE,RE_percent,%,5347,6.2410262489188675,4.952566523618528,7.897853399352121,30,5000
B,Power,IDA ICE,R2,-,5347,0.911079483394957,0.8857302308260993,0.9287101758195835,30,5000
B,Power,PVsyst,RMSE,W,5347,294.3350101283894,254.47856877854616,332.9428247206485,30,5000
B,Power,PVsyst,CVRMSE_percent,%,5347,38.22334112611173,32.070456307895064,49.40425448169648,30,5000
B,Power,PVsyst,MAE,W,5347,161.71884415824286,128.49144000259156,186.2667825598394,30,5000
B,Power,PVsyst,nMAE_percent,%,5347,21.00135673321589,19.044441286457044,24.411606051553818,30,5000
B,Power,PVsyst,MBE,W,5347,16.788162005246967,5.154906825185585,31.28333762636274,30,5000
B,Power,PVsyst,nMBE_percent,%,5347,2.1801675679936015,0.6504901892258592,4.371676462354467,30,5000
B,Power,PVsyst,RE_percent,%,5347,2.1801675679936015,0.6504901892258592,4.371676462354467,30,5000
B,Power,PVsyst,R2,-,5347,0.9250170517013669,0.9030342515655088,0.9401166873610324,30,5000
C,GTI,IDA ICE,RMSE,W/m²,5351,21.622139751267593,14.30963960011895,30.418458104828694,30,5000
C,GTI,IDA ICE,CVRMSE_percent,%,5351,10.948838631765325,6.5293457601096145,19.33089838047394,30,5000
C,GTI,IDA ICE,MAE,W/m²,5351,9.949259684931365,7.892669557456869,12.20020411599837,30,5000
C,GTI,IDA ICE,nMAE_percent,%,5351,5.038023065661467,3.941717760174697,7.390192369168894,30,5000
C,GTI,IDA ICE,MBE,W/m²,5351,-7.222885563731485,-9.067804158979362,-4.90617186042524,30,5000
C,GTI,IDA ICE,nMBE_percent,%,5351,-3.6574644971650963,-4.068919902423083,-3.200630824761714,30,5000
C,GTI,IDA ICE,RE_percent,%,5351,-3.6574644971650963,-4.068919902423083,-3.200630824761714,30,5000
C,GTI,IDA ICE,R2,-,5351,0.9932461915574848,0.9841220953336839,0.9971929860766487,30,5000
C,GTI,PVsyst,RMSE,W/m²,5351,26.87478968492131,21.945581072262854,33.41939977200391,30,5000
C,GTI,PVsyst,CVRMSE_percent,%,5351,13.6086316575391,9.96304713387247,21.32654268284719,30,5000
C,GTI,PVsyst,MAE,W/m²,5351,15.675428247148249,13.409202393969975,17.579458714929633,30,5000
C,GTI,PVsyst,nMAE_percent,%,5351,7.937592501768034,6.842147126909628,10.389058470764457,30,5000
C,GTI,PVsyst,MBE,W/m²,5351,-14.177430378286548,-16.35112977656273,-11.288292430320768,30,5000
C,GTI,PVsyst,nMBE_percent,%,5351,-7.179048845794596,-8.004890104189673,-6.731341623656703,30,5000
C,GTI,PVsyst,RE_percent,%,5351,-7.179048845794596,-8.004890104189673,-6.731341623656703,30,5000
C,GTI,PVsyst,R2,-,5351,0.9895662230776228,0.9809090646238736,0.9931801472110888,30,5000
C,Temperature,IDA ICE,RMSE,°C,4828,4.44004172791177,3.8650787969034845,4.891875283292786,30,5000
C,Temperature,IDA ICE,CVRMSE_percent,%,4828,25.262305727528467,20.498265688656208,35.61848434332792,30,5000
C,Temperature,IDA ICE,MAE,°C,4828,3.0584791775490383,2.589221449081867,3.456001605113653,30,5000
C,Temperature,IDA ICE,nMAE_percent,%,4828,17.401691420783646,14.524770490611328,23.4535155146647,30,5000
C,Temperature,IDA ICE,MBE,°C,4828,-1.425611102905449,-1.7463034382937863,-1.102169965561945,30,5000
C,Temperature,IDA ICE,nMBE_percent,%,4828,-8.111235375054601,-13.000605153457856,-5.585519955899317,30,5000
C,Temperature,IDA ICE,RE_percent,%,4828,-8.111235375054601,-13.000605153457856,-5.585519955899317,30,5000
C,Temperature,IDA ICE,R2,-,4828,0.9318441081381972,0.9178636176810381,0.9406162656153266,30,5000
C,Temperature,PVsyst,RMSE,°C,4828,5.585629153718931,4.976934757507857,6.122698474031437,30,5000
C,Temperature,PVsyst,CVRMSE_percent,%,4828,31.780302981118222,26.323055472203144,44.4491568501063,30,5000
C,Temperature,PVsyst,MAE,°C,4828,3.8605964412550104,3.4417145689297097,4.246761476138248,30,5000
C,Temperature,PVsyst,nMAE_percent,%,4828,21.965461940705996,18.319586242128118,30.1685849598064,30,5000
C,Temperature,PVsyst,MBE,°C,4828,-0.3151042620748773,-1.042784341959649,0.35430895067705437,30,5000
C,Temperature,PVsyst,nMBE_percent,%,4828,-1.792834548049767,-6.72341332870875,2.1797021165036745,30,5000
C,Temperature,PVsyst,RE_percent,%,4828,-1.792834548049767,-6.72341332870875,2.1797021165036745,30,5000
C,Temperature,PVsyst,R2,-,4828,0.8921367508569173,0.8552452998140303,0.9115180194749162,30,5000
C,Power,IDA ICE,RMSE,W,5347,245.08606799882148,206.83020719985382,279.40952181242807,30,5000
C,Power,IDA ICE,CVRMSE_percent,%,5347,48.0903492372697,41.67901225663453,59.55884567969424,30,5000
C,Power,IDA ICE,MAE,W,5347,135.38570340868728,104.09737878199034,159.42218331329838,30,5000
C,Power,IDA ICE,nMAE_percent,%,5347,26.565140204903418,24.865399916372805,29.354798224216392,30,5000
C,Power,IDA ICE,MBE,W,5347,50.34656909495914,30.30962844478908,69.84697054936443,30,5000
C,Power,IDA ICE,nMBE_percent,%,5347,9.878913601431465,7.729297465582303,12.128973578524707,30,5000
C,Power,IDA ICE,RE_percent,%,5347,9.878913601431465,7.729297465582303,12.128973578524707,30,5000
C,Power,IDA ICE,R2,-,5347,0.8910450304569951,0.8646339223125353,0.9093946997218343,30,5000
C,Power,PVsyst,RMSE,W,5347,230.49532693869156,196.30715817251942,262.1472903854708,30,5000
C,Power,PVsyst,CVRMSE_percent,%,5347,45.2273801630113,38.77547213802885,56.613774383912016,30,5000
C,Power,PVsyst,MAE,W,5347,127.06539084723462,99.84113530695049,148.00184970990526,30,5000
C,Power,PVsyst,nMAE_percent,%,5347,24.932543378365633,22.768491395985954,28.430085175634527,30,5000
C,Power,PVsyst,MBE,W,5347,68.25007944655852,46.1529614346515,88.01326504295697,30,5000
C,Power,PVsyst,nMBE_percent,%,5347,13.391908331860726,11.538702685348857,15.665088459336323,30,5000
C,Power,PVsyst,RE_percent,%,5347,13.391908331860726,11.538702685348857,15.665088459336323,30,5000
C,Power,PVsyst,R2,-,5347,0.9036317339482136,0.8783213370143699,0.9214671237334616,30,5000
