System,Variable,Software,Daily_statistic,first_3lag_stable_nonsignificant_start,estimated_persistence_days,acf_lag1,acf_lag7,acf_lag14
A,GTI,IDA ICE,daily_mean_error,,30,0.5478550786435105,0.3883469735144721,0.4119457529373644
A,GTI,IDA ICE,daily_mse,,30,0.3100691470870411,0.184895407991522,0.19530546659193937
A,GTI,PVsyst,daily_mean_error,8.0,7,0.42888779286056977,0.13557167463819494,0.20986705259616967
A,GTI,PVsyst,daily_mse,7.0,6,0.384465025558538,0.036318166797307455,0.127740698044539
A,Temperature,IDA ICE,daily_mean_error,,30,0.47810589845046875,0.31448053506973733,0.2701865967486235
A,Temperature,IDA ICE,daily_mse,,30,0.3402864770248612,0.14043940091209137,0.15997716372178264
A,Temperature,PVsyst,daily_mean_error,,30,0.508903126588689,0.2991562367413277,0.2550466997185183
A,Temperature,PVsyst,daily_mse,,30,0.3689604624206209,0.1831021956613749,0.19961725522797777
A,Power,IDA ICE,daily_mean_error,10.0,9,0.5324728980108788,0.24294281394842085,0.00665209643266584
A,Power,IDA ICE,daily_mse,8.0,7,0.29546935507325256,0.1233425634770437,-0.053671714484389885
A,Power,PVsyst,daily_mean_error,16.0,15,0.5724242629092138,0.22267244170223013,0.17945414490761372
A,Power,PVsyst,daily_mse,8.0,7,0.3068633814644902,0.1437889391992086,0.0014307327593502022
B,GTI,IDA ICE,daily_mean_error,,30,0.5339163185531723,0.37539556448727257,0.4071618883772212
B,GTI,IDA ICE,daily_mse,3.0,2,0.07513678392142849,-0.020021061683246962,0.3321286667830896
B,GTI,PVsyst,daily_mean_error,25.0,24,0.4358699529126073,0.11973396159267156,0.21549680749942715
B,GTI,PVsyst,daily_mse,3.0,2,0.07421317856070064,-0.03827223030182154,0.3089087247268345
B,Temperature,IDA ICE,daily_mean_error,,30,0.5795212627026053,0.3926145199752724,0.38772538249712685
B,Temperature,IDA ICE,daily_mse,25.0,24,0.5161461242733146,0.20171787236769034,0.2695539001356173
B,Temperature,PVsyst,daily_mean_error,,30,0.6423405937864612,0.3576825512054846,0.33111391785523586
B,Temperature,PVsyst,daily_mse,,30,0.5164426343823377,0.1590673033412746,0.19509304569501867
B,Power,IDA ICE,daily_mean_error,10.0,9,0.17066281956730622,0.13810880852963844,0.08301874993920931
B,Power,IDA ICE,daily_mse,1.0,0,0.07864790383633553,0.08351975724234642,0.04279466340659969
B,Power,PVsyst,daily_mean_error,4.0,3,0.17628364273039496,0.12789569058586245,0.02799231777183659
B,Power,PVsyst,daily_mse,1.0,0,0.06627622667851676,0.06251626751295393,0.02173240103905646
C,GTI,IDA ICE,daily_mean_error,,30,0.5145776684062854,0.37743629314537214,0.4046800773098098
C,GTI,IDA ICE,daily_mse,3.0,2,0.07657332192299632,-0.019211600758453906,0.3281541898446471
C,GTI,PVsyst,daily_mean_error,,30,0.468648352916695,0.16956327373223032,0.25191353211222856
C,GTI,PVsyst,daily_mse,3.0,2,0.07023239585041034,-0.045596199013652576,0.3022614489864144
C,Temperature,IDA ICE,daily_mean_error,4.0,3,0.42431961463339224,0.016564665673500005,0.1472627271015743
C,Temperature,IDA ICE,daily_mse,5.0,4,0.3139567541314931,0.09971650194480845,0.22586545648557607
C,Temperature,PVsyst,daily_mean_error,,30,0.5364686916853044,0.29098635808208756,0.2620802817959476
C,Temperature,PVsyst,daily_mse,18.0,17,0.3653851436364654,0.13165217443660626,0.12147332577751598
C,Power,IDA ICE,daily_mean_error,,30,0.4328302705546217,0.2761532361892906,0.24398896870742298
C,Power,IDA ICE,daily_mse,2.0,1,0.11432135906654912,0.1017425951371392,0.08304155470334863
C,Power,PVsyst,daily_mean_error,,30,0.46191262741971667,0.43431948910956647,0.336405439582806
C,Power,PVsyst,daily_mse,1.0,0,0.0924044614091263,0.09159654891008966,0.04118294321732607
