System,Variable,Daily_statistic,lag_days,acf,n_pairs,approx_95pct_threshold,significant
A,GTI,MSE_IDA_minus_MSE_PVsyst,1,0.4392288140992866,360,0.10330107023216706,True
A,GTI,MSE_IDA_minus_MSE_PVsyst,2,0.2874711938560844,359,0.10344484353797487,True
A,GTI,MSE_IDA_minus_MSE_PVsyst,3,0.24947231265882633,358,0.10358921882601123,True
A,GTI,MSE_IDA_minus_MSE_PVsyst,4,0.20617321992792917,357,0.10373420030889277,True
A,GTI,MSE_IDA_minus_MSE_PVsyst,5,0.09812862573489567,356,0.10387979224062328,False
A,GTI,MSE_IDA_minus_MSE_PVsyst,6,0.14969053249993755,355,0.10402599891711795,True
A,GTI,MSE_IDA_minus_MSE_PVsyst,7,0.06949399747336693,354,0.10417282467673585,False
A,GTI,MSE_IDA_minus_MSE_PVsyst,8,0.05782182858498976,353,0.10432027390082049,False
A,GTI,MSE_IDA_minus_MSE_PVsyst,9,-0.001746768643461015,352,0.1044683510142491,False
A,GTI,MSE_IDA_minus_MSE_PVsyst,10,0.008666569083475132,351,0.10461706048599027,False
A,GTI,MSE_IDA_minus_MSE_PVsyst,11,-0.03658925183353465,350,0.10476640682967035,False
A,GTI,MSE_IDA_minus_MSE_PVsyst,12,0.02213977625890484,349,0.10491639460414909,False
A,GTI,MSE_IDA_minus_MSE_PVsyst,13,0.06535734651663135,348,0.10506702841410388,False
A,GTI,MSE_IDA_minus_MSE_PVsyst,14,0.15573486849773244,347,0.10521831291062372,True
A,GTI,MSE_IDA_minus_MSE_PVsyst,15,0.11325842749890945,346,0.10537025279181218,True
A,GTI,MSE_IDA_minus_MSE_PVsyst,16,0.17663017853485696,345,0.10552285280340044,True
A,GTI,MSE_IDA_minus_MSE_PVsyst,17,0.13354599644215537,344,0.10567611773936965,True
A,GTI,MSE_IDA_minus_MSE_PVsyst,18,0.13739164216955138,343,0.10583005244258362,True
A,GTI,MSE_IDA_minus_MSE_PVsyst,19,0.1497175241985935,342,0.10598466180543152,True
A,GTI,MSE_IDA_minus_MSE_PVsyst,20,0.16132246416654664,341,0.10613995077048094,True
A,GTI,MSE_IDA_minus_MSE_PVsyst,21,0.13364668803228388,340,0.10629592433114153,True
A,GTI,MSE_IDA_minus_MSE_PVsyst,22,0.18777230796131122,339,0.10645258753233941,True
A,GTI,MSE_IDA_minus_MSE_PVsyst,23,0.061906735297927146,338,0.10660994547120255,False
A,GTI,MSE_IDA_minus_MSE_PVsyst,24,0.049662998818122424,337,0.10676800329775729,False
A,GTI,MSE_IDA_minus_MSE_PVsyst,25,0.05525230480373026,336,0.10692676621563627,False
A,GTI,MSE_IDA_minus_MSE_PVsyst,26,0.020997867076725806,335,0.107086239482798,False
A,GTI,MSE_IDA_minus_MSE_PVsyst,27,-0.031451636931133176,334,0.10724642841225822,False
A,GTI,MSE_IDA_minus_MSE_PVsyst,28,0.0288969989637978,333,0.10740733837283342,False
A,GTI,MSE_IDA_minus_MSE_PVsyst,29,0.009664001470940839,332,0.10756897478989653,False
A,GTI,MSE_IDA_minus_MSE_PVsyst,30,0.022939884852418466,331,0.10773134314614528,False
A,Temperature,MSE_IDA_minus_MSE_PVsyst,1,0.4602638452442994,360,0.10330107023216706,True
A,Temperature,MSE_IDA_minus_MSE_PVsyst,2,0.33968386263142264,359,0.10344484353797487,True
A,Temperature,MSE_IDA_minus_MSE_PVsyst,3,0.38972035138586913,358,0.10358921882601123,True
A,Temperature,MSE_IDA_minus_MSE_PVsyst,4,0.3384726409968664,357,0.10373420030889277,True
A,Temperature,MSE_IDA_minus_MSE_PVsyst,5,0.24461855387821063,356,0.10387979224062328,True
A,Temperature,MSE_IDA_minus_MSE_PVsyst,6,0.2622042203408635,355,0.10402599891711795,True
A,Temperature,MSE_IDA_minus_MSE_PVsyst,7,0.24738387693680702,354,0.10417282467673585,True
A,Temperature,MSE_IDA_minus_MSE_PVsyst,8,0.24074288832663152,353,0.10432027390082049,True
A,Temperature,MSE_IDA_minus_MSE_PVsyst,9,0.22845163983772435,352,0.1044683510142491,True
A,Temperature,MSE_IDA_minus_MSE_PVsyst,10,0.182337021186974,351,0.10461706048599027,True
A,Temperature,MSE_IDA_minus_MSE_PVsyst,11,0.2026922471523505,350,0.10476640682967035,True
A,Temperature,MSE_IDA_minus_MSE_PVsyst,12,0.16767586239663237,349,0.10491639460414909,True
A,Temperature,MSE_IDA_minus_MSE_PVsyst,13,0.19144472338768725,348,0.10506702841410388,True
A,Temperature,MSE_IDA_minus_MSE_PVsyst,14,0.16026689433816424,347,0.10521831291062372,True
A,Temperature,MSE_IDA_minus_MSE_PVsyst,15,0.1336862779500512,346,0.10537025279181218,True
A,Temperature,MSE_IDA_minus_MSE_PVsyst,16,0.18446317249400918,345,0.10552285280340044,True
A,Temperature,MSE_IDA_minus_MSE_PVsyst,17,0.12205251282844118,344,0.10567611773936965,True
A,Temperature,MSE_IDA_minus_MSE_PVsyst,18,0.06874052919772257,343,0.10583005244258362,False
A,Temperature,MSE_IDA_minus_MSE_PVsyst,19,0.1695514905888696,342,0.10598466180543152,True
A,Temperature,MSE_IDA_minus_MSE_PVsyst,20,0.14873228027128904,341,0.10613995077048094,True
A,Temperature,MSE_IDA_minus_MSE_PVsyst,21,0.15361807058835686,340,0.10629592433114153,True
A,Temperature,MSE_IDA_minus_MSE_PVsyst,22,0.2321352673748451,339,0.10645258753233941,True
A,Temperature,MSE_IDA_minus_MSE_PVsyst,23,0.21024818414342536,338,0.10660994547120255,True
A,Temperature,MSE_IDA_minus_MSE_PVsyst,24,0.16967408492134786,337,0.10676800329775729,True
A,Temperature,MSE_IDA_minus_MSE_PVsyst,25,0.19889832419171377,336,0.10692676621563627,True
A,Temperature,MSE_IDA_minus_MSE_PVsyst,26,0.16594284786920144,335,0.107086239482798,True
A,Temperature,MSE_IDA_minus_MSE_PVsyst,27,0.13146512814977096,334,0.10724642841225822,True
A,Temperature,MSE_IDA_minus_MSE_PVsyst,28,0.12731881073948192,333,0.10740733837283342,True
A,Temperature,MSE_IDA_minus_MSE_PVsyst,29,0.16948458497565172,332,0.10756897478989653,True
A,Temperature,MSE_IDA_minus_MSE_PVsyst,30,0.20824046520751616,331,0.10773134314614528,True
A,Power,MSE_IDA_minus_MSE_PVsyst,1,0.34222580518599033,360,0.10330107023216706,True
A,Power,MSE_IDA_minus_MSE_PVsyst,2,0.1439539866269419,359,0.10344484353797487,True
A,Power,MSE_IDA_minus_MSE_PVsyst,3,0.20754090276524825,358,0.10358921882601123,True
A,Power,MSE_IDA_minus_MSE_PVsyst,4,0.31106794538838706,357,0.10373420030889277,True
A,Power,MSE_IDA_minus_MSE_PVsyst,5,0.2544287326531174,356,0.10387979224062328,True
A,Power,MSE_IDA_minus_MSE_PVsyst,6,0.21662243001229725,355,0.10402599891711795,True
A,Power,MSE_IDA_minus_MSE_PVsyst,7,0.15517707024198604,354,0.10417282467673585,True
A,Power,MSE_IDA_minus_MSE_PVsyst,8,0.11239401702331543,353,0.10432027390082049,True
A,Power,MSE_IDA_minus_MSE_PVsyst,9,0.072090178111364,352,0.1044683510142491,False
A,Power,MSE_IDA_minus_MSE_PVsyst,10,0.041384665198886,351,0.10461706048599027,False
A,Power,MSE_IDA_minus_MSE_PVsyst,11,0.06250848090906089,350,0.10476640682967035,False
A,Power,MSE_IDA_minus_MSE_PVsyst,12,0.022244198015215086,349,0.10491639460414909,False
A,Power,MSE_IDA_minus_MSE_PVsyst,13,0.02340807857890651,348,0.10506702841410388,False
A,Power,MSE_IDA_minus_MSE_PVsyst,14,0.013981014373123586,347,0.10521831291062372,False
A,Power,MSE_IDA_minus_MSE_PVsyst,15,0.008744807674159688,346,0.10537025279181218,False
A,Power,MSE_IDA_minus_MSE_PVsyst,16,-0.019171211775978945,345,0.10552285280340044,False
A,Power,MSE_IDA_minus_MSE_PVsyst,17,-0.03408144170293321,344,0.10567611773936965,False
A,Power,MSE_IDA_minus_MSE_PVsyst,18,0.0220896638407045,343,0.10583005244258362,False
A,Power,MSE_IDA_minus_MSE_PVsyst,19,0.0033178897521583166,342,0.10598466180543152,False
A,Power,MSE_IDA_minus_MSE_PVsyst,20,0.01021677843545344,341,0.10613995077048094,False
A,Power,MSE_IDA_minus_MSE_PVsyst,21,0.020371318965542607,340,0.10629592433114153,False
A,Power,MSE_IDA_minus_MSE_PVsyst,22,-0.007606713525501711,339,0.10645258753233941,False
A,Power,MSE_IDA_minus_MSE_PVsyst,23,-0.0044232156323626235,338,0.10660994547120255,False
A,Power,MSE_IDA_minus_MSE_PVsyst,24,0.00754214370972296,337,0.10676800329775729,False
A,Power,MSE_IDA_minus_MSE_PVsyst,25,0.08627101438436176,336,0.10692676621563627,False
A,Power,MSE_IDA_minus_MSE_PVsyst,26,-0.000517025199448479,335,0.107086239482798,False
A,Power,MSE_IDA_minus_MSE_PVsyst,27,-0.030926723406869847,334,0.10724642841225822,False
A,Power,MSE_IDA_minus_MSE_PVsyst,28,0.004930999511940121,333,0.10740733837283342,False
A,Power,MSE_IDA_minus_MSE_PVsyst,29,0.034992500353307164,332,0.10756897478989653,False
A,Power,MSE_IDA_minus_MSE_PVsyst,30,-0.04044170850489911,331,0.10773134314614528,False
B,GTI,MSE_IDA_minus_MSE_PVsyst,1,0.37070576682927675,362,0.1030153129206168,True
B,GTI,MSE_IDA_minus_MSE_PVsyst,2,0.29946394094232776,361,0.1031578947368421,True
B,GTI,MSE_IDA_minus_MSE_PVsyst,3,0.257360581062636,360,0.10330107023216706,True
B,GTI,MSE_IDA_minus_MSE_PVsyst,4,0.21665017318081578,359,0.10344484353797487,True
B,GTI,MSE_IDA_minus_MSE_PVsyst,5,0.15433393716068475,358,0.10358921882601123,True
B,GTI,MSE_IDA_minus_MSE_PVsyst,6,0.18777824369454935,357,0.10373420030889277,True
B,GTI,MSE_IDA_minus_MSE_PVsyst,7,0.07508734273805825,356,0.10387979224062328,False
B,GTI,MSE_IDA_minus_MSE_PVsyst,8,0.057892229616000684,355,0.10402599891711795,False
B,GTI,MSE_IDA_minus_MSE_PVsyst,9,0.06700659235036192,354,0.10417282467673585,False
B,GTI,MSE_IDA_minus_MSE_PVsyst,10,0.0863521752352307,353,0.10432027390082049,False
B,GTI,MSE_IDA_minus_MSE_PVsyst,11,0.04008635490080453,352,0.1044683510142491,False
B,GTI,MSE_IDA_minus_MSE_PVsyst,12,0.046986046206677366,351,0.10461706048599027,False
B,GTI,MSE_IDA_minus_MSE_PVsyst,13,0.08119837380976644,350,0.10476640682967035,False
B,GTI,MSE_IDA_minus_MSE_PVsyst,14,0.19404859349440717,349,0.10491639460414909,True
B,GTI,MSE_IDA_minus_MSE_PVsyst,15,0.12720722206471885,348,0.10506702841410388,True
B,GTI,MSE_IDA_minus_MSE_PVsyst,16,0.1513996085979432,347,0.10521831291062372,True
B,GTI,MSE_IDA_minus_MSE_PVsyst,17,0.11947650613402375,346,0.10537025279181218,True
B,GTI,MSE_IDA_minus_MSE_PVsyst,18,0.009093824349915847,345,0.10552285280340044,False
B,GTI,MSE_IDA_minus_MSE_PVsyst,19,-0.04320128973679668,344,0.10567611773936965,False
B,GTI,MSE_IDA_minus_MSE_PVsyst,20,0.04780700196712434,343,0.10583005244258362,False
B,GTI,MSE_IDA_minus_MSE_PVsyst,21,0.1034291996528573,342,0.10598466180543152,False
B,GTI,MSE_IDA_minus_MSE_PVsyst,22,0.00357547740097469,341,0.10613995077048094,False
B,GTI,MSE_IDA_minus_MSE_PVsyst,23,0.046445176384737476,340,0.10629592433114153,False
B,GTI,MSE_IDA_minus_MSE_PVsyst,24,-0.02695581453619932,339,0.10645258753233941,False
B,GTI,MSE_IDA_minus_MSE_PVsyst,25,0.0289521669192388,338,0.10660994547120255,False
B,GTI,MSE_IDA_minus_MSE_PVsyst,26,0.04178513662351765,337,0.10676800329775729,False
B,GTI,MSE_IDA_minus_MSE_PVsyst,27,0.03276450011966369,336,0.10692676621563627,False
B,GTI,MSE_IDA_minus_MSE_PVsyst,28,-0.014586065533818944,335,0.107086239482798,False
B,GTI,MSE_IDA_minus_MSE_PVsyst,29,0.03819428563648309,334,0.10724642841225822,False
B,GTI,MSE_IDA_minus_MSE_PVsyst,30,0.06131142705146609,333,0.10740733837283342,False
B,Temperature,MSE_IDA_minus_MSE_PVsyst,1,0.6838887397645512,362,0.1030153129206168,True
B,Temperature,MSE_IDA_minus_MSE_PVsyst,2,0.5935673881118275,361,0.1031578947368421,True
B,Temperature,MSE_IDA_minus_MSE_PVsyst,3,0.5456110283344293,360,0.10330107023216706,True
B,Temperature,MSE_IDA_minus_MSE_PVsyst,4,0.4699706444276613,359,0.10344484353797487,True
B,Temperature,MSE_IDA_minus_MSE_PVsyst,5,0.4249857722975213,358,0.10358921882601123,True
B,Temperature,MSE_IDA_minus_MSE_PVsyst,6,0.3855330302450331,357,0.10373420030889277,True
B,Temperature,MSE_IDA_minus_MSE_PVsyst,7,0.39581835869062015,356,0.10387979224062328,True
B,Temperature,MSE_IDA_minus_MSE_PVsyst,8,0.3973310553724406,355,0.10402599891711795,True
B,Temperature,MSE_IDA_minus_MSE_PVsyst,9,0.35016118940446733,354,0.10417282467673585,True
B,Temperature,MSE_IDA_minus_MSE_PVsyst,10,0.32973625800343104,353,0.10432027390082049,True
B,Temperature,MSE_IDA_minus_MSE_PVsyst,11,0.36625163399297817,352,0.1044683510142491,True
B,Temperature,MSE_IDA_minus_MSE_PVsyst,12,0.3300558181999473,351,0.10461706048599027,True
B,Temperature,MSE_IDA_minus_MSE_PVsyst,13,0.32682844141275735,350,0.10476640682967035,True
B,Temperature,MSE_IDA_minus_MSE_PVsyst,14,0.2971327839571563,349,0.10491639460414909,True
B,Temperature,MSE_IDA_minus_MSE_PVsyst,15,0.29958899307049786,348,0.10506702841410388,True
B,Temperature,MSE_IDA_minus_MSE_PVsyst,16,0.29361742580337497,347,0.10521831291062372,True
B,Temperature,MSE_IDA_minus_MSE_PVsyst,17,0.26301388527258035,346,0.10537025279181218,True
B,Temperature,MSE_IDA_minus_MSE_PVsyst,18,0.26740777211702876,345,0.10552285280340044,True
B,Temperature,MSE_IDA_minus_MSE_PVsyst,19,0.29568529011610734,344,0.10567611773936965,True
B,Temperature,MSE_IDA_minus_MSE_PVsyst,20,0.25491677983779226,343,0.10583005244258362,True
B,Temperature,MSE_IDA_minus_MSE_PVsyst,21,0.2780919019394833,342,0.10598466180543152,True
B,Temperature,MSE_IDA_minus_MSE_PVsyst,22,0.3052478105492566,341,0.10613995077048094,True
B,Temperature,MSE_IDA_minus_MSE_PVsyst,23,0.3283340959644706,340,0.10629592433114153,True
B,Temperature,MSE_IDA_minus_MSE_PVsyst,24,0.2976210824273775,339,0.10645258753233941,True
B,Temperature,MSE_IDA_minus_MSE_PVsyst,25,0.3172857796405674,338,0.10660994547120255,True
B,Temperature,MSE_IDA_minus_MSE_PVsyst,26,0.3204130026404091,337,0.10676800329775729,True
B,Temperature,MSE_IDA_minus_MSE_PVsyst,27,0.3450488573303901,336,0.10692676621563627,True
B,Temperature,MSE_IDA_minus_MSE_PVsyst,28,0.2998644535249917,335,0.107086239482798,True
B,Temperature,MSE_IDA_minus_MSE_PVsyst,29,0.3480624582571567,334,0.10724642841225822,True
B,Temperature,MSE_IDA_minus_MSE_PVsyst,30,0.34655257818964796,333,0.10740733837283342,True
B,Power,MSE_IDA_minus_MSE_PVsyst,1,0.286312203147843,362,0.1030153129206168,True
B,Power,MSE_IDA_minus_MSE_PVsyst,2,0.27796064099116663,361,0.1031578947368421,True
B,Power,MSE_IDA_minus_MSE_PVsyst,3,0.21588916875223163,360,0.10330107023216706,True
B,Power,MSE_IDA_minus_MSE_PVsyst,4,0.1972479184693876,359,0.10344484353797487,True
B,Power,MSE_IDA_minus_MSE_PVsyst,5,0.20633711918964376,358,0.10358921882601123,True
B,Power,MSE_IDA_minus_MSE_PVsyst,6,0.19682835793985293,357,0.10373420030889277,True
B,Power,MSE_IDA_minus_MSE_PVsyst,7,0.2398097705104327,356,0.10387979224062328,True
B,Power,MSE_IDA_minus_MSE_PVsyst,8,0.25945395010013206,355,0.10402599891711795,True
B,Power,MSE_IDA_minus_MSE_PVsyst,9,0.20495235462268063,354,0.10417282467673585,True
B,Power,MSE_IDA_minus_MSE_PVsyst,10,0.1255261279838592,353,0.10432027390082049,True
B,Power,MSE_IDA_minus_MSE_PVsyst,11,0.13101982802697884,352,0.1044683510142491,True
B,Power,MSE_IDA_minus_MSE_PVsyst,12,0.1126792522379879,351,0.10461706048599027,True
B,Power,MSE_IDA_minus_MSE_PVsyst,13,0.12153036717811967,350,0.10476640682967035,True
B,Power,MSE_IDA_minus_MSE_PVsyst,14,0.20990412647079842,349,0.10491639460414909,True
B,Power,MSE_IDA_minus_MSE_PVsyst,15,0.1380515217041656,348,0.10506702841410388,True
B,Power,MSE_IDA_minus_MSE_PVsyst,16,0.19478997106344387,347,0.10521831291062372,True
B,Power,MSE_IDA_minus_MSE_PVsyst,17,0.1784968933837837,346,0.10537025279181218,True
B,Power,MSE_IDA_minus_MSE_PVsyst,18,0.15411626440746526,345,0.10552285280340044,True
B,Power,MSE_IDA_minus_MSE_PVsyst,19,0.1435122428707203,344,0.10567611773936965,True
B,Power,MSE_IDA_minus_MSE_PVsyst,20,0.24268564025955955,343,0.10583005244258362,True
B,Power,MSE_IDA_minus_MSE_PVsyst,21,0.10438303662871116,342,0.10598466180543152,False
B,Power,MSE_IDA_minus_MSE_PVsyst,22,0.19068366068149925,341,0.10613995077048094,True
B,Power,MSE_IDA_minus_MSE_PVsyst,23,0.1482743815194552,340,0.10629592433114153,True
B,Power,MSE_IDA_minus_MSE_PVsyst,24,0.18471778103156752,339,0.10645258753233941,True
B,Power,MSE_IDA_minus_MSE_PVsyst,25,0.14393745697570715,338,0.10660994547120255,True
B,Power,MSE_IDA_minus_MSE_PVsyst,26,0.07187506090575617,337,0.10676800329775729,False
B,Power,MSE_IDA_minus_MSE_PVsyst,27,0.08499870750642251,336,0.10692676621563627,False
B,Power,MSE_IDA_minus_MSE_PVsyst,28,0.11044767404151867,335,0.107086239482798,True
B,Power,MSE_IDA_minus_MSE_PVsyst,29,0.08108804157063396,334,0.10724642841225822,False
B,Power,MSE_IDA_minus_MSE_PVsyst,30,0.04670011099026056,333,0.10740733837283342,False
C,GTI,MSE_IDA_minus_MSE_PVsyst,1,0.42584888166419843,362,0.1030153129206168,True
C,GTI,MSE_IDA_minus_MSE_PVsyst,2,0.31932782611547783,361,0.1031578947368421,True
C,GTI,MSE_IDA_minus_MSE_PVsyst,3,0.2684286335534695,360,0.10330107023216706,True
C,GTI,MSE_IDA_minus_MSE_PVsyst,4,0.23165454528024598,359,0.10344484353797487,True
C,GTI,MSE_IDA_minus_MSE_PVsyst,5,0.1700217604742801,358,0.10358921882601123,True
C,GTI,MSE_IDA_minus_MSE_PVsyst,6,0.17765144604937017,357,0.10373420030889277,True
C,GTI,MSE_IDA_minus_MSE_PVsyst,7,0.08887132935208508,356,0.10387979224062328,False
C,GTI,MSE_IDA_minus_MSE_PVsyst,8,0.05744912310200762,355,0.10402599891711795,False
C,GTI,MSE_IDA_minus_MSE_PVsyst,9,0.07144981489091866,354,0.10417282467673585,False
C,GTI,MSE_IDA_minus_MSE_PVsyst,10,0.09791334949697052,353,0.10432027390082049,False
C,GTI,MSE_IDA_minus_MSE_PVsyst,11,0.05462854973563599,352,0.1044683510142491,False
C,GTI,MSE_IDA_minus_MSE_PVsyst,12,0.07094676951912916,351,0.10461706048599027,False
C,GTI,MSE_IDA_minus_MSE_PVsyst,13,0.11030547917074224,350,0.10476640682967035,True
C,GTI,MSE_IDA_minus_MSE_PVsyst,14,0.18301069833869738,349,0.10491639460414909,True
C,GTI,MSE_IDA_minus_MSE_PVsyst,15,0.16000257391022554,348,0.10506702841410388,True
C,GTI,MSE_IDA_minus_MSE_PVsyst,16,0.1707636264368559,347,0.10521831291062372,True
C,GTI,MSE_IDA_minus_MSE_PVsyst,17,0.14571317805838094,346,0.10537025279181218,True
C,GTI,MSE_IDA_minus_MSE_PVsyst,18,0.05936204865285391,345,0.10552285280340044,False
C,GTI,MSE_IDA_minus_MSE_PVsyst,19,0.01760522992871084,344,0.10567611773936965,False
C,GTI,MSE_IDA_minus_MSE_PVsyst,20,0.07162089986699294,343,0.10583005244258362,False
C,GTI,MSE_IDA_minus_MSE_PVsyst,21,0.12418071129650775,342,0.10598466180543152,True
C,GTI,MSE_IDA_minus_MSE_PVsyst,22,0.0550814329877966,341,0.10613995077048094,False
C,GTI,MSE_IDA_minus_MSE_PVsyst,23,0.08264478570235313,340,0.10629592433114153,False
C,GTI,MSE_IDA_minus_MSE_PVsyst,24,0.004945418225641925,339,0.10645258753233941,False
C,GTI,MSE_IDA_minus_MSE_PVsyst,25,0.04933198209142756,338,0.10660994547120255,False
C,GTI,MSE_IDA_minus_MSE_PVsyst,26,0.0482899582485647,337,0.10676800329775729,False
C,GTI,MSE_IDA_minus_MSE_PVsyst,27,0.046398247545479394,336,0.10692676621563627,False
C,GTI,MSE_IDA_minus_MSE_PVsyst,28,0.02255969318657643,335,0.107086239482798,False
C,GTI,MSE_IDA_minus_MSE_PVsyst,29,0.059078913054374564,334,0.10724642841225822,False
C,GTI,MSE_IDA_minus_MSE_PVsyst,30,0.08138931088156691,333,0.10740733837283342,False
C,Temperature,MSE_IDA_minus_MSE_PVsyst,1,0.43845927958158,330,0.10789444898238335,True
C,Temperature,MSE_IDA_minus_MSE_PVsyst,2,0.2887360345435742,328,0.1082228955533496,True
C,Temperature,MSE_IDA_minus_MSE_PVsyst,3,0.21931526113334646,324,0.10888888888888888,True
C,Temperature,MSE_IDA_minus_MSE_PVsyst,4,0.11634564337916838,322,0.10922652966476915,True
C,Temperature,MSE_IDA_minus_MSE_PVsyst,5,0.08191641757160475,320,0.10956733089748968,False
C,Temperature,MSE_IDA_minus_MSE_PVsyst,6,0.11394348695264375,318,0.10991134220204068,True
C,Temperature,MSE_IDA_minus_MSE_PVsyst,7,0.1649992584833097,317,0.11008456743513916,True
C,Temperature,MSE_IDA_minus_MSE_PVsyst,8,0.16922549761281866,316,0.11025861429075035,True
C,Temperature,MSE_IDA_minus_MSE_PVsyst,9,0.10174518362436949,315,0.11043348928452616,False
C,Temperature,MSE_IDA_minus_MSE_PVsyst,10,0.07556297901234944,314,0.11060919900468767,False
C,Temperature,MSE_IDA_minus_MSE_PVsyst,11,0.14626378467716986,313,0.11078575011306742,True
C,Temperature,MSE_IDA_minus_MSE_PVsyst,12,0.10794665546988774,312,0.11096314934617037,False
C,Temperature,MSE_IDA_minus_MSE_PVsyst,13,0.14162610873690684,312,0.11096314934617037,True
C,Temperature,MSE_IDA_minus_MSE_PVsyst,14,0.20036567359696844,311,0.11114140351625357,True
C,Temperature,MSE_IDA_minus_MSE_PVsyst,15,0.2679168322925865,311,0.11114140351625357,True
C,Temperature,MSE_IDA_minus_MSE_PVsyst,16,0.25017658822980565,311,0.11114140351625357,True
C,Temperature,MSE_IDA_minus_MSE_PVsyst,17,0.24422403877458615,310,0.1113205195124247,True
C,Temperature,MSE_IDA_minus_MSE_PVsyst,18,0.1948233998416098,309,0.11150050430176055,True
C,Temperature,MSE_IDA_minus_MSE_PVsyst,19,0.14533214522603702,308,0.11168136493044518,True
C,Temperature,MSE_IDA_minus_MSE_PVsyst,20,0.05303928991963822,307,0.11186310852492852,False
C,Temperature,MSE_IDA_minus_MSE_PVsyst,21,0.03894494139902988,306,0.11204574229310578,False
C,Temperature,MSE_IDA_minus_MSE_PVsyst,22,0.1105863278683264,304,0.11241370959657525,False
C,Temperature,MSE_IDA_minus_MSE_PVsyst,23,0.12423130085623012,303,0.1125990579657995,True
C,Temperature,MSE_IDA_minus_MSE_PVsyst,24,0.09521994783173479,302,0.11278532617909345,False
C,Temperature,MSE_IDA_minus_MSE_PVsyst,25,0.13309576639834292,301,0.11297252187003005,True
C,Temperature,MSE_IDA_minus_MSE_PVsyst,26,0.1380214123158254,300,0.11316065276116663,True
C,Temperature,MSE_IDA_minus_MSE_PVsyst,27,0.13262008046741058,299,0.11334972666538308,True
C,Temperature,MSE_IDA_minus_MSE_PVsyst,28,0.11005230911634228,298,0.11353975148724448,False
C,Temperature,MSE_IDA_minus_MSE_PVsyst,29,0.09780826685136888,297,0.11373073522438926,False
C,Temperature,MSE_IDA_minus_MSE_PVsyst,30,0.21611348633750088,296,0.1139226859689429,True
C,Power,MSE_IDA_minus_MSE_PVsyst,1,0.41042523500219247,362,0.1030153129206168,True
C,Power,MSE_IDA_minus_MSE_PVsyst,2,0.26652144798083155,361,0.1031578947368421,True
C,Power,MSE_IDA_minus_MSE_PVsyst,3,0.19628560692204378,360,0.10330107023216706,True
C,Power,MSE_IDA_minus_MSE_PVsyst,4,0.21218610407413552,359,0.10344484353797487,True
C,Power,MSE_IDA_minus_MSE_PVsyst,5,0.13979201505880817,358,0.10358921882601123,True
C,Power,MSE_IDA_minus_MSE_PVsyst,6,0.07083786779190754,357,0.10373420030889277,False
C,Power,MSE_IDA_minus_MSE_PVsyst,7,0.03997654810267458,356,0.10387979224062328,False
C,Power,MSE_IDA_minus_MSE_PVsyst,8,0.022160029787086578,355,0.10402599891711795,False
C,Power,MSE_IDA_minus_MSE_PVsyst,9,-0.0032003906957968073,354,0.10417282467673585,False
C,Power,MSE_IDA_minus_MSE_PVsyst,10,0.11068759115964032,353,0.10432027390082049,True
C,Power,MSE_IDA_minus_MSE_PVsyst,11,0.034738454934869704,352,0.1044683510142491,False
C,Power,MSE_IDA_minus_MSE_PVsyst,12,0.09360278941002395,351,0.10461706048599027,False
C,Power,MSE_IDA_minus_MSE_PVsyst,13,0.09864333182213333,350,0.10476640682967035,False
C,Power,MSE_IDA_minus_MSE_PVsyst,14,0.2193946842937936,349,0.10491639460414909,True
C,Power,MSE_IDA_minus_MSE_PVsyst,15,0.1617068079958216,348,0.10506702841410388,True
C,Power,MSE_IDA_minus_MSE_PVsyst,16,0.15254414877885764,347,0.10521831291062372,True
C,Power,MSE_IDA_minus_MSE_PVsyst,17,0.14892790865831257,346,0.10537025279181218,True
C,Power,MSE_IDA_minus_MSE_PVsyst,18,0.17486683820905705,345,0.10552285280340044,True
C,Power,MSE_IDA_minus_MSE_PVsyst,19,0.05585450544728991,344,0.10567611773936965,False
C,Power,MSE_IDA_minus_MSE_PVsyst,20,0.10983053981132729,343,0.10583005244258362,True
C,Power,MSE_IDA_minus_MSE_PVsyst,21,0.016647386992032543,342,0.10598466180543152,False
C,Power,MSE_IDA_minus_MSE_PVsyst,22,0.1171564642945407,341,0.10613995077048094,True
C,Power,MSE_IDA_minus_MSE_PVsyst,23,0.062102141260514346,340,0.10629592433114153,False
C,Power,MSE_IDA_minus_MSE_PVsyst,24,0.10542238147359781,339,0.10645258753233941,False
C,Power,MSE_IDA_minus_MSE_PVsyst,25,0.01715235038171011,338,0.10660994547120255,False
C,Power,MSE_IDA_minus_MSE_PVsyst,26,-0.08179195318299129,337,0.10676800329775729,False
C,Power,MSE_IDA_minus_MSE_PVsyst,27,-0.052275495894098495,336,0.10692676621563627,False
C,Power,MSE_IDA_minus_MSE_PVsyst,28,0.05279979214542807,335,0.107086239482798,False
C,Power,MSE_IDA_minus_MSE_PVsyst,29,0.10188919637403467,334,0.10724642841225822,False
C,Power,MSE_IDA_minus_MSE_PVsyst,30,0.06233721375713612,333,0.10740733837283342,False
