System,Variable,Software,Daily_statistic,lag_days,acf,n_pairs,approx_95pct_threshold,significant
A,GTI,IDA ICE,daily_mean_error,1,0.5478550786435105,360,0.10330107023216706,True
A,GTI,IDA ICE,daily_mean_error,2,0.48091164035747735,359,0.10344484353797487,True
A,GTI,IDA ICE,daily_mean_error,3,0.4673003666721329,358,0.10358921882601123,True
A,GTI,IDA ICE,daily_mean_error,4,0.4421393574636772,357,0.10373420030889277,True
A,GTI,IDA ICE,daily_mean_error,5,0.4302535779399598,356,0.10387979224062328,True
A,GTI,IDA ICE,daily_mean_error,6,0.42861047086667264,355,0.10402599891711795,True
A,GTI,IDA ICE,daily_mean_error,7,0.3883469735144721,354,0.10417282467673585,True
A,GTI,IDA ICE,daily_mean_error,8,0.35021671798874,353,0.10432027390082049,True
A,GTI,IDA ICE,daily_mean_error,9,0.38038338875488525,352,0.1044683510142491,True
A,GTI,IDA ICE,daily_mean_error,10,0.3578964461619377,351,0.10461706048599027,True
A,GTI,IDA ICE,daily_mean_error,11,0.35117054231935785,350,0.10476640682967035,True
A,GTI,IDA ICE,daily_mean_error,12,0.369818186199425,349,0.10491639460414909,True
A,GTI,IDA ICE,daily_mean_error,13,0.35905122837472625,348,0.10506702841410388,True
A,GTI,IDA ICE,daily_mean_error,14,0.4119457529373644,347,0.10521831291062372,True
A,GTI,IDA ICE,daily_mean_error,15,0.3708869614394934,346,0.10537025279181218,True
A,GTI,IDA ICE,daily_mean_error,16,0.4365587727602908,345,0.10552285280340044,True
A,GTI,IDA ICE,daily_mean_error,17,0.4351173152676015,344,0.10567611773936965,True
A,GTI,IDA ICE,daily_mean_error,18,0.36920620053963144,343,0.10583005244258362,True
A,GTI,IDA ICE,daily_mean_error,19,0.38048030097783264,342,0.10598466180543152,True
A,GTI,IDA ICE,daily_mean_error,20,0.3860223484949037,341,0.10613995077048094,True
A,GTI,IDA ICE,daily_mean_error,21,0.3841092973958908,340,0.10629592433114153,True
A,GTI,IDA ICE,daily_mean_error,22,0.4328339553216042,339,0.10645258753233941,True
A,GTI,IDA ICE,daily_mean_error,23,0.3672449155906019,338,0.10660994547120255,True
A,GTI,IDA ICE,daily_mean_error,24,0.39296298881320063,337,0.10676800329775729,True
A,GTI,IDA ICE,daily_mean_error,25,0.34282293816217213,336,0.10692676621563627,True
A,GTI,IDA ICE,daily_mean_error,26,0.30154110621844954,335,0.107086239482798,True
A,GTI,IDA ICE,daily_mean_error,27,0.30489616371984046,334,0.10724642841225822,True
A,GTI,IDA ICE,daily_mean_error,28,0.3396982999722826,333,0.10740733837283342,True
A,GTI,IDA ICE,daily_mean_error,29,0.3527911653459904,332,0.10756897478989653,True
A,GTI,IDA ICE,daily_mean_error,30,0.3541807453046442,331,0.10773134314614528,True
A,GTI,IDA ICE,daily_mse,1,0.3100691470870411,360,0.10330107023216706,True
A,GTI,IDA ICE,daily_mse,2,0.29619101293698874,359,0.10344484353797487,True
A,GTI,IDA ICE,daily_mse,3,0.3606065338900662,358,0.10358921882601123,True
A,GTI,IDA ICE,daily_mse,4,0.2507611673126885,357,0.10373420030889277,True
A,GTI,IDA ICE,daily_mse,5,0.2893384847061852,356,0.10387979224062328,True
A,GTI,IDA ICE,daily_mse,6,0.253436170465984,355,0.10402599891711795,True
A,GTI,IDA ICE,daily_mse,7,0.184895407991522,354,0.10417282467673585,True
A,GTI,IDA ICE,daily_mse,8,0.1679710932872789,353,0.10432027390082049,True
A,GTI,IDA ICE,daily_mse,9,0.20550433921439715,352,0.1044683510142491,True
A,GTI,IDA ICE,daily_mse,10,0.15883431371265327,351,0.10461706048599027,True
A,GTI,IDA ICE,daily_mse,11,0.190055551307571,350,0.10476640682967035,True
A,GTI,IDA ICE,daily_mse,12,0.18656435889417405,349,0.10491639460414909,True
A,GTI,IDA ICE,daily_mse,13,0.1676364048037754,348,0.10506702841410388,True
A,GTI,IDA ICE,daily_mse,14,0.19530546659193937,347,0.10521831291062372,True
A,GTI,IDA ICE,daily_mse,15,0.12345830601139184,346,0.10537025279181218,True
A,GTI,IDA ICE,daily_mse,16,0.22176861351448732,345,0.10552285280340044,True
A,GTI,IDA ICE,daily_mse,17,0.256421879934612,344,0.10567611773936965,True
A,GTI,IDA ICE,daily_mse,18,0.1324102448391065,343,0.10583005244258362,True
A,GTI,IDA ICE,daily_mse,19,0.20158570514974286,342,0.10598466180543152,True
A,GTI,IDA ICE,daily_mse,20,0.23835051987189357,341,0.10613995077048094,True
A,GTI,IDA ICE,daily_mse,21,0.17197017620700314,340,0.10629592433114153,True
A,GTI,IDA ICE,daily_mse,22,0.22463430184456554,339,0.10645258753233941,True
A,GTI,IDA ICE,daily_mse,23,0.22173337777586405,338,0.10660994547120255,True
A,GTI,IDA ICE,daily_mse,24,0.19068480988362985,337,0.10676800329775729,True
A,GTI,IDA ICE,daily_mse,25,0.17058928353736777,336,0.10692676621563627,True
A,GTI,IDA ICE,daily_mse,26,0.1533125609602634,335,0.107086239482798,True
A,GTI,IDA ICE,daily_mse,27,0.14324273985092587,334,0.10724642841225822,True
A,GTI,IDA ICE,daily_mse,28,0.1756879932297603,333,0.10740733837283342,True
A,GTI,IDA ICE,daily_mse,29,0.18464737703453524,332,0.10756897478989653,True
A,GTI,IDA ICE,daily_mse,30,0.18349215341802186,331,0.10773134314614528,True
A,GTI,PVsyst,daily_mean_error,1,0.42888779286056977,360,0.10330107023216706,True
A,GTI,PVsyst,daily_mean_error,2,0.2762537614434005,359,0.10344484353797487,True
A,GTI,PVsyst,daily_mean_error,3,0.25842218438068115,358,0.10358921882601123,True
A,GTI,PVsyst,daily_mean_error,4,0.24136291112988636,357,0.10373420030889277,True
A,GTI,PVsyst,daily_mean_error,5,0.16590499613136336,356,0.10387979224062328,True
A,GTI,PVsyst,daily_mean_error,6,0.20984009067462275,355,0.10402599891711795,True
A,GTI,PVsyst,daily_mean_error,7,0.13557167463819494,354,0.10417282467673585,True
A,GTI,PVsyst,daily_mean_error,8,0.09672282257247498,353,0.10432027390082049,False
A,GTI,PVsyst,daily_mean_error,9,0.08330383488080152,352,0.1044683510142491,False
A,GTI,PVsyst,daily_mean_error,10,0.07907127430227541,351,0.10461706048599027,False
A,GTI,PVsyst,daily_mean_error,11,0.04620613656859766,350,0.10476640682967035,False
A,GTI,PVsyst,daily_mean_error,12,0.09995754716814889,349,0.10491639460414909,False
A,GTI,PVsyst,daily_mean_error,13,0.13167392584545656,348,0.10506702841410388,True
A,GTI,PVsyst,daily_mean_error,14,0.20986705259616967,347,0.10521831291062372,True
A,GTI,PVsyst,daily_mean_error,15,0.14980524686369948,346,0.10537025279181218,True
A,GTI,PVsyst,daily_mean_error,16,0.23822908356555292,345,0.10552285280340044,True
A,GTI,PVsyst,daily_mean_error,17,0.20886109278252504,344,0.10567611773936965,True
A,GTI,PVsyst,daily_mean_error,18,0.15451793625803553,343,0.10583005244258362,True
A,GTI,PVsyst,daily_mean_error,19,0.16795451712155224,342,0.10598466180543152,True
A,GTI,PVsyst,daily_mean_error,20,0.17447300183864928,341,0.10613995077048094,True
A,GTI,PVsyst,daily_mean_error,21,0.15664484016842584,340,0.10629592433114153,True
A,GTI,PVsyst,daily_mean_error,22,0.23796567566530624,339,0.10645258753233941,True
A,GTI,PVsyst,daily_mean_error,23,0.1344789540824701,338,0.10660994547120255,True
A,GTI,PVsyst,daily_mean_error,24,0.13380699723220046,337,0.10676800329775729,True
A,GTI,PVsyst,daily_mean_error,25,0.10055435326644527,336,0.10692676621563627,False
A,GTI,PVsyst,daily_mean_error,26,0.07061021078104336,335,0.107086239482798,False
A,GTI,PVsyst,daily_mean_error,27,0.034220658094456076,334,0.10724642841225822,False
A,GTI,PVsyst,daily_mean_error,28,0.09079821771875954,333,0.10740733837283342,False
A,GTI,PVsyst,daily_mean_error,29,0.090620201658278,332,0.10756897478989653,False
A,GTI,PVsyst,daily_mean_error,30,0.09647710570815027,331,0.10773134314614528,False
A,GTI,PVsyst,daily_mse,1,0.384465025558538,360,0.10330107023216706,True
A,GTI,PVsyst,daily_mse,2,0.23398616528420202,359,0.10344484353797487,True
A,GTI,PVsyst,daily_mse,3,0.2183253643544589,358,0.10358921882601123,True
A,GTI,PVsyst,daily_mse,4,0.17628623653227413,357,0.10373420030889277,True
A,GTI,PVsyst,daily_mse,5,0.07701518612357806,356,0.10387979224062328,False
A,GTI,PVsyst,daily_mse,6,0.12943341170102518,355,0.10402599891711795,True
A,GTI,PVsyst,daily_mse,7,0.036318166797307455,354,0.10417282467673585,False
A,GTI,PVsyst,daily_mse,8,0.027491890773223317,353,0.10432027390082049,False
A,GTI,PVsyst,daily_mse,9,-0.016747104823760482,352,0.1044683510142491,False
A,GTI,PVsyst,daily_mse,10,-0.02303952257185194,351,0.10461706048599027,False
A,GTI,PVsyst,daily_mse,11,-0.04914850013521064,350,0.10476640682967035,False
A,GTI,PVsyst,daily_mse,12,0.009645962871414024,349,0.10491639460414909,False
A,GTI,PVsyst,daily_mse,13,0.03599858530728767,348,0.10506702841410388,False
A,GTI,PVsyst,daily_mse,14,0.127740698044539,347,0.10521831291062372,True
A,GTI,PVsyst,daily_mse,15,0.060051323968929954,346,0.10537025279181218,False
A,GTI,PVsyst,daily_mse,16,0.13779992081207484,345,0.10552285280340044,True
A,GTI,PVsyst,daily_mse,17,0.11537854018321536,344,0.10567611773936965,True
A,GTI,PVsyst,daily_mse,18,0.08168535572100434,343,0.10583005244258362,False
A,GTI,PVsyst,daily_mse,19,0.12001254747986888,342,0.10598466180543152,True
A,GTI,PVsyst,daily_mse,20,0.13743694569982778,341,0.10613995077048094,True
A,GTI,PVsyst,daily_mse,21,0.10421715531176762,340,0.10629592433114153,False
A,GTI,PVsyst,daily_mse,22,0.16880074981496968,339,0.10645258753233941,True
A,GTI,PVsyst,daily_mse,23,0.053561045661558955,338,0.10660994547120255,False
A,GTI,PVsyst,daily_mse,24,0.0530908136251814,337,0.10676800329775729,False
A,GTI,PVsyst,daily_mse,25,0.03545777416258873,336,0.10692676621563627,False
A,GTI,PVsyst,daily_mse,26,0.006774851861795997,335,0.107086239482798,False
A,GTI,PVsyst,daily_mse,27,-0.029213179993628078,334,0.10724642841225822,False
A,GTI,PVsyst,daily_mse,28,0.02695057382859212,333,0.10740733837283342,False
A,GTI,PVsyst,daily_mse,29,0.02120311550498818,332,0.10756897478989653,False
A,GTI,PVsyst,daily_mse,30,0.022171314517305418,331,0.10773134314614528,False
A,Temperature,IDA ICE,daily_mean_error,1,0.47810589845046875,360,0.10330107023216706,True
A,Temperature,IDA ICE,daily_mean_error,2,0.42138137589351643,359,0.10344484353797487,True
A,Temperature,IDA ICE,daily_mean_error,3,0.45967537037963646,358,0.10358921882601123,True
A,Temperature,IDA ICE,daily_mean_error,4,0.41210791790068035,357,0.10373420030889277,True
A,Temperature,IDA ICE,daily_mean_error,5,0.3614303060786059,356,0.10387979224062328,True
A,Temperature,IDA ICE,daily_mean_error,6,0.357863641857637,355,0.10402599891711795,True
A,Temperature,IDA ICE,daily_mean_error,7,0.31448053506973733,354,0.10417282467673585,True
A,Temperature,IDA ICE,daily_mean_error,8,0.27561347579920203,353,0.10432027390082049,True
A,Temperature,IDA ICE,daily_mean_error,9,0.3073294325518674,352,0.1044683510142491,True
A,Temperature,IDA ICE,daily_mean_error,10,0.2299862680583325,351,0.10461706048599027,True
A,Temperature,IDA ICE,daily_mean_error,11,0.218547210922961,350,0.10476640682967035,True
A,Temperature,IDA ICE,daily_mean_error,12,0.30769969136402797,349,0.10491639460414909,True
A,Temperature,IDA ICE,daily_mean_error,13,0.24239355148434708,348,0.10506702841410388,True
A,Temperature,IDA ICE,daily_mean_error,14,0.2701865967486235,347,0.10521831291062372,True
A,Temperature,IDA ICE,daily_mean_error,15,0.29767932809923064,346,0.10537025279181218,True
A,Temperature,IDA ICE,daily_mean_error,16,0.3290183032772923,345,0.10552285280340044,True
A,Temperature,IDA ICE,daily_mean_error,17,0.3193926887942765,344,0.10567611773936965,True
A,Temperature,IDA ICE,daily_mean_error,18,0.2893828318212905,343,0.10583005244258362,True
A,Temperature,IDA ICE,daily_mean_error,19,0.3024028295852402,342,0.10598466180543152,True
A,Temperature,IDA ICE,daily_mean_error,20,0.2678858185523988,341,0.10613995077048094,True
A,Temperature,IDA ICE,daily_mean_error,21,0.3005974301446943,340,0.10629592433114153,True
A,Temperature,IDA ICE,daily_mean_error,22,0.28161108758749126,339,0.10645258753233941,True
A,Temperature,IDA ICE,daily_mean_error,23,0.27107775179468263,338,0.10660994547120255,True
A,Temperature,IDA ICE,daily_mean_error,24,0.30937845320855584,337,0.10676800329775729,True
A,Temperature,IDA ICE,daily_mean_error,25,0.2510320932012295,336,0.10692676621563627,True
A,Temperature,IDA ICE,daily_mean_error,26,0.2540224575804782,335,0.107086239482798,True
A,Temperature,IDA ICE,daily_mean_error,27,0.24843711635204976,334,0.10724642841225822,True
A,Temperature,IDA ICE,daily_mean_error,28,0.23600367502364242,333,0.10740733837283342,True
A,Temperature,IDA ICE,daily_mean_error,29,0.24771227564524267,332,0.10756897478989653,True
A,Temperature,IDA ICE,daily_mean_error,30,0.2728032862037494,331,0.10773134314614528,True
A,Temperature,IDA ICE,daily_mse,1,0.3402864770248612,360,0.10330107023216706,True
A,Temperature,IDA ICE,daily_mse,2,0.3305949610995479,359,0.10344484353797487,True
A,Temperature,IDA ICE,daily_mse,3,0.29390298845119356,358,0.10358921882601123,True
A,Temperature,IDA ICE,daily_mse,4,0.31120144531095234,357,0.10373420030889277,True
A,Temperature,IDA ICE,daily_mse,5,0.21228676338040953,356,0.10387979224062328,True
A,Temperature,IDA ICE,daily_mse,6,0.17209628831622206,355,0.10402599891711795,True
A,Temperature,IDA ICE,daily_mse,7,0.14043940091209137,354,0.10417282467673585,True
A,Temperature,IDA ICE,daily_mse,8,0.14112251792787314,353,0.10432027390082049,True
A,Temperature,IDA ICE,daily_mse,9,0.13326444616191555,352,0.1044683510142491,True
A,Temperature,IDA ICE,daily_mse,10,0.0774005718937342,351,0.10461706048599027,False
A,Temperature,IDA ICE,daily_mse,11,0.10119559644035749,350,0.10476640682967035,False
A,Temperature,IDA ICE,daily_mse,12,0.2061649244223086,349,0.10491639460414909,True
A,Temperature,IDA ICE,daily_mse,13,0.12565461194449745,348,0.10506702841410388,True
A,Temperature,IDA ICE,daily_mse,14,0.15997716372178264,347,0.10521831291062372,True
A,Temperature,IDA ICE,daily_mse,15,0.2373367236255686,346,0.10537025279181218,True
A,Temperature,IDA ICE,daily_mse,16,0.2394055988649448,345,0.10552285280340044,True
A,Temperature,IDA ICE,daily_mse,17,0.2210490891992435,344,0.10567611773936965,True
A,Temperature,IDA ICE,daily_mse,18,0.1797103739857855,343,0.10583005244258362,True
A,Temperature,IDA ICE,daily_mse,19,0.23004152298069092,342,0.10598466180543152,True
A,Temperature,IDA ICE,daily_mse,20,0.20031283003791317,341,0.10613995077048094,True
A,Temperature,IDA ICE,daily_mse,21,0.2227371909892185,340,0.10629592433114153,True
A,Temperature,IDA ICE,daily_mse,22,0.14259310610070738,339,0.10645258753233941,True
A,Temperature,IDA ICE,daily_mse,23,0.16581078252628925,338,0.10660994547120255,True
A,Temperature,IDA ICE,daily_mse,24,0.21417061390245828,337,0.10676800329775729,True
A,Temperature,IDA ICE,daily_mse,25,0.11203047322756483,336,0.10692676621563627,True
A,Temperature,IDA ICE,daily_mse,26,0.07955377569856477,335,0.107086239482798,False
A,Temperature,IDA ICE,daily_mse,27,0.12681334025195856,334,0.10724642841225822,True
A,Temperature,IDA ICE,daily_mse,28,0.09823498494273808,333,0.10740733837283342,False
A,Temperature,IDA ICE,daily_mse,29,0.07940209909442121,332,0.10756897478989653,False
A,Temperature,IDA ICE,daily_mse,30,0.14664586118290424,331,0.10773134314614528,True
A,Temperature,PVsyst,daily_mean_error,1,0.508903126588689,360,0.10330107023216706,True
A,Temperature,PVsyst,daily_mean_error,2,0.4213674516544054,359,0.10344484353797487,True
A,Temperature,PVsyst,daily_mean_error,3,0.4283138683614014,358,0.10358921882601123,True
A,Temperature,PVsyst,daily_mean_error,4,0.3514636618554467,357,0.10373420030889277,True
A,Temperature,PVsyst,daily_mean_error,5,0.3380133718389798,356,0.10387979224062328,True
A,Temperature,PVsyst,daily_mean_error,6,0.37007563745656596,355,0.10402599891711795,True
A,Temperature,PVsyst,daily_mean_error,7,0.2991562367413277,354,0.10417282467673585,True
A,Temperature,PVsyst,daily_mean_error,8,0.3006858064913551,353,0.10432027390082049,True
A,Temperature,PVsyst,daily_mean_error,9,0.2631090407228197,352,0.1044683510142491,True
A,Temperature,PVsyst,daily_mean_error,10,0.22320197797717709,351,0.10461706048599027,True
A,Temperature,PVsyst,daily_mean_error,11,0.24721303617136392,350,0.10476640682967035,True
A,Temperature,PVsyst,daily_mean_error,12,0.24818627936586019,349,0.10491639460414909,True
A,Temperature,PVsyst,daily_mean_error,13,0.25348265178585583,348,0.10506702841410388,True
A,Temperature,PVsyst,daily_mean_error,14,0.2550466997185183,347,0.10521831291062372,True
A,Temperature,PVsyst,daily_mean_error,15,0.232452002862512,346,0.10537025279181218,True
A,Temperature,PVsyst,daily_mean_error,16,0.2769396735141486,345,0.10552285280340044,True
A,Temperature,PVsyst,daily_mean_error,17,0.25938693672962715,344,0.10567611773936965,True
A,Temperature,PVsyst,daily_mean_error,18,0.2292686254255407,343,0.10583005244258362,True
A,Temperature,PVsyst,daily_mean_error,19,0.19779423477951422,342,0.10598466180543152,True
A,Temperature,PVsyst,daily_mean_error,20,0.18964484602832218,341,0.10613995077048094,True
A,Temperature,PVsyst,daily_mean_error,21,0.26193240522054545,340,0.10629592433114153,True
A,Temperature,PVsyst,daily_mean_error,22,0.26302379412268795,339,0.10645258753233941,True
A,Temperature,PVsyst,daily_mean_error,23,0.27496151665515334,338,0.10660994547120255,True
A,Temperature,PVsyst,daily_mean_error,24,0.30838349309086066,337,0.10676800329775729,True
A,Temperature,PVsyst,daily_mean_error,25,0.2568261190520029,336,0.10692676621563627,True
A,Temperature,PVsyst,daily_mean_error,26,0.25795678063912436,335,0.107086239482798,True
A,Temperature,PVsyst,daily_mean_error,27,0.24872899321874517,334,0.10724642841225822,True
A,Temperature,PVsyst,daily_mean_error,28,0.23943986927470778,333,0.10740733837283342,True
A,Temperature,PVsyst,daily_mean_error,29,0.24576224278981346,332,0.10756897478989653,True
A,Temperature,PVsyst,daily_mean_error,30,0.28056513881710493,331,0.10773134314614528,True
A,Temperature,PVsyst,daily_mse,1,0.3689604624206209,360,0.10330107023216706,True
A,Temperature,PVsyst,daily_mse,2,0.42270545600864684,359,0.10344484353797487,True
A,Temperature,PVsyst,daily_mse,3,0.36396826783539,358,0.10358921882601123,True
A,Temperature,PVsyst,daily_mse,4,0.37703815379484584,357,0.10373420030889277,True
A,Temperature,PVsyst,daily_mse,5,0.27960646944193585,356,0.10387979224062328,True
A,Temperature,PVsyst,daily_mse,6,0.22787742510518025,355,0.10402599891711795,True
A,Temperature,PVsyst,daily_mse,7,0.1831021956613749,354,0.10417282467673585,True
A,Temperature,PVsyst,daily_mse,8,0.10206383724975734,353,0.10432027390082049,False
A,Temperature,PVsyst,daily_mse,9,0.1614425228362952,352,0.1044683510142491,True
A,Temperature,PVsyst,daily_mse,10,0.12968263264076507,351,0.10461706048599027,True
A,Temperature,PVsyst,daily_mse,11,0.13665758089845156,350,0.10476640682967035,True
A,Temperature,PVsyst,daily_mse,12,0.21051218331550292,349,0.10491639460414909,True
A,Temperature,PVsyst,daily_mse,13,0.1648126568182284,348,0.10506702841410388,True
A,Temperature,PVsyst,daily_mse,14,0.19961725522797777,347,0.10521831291062372,True
A,Temperature,PVsyst,daily_mse,15,0.2740608842906521,346,0.10537025279181218,True
A,Temperature,PVsyst,daily_mse,16,0.24687297054191842,345,0.10552285280340044,True
A,Temperature,PVsyst,daily_mse,17,0.2637994691492647,344,0.10567611773936965,True
A,Temperature,PVsyst,daily_mse,18,0.24538607930465947,343,0.10583005244258362,True
A,Temperature,PVsyst,daily_mse,19,0.26957824870478775,342,0.10598466180543152,True
A,Temperature,PVsyst,daily_mse,20,0.22837690325303395,341,0.10613995077048094,True
A,Temperature,PVsyst,daily_mse,21,0.24919306589201276,340,0.10629592433114153,True
A,Temperature,PVsyst,daily_mse,22,0.20216692070508852,339,0.10645258753233941,True
A,Temperature,PVsyst,daily_mse,23,0.20176079645737552,338,0.10660994547120255,True
A,Temperature,PVsyst,daily_mse,24,0.27944882559210527,337,0.10676800329775729,True
A,Temperature,PVsyst,daily_mse,25,0.1703460596083233,336,0.10692676621563627,True
A,Temperature,PVsyst,daily_mse,26,0.15395697238070902,335,0.107086239482798,True
A,Temperature,PVsyst,daily_mse,27,0.22376473603570815,334,0.10724642841225822,True
A,Temperature,PVsyst,daily_mse,28,0.19787102210671353,333,0.10740733837283342,True
A,Temperature,PVsyst,daily_mse,29,0.18862455759442356,332,0.10756897478989653,True
A,Temperature,PVsyst,daily_mse,30,0.24282811495759465,331,0.10773134314614528,True
A,Power,IDA ICE,daily_mean_error,1,0.5324728980108788,360,0.10330107023216706,True
A,Power,IDA ICE,daily_mean_error,2,0.37644848323083463,359,0.10344484353797487,True
A,Power,IDA ICE,daily_mean_error,3,0.43736312144640843,358,0.10358921882601123,True
A,Power,IDA ICE,daily_mean_error,4,0.45617232336629476,357,0.10373420030889277,True
A,Power,IDA ICE,daily_mean_error,5,0.36434769877411716,356,0.10387979224062328,True
A,Power,IDA ICE,daily_mean_error,6,0.24872191434639188,355,0.10402599891711795,True
A,Power,IDA ICE,daily_mean_error,7,0.24294281394842085,354,0.10417282467673585,True
A,Power,IDA ICE,daily_mean_error,8,0.24014475836573623,353,0.10432027390082049,True
A,Power,IDA ICE,daily_mean_error,9,0.1459889485332368,352,0.1044683510142491,True
A,Power,IDA ICE,daily_mean_error,10,0.06531666208203746,351,0.10461706048599027,False
A,Power,IDA ICE,daily_mean_error,11,0.05820577702369144,350,0.10476640682967035,False
A,Power,IDA ICE,daily_mean_error,12,0.07289047602184322,349,0.10491639460414909,False
A,Power,IDA ICE,daily_mean_error,13,0.06855590436347399,348,0.10506702841410388,False
A,Power,IDA ICE,daily_mean_error,14,0.00665209643266584,347,0.10521831291062372,False
A,Power,IDA ICE,daily_mean_error,15,0.007426825079305505,346,0.10537025279181218,False
A,Power,IDA ICE,daily_mean_error,16,0.031101356807254565,345,0.10552285280340044,False
A,Power,IDA ICE,daily_mean_error,17,-0.027009881962808655,344,0.10567611773936965,False
A,Power,IDA ICE,daily_mean_error,18,0.026606532007139173,343,0.10583005244258362,False
A,Power,IDA ICE,daily_mean_error,19,0.0378873147934411,342,0.10598466180543152,False
A,Power,IDA ICE,daily_mean_error,20,0.0421701573187204,341,0.10613995077048094,False
A,Power,IDA ICE,daily_mean_error,21,0.08842999923009533,340,0.10629592433114153,False
A,Power,IDA ICE,daily_mean_error,22,0.02475577476697471,339,0.10645258753233941,False
A,Power,IDA ICE,daily_mean_error,23,0.055531396542179354,338,0.10660994547120255,False
A,Power,IDA ICE,daily_mean_error,24,0.11578837090867994,337,0.10676800329775729,True
A,Power,IDA ICE,daily_mean_error,25,0.13089258802189732,336,0.10692676621563627,True
A,Power,IDA ICE,daily_mean_error,26,0.058974546296149115,335,0.107086239482798,False
A,Power,IDA ICE,daily_mean_error,27,0.025635903071455746,334,0.10724642841225822,False
A,Power,IDA ICE,daily_mean_error,28,0.08074714935842135,333,0.10740733837283342,False
A,Power,IDA ICE,daily_mean_error,29,0.1196447064270115,332,0.10756897478989653,True
A,Power,IDA ICE,daily_mean_error,30,0.0016616101091918795,331,0.10773134314614528,False
A,Power,IDA ICE,daily_mse,1,0.29546935507325256,360,0.10330107023216706,True
A,Power,IDA ICE,daily_mse,2,0.22976072018193655,359,0.10344484353797487,True
A,Power,IDA ICE,daily_mse,3,0.20408008364416994,358,0.10358921882601123,True
A,Power,IDA ICE,daily_mse,4,0.30396949619620517,357,0.10373420030889277,True
A,Power,IDA ICE,daily_mse,5,0.17476042663138996,356,0.10387979224062328,True
A,Power,IDA ICE,daily_mse,6,0.16624263472187625,355,0.10402599891711795,True
A,Power,IDA ICE,daily_mse,7,0.1233425634770437,354,0.10417282467673585,True
A,Power,IDA ICE,daily_mse,8,0.07098488438047526,353,0.10432027390082049,False
A,Power,IDA ICE,daily_mse,9,0.0022881441696894966,352,0.1044683510142491,False
A,Power,IDA ICE,daily_mse,10,-0.0176462728900018,351,0.10461706048599027,False
A,Power,IDA ICE,daily_mse,11,0.01582335367249903,350,0.10476640682967035,False
A,Power,IDA ICE,daily_mse,12,0.010075800862448216,349,0.10491639460414909,False
A,Power,IDA ICE,daily_mse,13,-0.04426868978530055,348,0.10506702841410388,False
A,Power,IDA ICE,daily_mse,14,-0.053671714484389885,347,0.10521831291062372,False
A,Power,IDA ICE,daily_mse,15,-0.029466207215439622,346,0.10537025279181218,False
A,Power,IDA ICE,daily_mse,16,0.010920357829966101,345,0.10552285280340044,False
A,Power,IDA ICE,daily_mse,17,-0.004215859427215776,344,0.10567611773936965,False
A,Power,IDA ICE,daily_mse,18,0.045321274282961094,343,0.10583005244258362,False
A,Power,IDA ICE,daily_mse,19,0.08143746065550171,342,0.10598466180543152,False
A,Power,IDA ICE,daily_mse,20,0.034527230727413795,341,0.10613995077048094,False
A,Power,IDA ICE,daily_mse,21,0.052226454807359796,340,0.10629592433114153,False
A,Power,IDA ICE,daily_mse,22,0.03256904520116942,339,0.10645258753233941,False
A,Power,IDA ICE,daily_mse,23,0.06859655354674697,338,0.10660994547120255,False
A,Power,IDA ICE,daily_mse,24,0.09459116016136253,337,0.10676800329775729,False
A,Power,IDA ICE,daily_mse,25,0.06261009768333596,336,0.10692676621563627,False
A,Power,IDA ICE,daily_mse,26,0.004266755924994878,335,0.107086239482798,False
A,Power,IDA ICE,daily_mse,27,-0.006762897398153457,334,0.10724642841225822,False
A,Power,IDA ICE,daily_mse,28,0.031849141087355745,333,0.10740733837283342,False
A,Power,IDA ICE,daily_mse,29,0.06174727555889112,332,0.10756897478989653,False
A,Power,IDA ICE,daily_mse,30,-0.02487146651000534,331,0.10773134314614528,False
A,Power,PVsyst,daily_mean_error,1,0.5724242629092138,360,0.10330107023216706,True
A,Power,PVsyst,daily_mean_error,2,0.37719964666039046,359,0.10344484353797487,True
A,Power,PVsyst,daily_mean_error,3,0.3733496605485789,358,0.10358921882601123,True
A,Power,PVsyst,daily_mean_error,4,0.36857971338469697,357,0.10373420030889277,True
A,Power,PVsyst,daily_mean_error,5,0.30947955785863895,356,0.10387979224062328,True
A,Power,PVsyst,daily_mean_error,6,0.22684310581149159,355,0.10402599891711795,True
A,Power,PVsyst,daily_mean_error,7,0.22267244170223013,354,0.10417282467673585,True
A,Power,PVsyst,daily_mean_error,8,0.22780849758680752,353,0.10432027390082049,True
A,Power,PVsyst,daily_mean_error,9,0.16797130848421227,352,0.1044683510142491,True
A,Power,PVsyst,daily_mean_error,10,0.12806531884929856,351,0.10461706048599027,True
A,Power,PVsyst,daily_mean_error,11,0.08795440305590138,350,0.10476640682967035,False
A,Power,PVsyst,daily_mean_error,12,0.12106471734517991,349,0.10491639460414909,True
A,Power,PVsyst,daily_mean_error,13,0.21041948566921947,348,0.10506702841410388,True
A,Power,PVsyst,daily_mean_error,14,0.17945414490761372,347,0.10521831291062372,True
A,Power,PVsyst,daily_mean_error,15,0.13734034316135602,346,0.10537025279181218,True
A,Power,PVsyst,daily_mean_error,16,0.09925987043911755,345,0.10552285280340044,False
A,Power,PVsyst,daily_mean_error,17,0.05402554052920837,344,0.10567611773936965,False
A,Power,PVsyst,daily_mean_error,18,0.09699602651329046,343,0.10583005244258362,False
A,Power,PVsyst,daily_mean_error,19,0.0828498590388663,342,0.10598466180543152,False
A,Power,PVsyst,daily_mean_error,20,0.09068243395012195,341,0.10613995077048094,False
A,Power,PVsyst,daily_mean_error,21,0.12885468526870872,340,0.10629592433114153,True
A,Power,PVsyst,daily_mean_error,22,0.06068096241157504,339,0.10645258753233941,False
A,Power,PVsyst,daily_mean_error,23,0.08891635976458118,338,0.10660994547120255,False
A,Power,PVsyst,daily_mean_error,24,0.09928357418184214,337,0.10676800329775729,False
A,Power,PVsyst,daily_mean_error,25,0.07718547625973883,336,0.10692676621563627,False
A,Power,PVsyst,daily_mean_error,26,0.03269478039259801,335,0.107086239482798,False
A,Power,PVsyst,daily_mean_error,27,0.0493860441219611,334,0.10724642841225822,False
A,Power,PVsyst,daily_mean_error,28,0.10429582711942113,333,0.10740733837283342,False
A,Power,PVsyst,daily_mean_error,29,0.13826432898600416,332,0.10756897478989653,True
A,Power,PVsyst,daily_mean_error,30,0.04718828700940696,331,0.10773134314614528,False
A,Power,PVsyst,daily_mse,1,0.3068633814644902,360,0.10330107023216706,True
A,Power,PVsyst,daily_mse,2,0.2555223680168081,359,0.10344484353797487,True
A,Power,PVsyst,daily_mse,3,0.24001426783313556,358,0.10358921882601123,True
A,Power,PVsyst,daily_mse,4,0.29477552594573336,357,0.10373420030889277,True
A,Power,PVsyst,daily_mse,5,0.16927314385871906,356,0.10387979224062328,True
A,Power,PVsyst,daily_mse,6,0.1741743559970188,355,0.10402599891711795,True
A,Power,PVsyst,daily_mse,7,0.1437889391992086,354,0.10417282467673585,True
A,Power,PVsyst,daily_mse,8,0.07631436400183651,353,0.10432027390082049,False
A,Power,PVsyst,daily_mse,9,0.011279978553939014,352,0.1044683510142491,False
A,Power,PVsyst,daily_mse,10,0.015242525506445382,351,0.10461706048599027,False
A,Power,PVsyst,daily_mse,11,0.0376709493891057,350,0.10476640682967035,False
A,Power,PVsyst,daily_mse,12,0.04872455623998703,349,0.10491639460414909,False
A,Power,PVsyst,daily_mse,13,0.009609116602531805,348,0.10506702841410388,False
A,Power,PVsyst,daily_mse,14,0.0014307327593502022,347,0.10521831291062372,False
A,Power,PVsyst,daily_mse,15,0.019356397777008413,346,0.10537025279181218,False
A,Power,PVsyst,daily_mse,16,0.06979599525087672,345,0.10552285280340044,False
A,Power,PVsyst,daily_mse,17,0.06251759568539739,344,0.10567611773936965,False
A,Power,PVsyst,daily_mse,18,0.08472347733462554,343,0.10583005244258362,False
A,Power,PVsyst,daily_mse,19,0.1368812605059916,342,0.10598466180543152,True
A,Power,PVsyst,daily_mse,20,0.07468478655075453,341,0.10613995077048094,False
A,Power,PVsyst,daily_mse,21,0.09520241730392694,340,0.10629592433114153,False
A,Power,PVsyst,daily_mse,22,0.09097186628934861,339,0.10645258753233941,False
A,Power,PVsyst,daily_mse,23,0.1112975148549332,338,0.10660994547120255,True
A,Power,PVsyst,daily_mse,24,0.13780803035811273,337,0.10676800329775729,True
A,Power,PVsyst,daily_mse,25,0.0702330595238017,336,0.10692676621563627,False
A,Power,PVsyst,daily_mse,26,0.04125614460651944,335,0.107086239482798,False
A,Power,PVsyst,daily_mse,27,0.033955659101866556,334,0.10724642841225822,False
A,Power,PVsyst,daily_mse,28,0.07976473813482758,333,0.10740733837283342,False
A,Power,PVsyst,daily_mse,29,0.07336195827664804,332,0.10756897478989653,False
A,Power,PVsyst,daily_mse,30,0.01681746167804819,331,0.10773134314614528,False
B,GTI,IDA ICE,daily_mean_error,1,0.5339163185531723,362,0.1030153129206168,True
B,GTI,IDA ICE,daily_mean_error,2,0.47234751508015693,361,0.1031578947368421,True
B,GTI,IDA ICE,daily_mean_error,3,0.44632321426926824,360,0.10330107023216706,True
B,GTI,IDA ICE,daily_mean_error,4,0.4448509319473945,359,0.10344484353797487,True
B,GTI,IDA ICE,daily_mean_error,5,0.430590943834878,358,0.10358921882601123,True
B,GTI,IDA ICE,daily_mean_error,6,0.46554843137708857,357,0.10373420030889277,True
B,GTI,IDA ICE,daily_mean_error,7,0.37539556448727257,356,0.10387979224062328,True
B,GTI,IDA ICE,daily_mean_error,8,0.33539205525738536,355,0.10402599891711795,True
B,GTI,IDA ICE,daily_mean_error,9,0.34662958180276054,354,0.10417282467673585,True
B,GTI,IDA ICE,daily_mean_error,10,0.3449346893732544,353,0.10432027390082049,True
B,GTI,IDA ICE,daily_mean_error,11,0.35911815563388505,352,0.1044683510142491,True
B,GTI,IDA ICE,daily_mean_error,12,0.35978475199203963,351,0.10461706048599027,True
B,GTI,IDA ICE,daily_mean_error,13,0.3587050086919956,350,0.10476640682967035,True
B,GTI,IDA ICE,daily_mean_error,14,0.4071618883772212,349,0.10491639460414909,True
B,GTI,IDA ICE,daily_mean_error,15,0.34616464204962755,348,0.10506702841410388,True
B,GTI,IDA ICE,daily_mean_error,16,0.40159143773552236,347,0.10521831291062372,True
B,GTI,IDA ICE,daily_mean_error,17,0.4250931387244142,346,0.10537025279181218,True
B,GTI,IDA ICE,daily_mean_error,18,0.3815408846280574,345,0.10552285280340044,True
B,GTI,IDA ICE,daily_mean_error,19,0.39048789918089144,344,0.10567611773936965,True
B,GTI,IDA ICE,daily_mean_error,20,0.3903032947374518,343,0.10583005244258362,True
B,GTI,IDA ICE,daily_mean_error,21,0.378992379447357,342,0.10598466180543152,True
B,GTI,IDA ICE,daily_mean_error,22,0.4307247557155658,341,0.10613995077048094,True
B,GTI,IDA ICE,daily_mean_error,23,0.390789963921146,340,0.10629592433114153,True
B,GTI,IDA ICE,daily_mean_error,24,0.3977501826371592,339,0.10645258753233941,True
B,GTI,IDA ICE,daily_mean_error,25,0.32928986610242694,338,0.10660994547120255,True
B,GTI,IDA ICE,daily_mean_error,26,0.28760623378260897,337,0.10676800329775729,True
B,GTI,IDA ICE,daily_mean_error,27,0.3250363046613438,336,0.10692676621563627,True
B,GTI,IDA ICE,daily_mean_error,28,0.35354231442000084,335,0.107086239482798,True
B,GTI,IDA ICE,daily_mean_error,29,0.34665771025840514,334,0.10724642841225822,True
B,GTI,IDA ICE,daily_mean_error,30,0.33169258938134405,333,0.10740733837283342,True
B,GTI,IDA ICE,daily_mse,1,0.07513678392142849,362,0.1030153129206168,False
B,GTI,IDA ICE,daily_mse,2,0.28532978968521927,361,0.1031578947368421,True
B,GTI,IDA ICE,daily_mse,3,0.09210306548947382,360,0.10330107023216706,False
B,GTI,IDA ICE,daily_mse,4,0.09796739596998409,359,0.10344484353797487,False
B,GTI,IDA ICE,daily_mse,5,0.04088930778012839,358,0.10358921882601123,False
B,GTI,IDA ICE,daily_mse,6,0.20951667481488628,357,0.10373420030889277,True
B,GTI,IDA ICE,daily_mse,7,-0.020021061683246962,356,0.10387979224062328,False
B,GTI,IDA ICE,daily_mse,8,-0.02348535519957961,355,0.10402599891711795,False
B,GTI,IDA ICE,daily_mse,9,-0.02861184169935646,354,0.10417282467673585,False
B,GTI,IDA ICE,daily_mse,10,-0.024489338010469784,353,0.10432027390082049,False
B,GTI,IDA ICE,daily_mse,11,-0.0258981683046273,352,0.1044683510142491,False
B,GTI,IDA ICE,daily_mse,12,-0.023979112064890028,351,0.10461706048599027,False
B,GTI,IDA ICE,daily_mse,13,0.033871729151764916,350,0.10476640682967035,False
B,GTI,IDA ICE,daily_mse,14,0.3321286667830896,349,0.10491639460414909,True
B,GTI,IDA ICE,daily_mse,15,0.010236585714530042,348,0.10506702841410388,False
B,GTI,IDA ICE,daily_mse,16,0.26076837104088707,347,0.10521831291062372,True
B,GTI,IDA ICE,daily_mse,17,0.05268876283568072,346,0.10537025279181218,False
B,GTI,IDA ICE,daily_mse,18,0.009757758477479157,345,0.10552285280340044,False
B,GTI,IDA ICE,daily_mse,19,0.11394511488177803,344,0.10567611773936965,True
B,GTI,IDA ICE,daily_mse,20,0.19390674062676785,343,0.10583005244258362,True
B,GTI,IDA ICE,daily_mse,21,0.009636339053036291,342,0.10598466180543152,False
B,GTI,IDA ICE,daily_mse,22,0.04465989205745299,341,0.10613995077048094,False
B,GTI,IDA ICE,daily_mse,23,0.003880216151212259,340,0.10629592433114153,False
B,GTI,IDA ICE,daily_mse,24,-0.024024811288505015,339,0.10645258753233941,False
B,GTI,IDA ICE,daily_mse,25,-0.0033267607073845145,338,0.10660994547120255,False
B,GTI,IDA ICE,daily_mse,26,0.0008197773113251777,337,0.10676800329775729,False
B,GTI,IDA ICE,daily_mse,27,-0.028043093235763088,336,0.10692676621563627,False
B,GTI,IDA ICE,daily_mse,28,-0.01927143095554791,335,0.107086239482798,False
B,GTI,IDA ICE,daily_mse,29,0.006708558342820198,334,0.10724642841225822,False
B,GTI,IDA ICE,daily_mse,30,-0.016829795497433065,333,0.10740733837283342,False
B,GTI,PVsyst,daily_mean_error,1,0.4358699529126073,362,0.1030153129206168,True
B,GTI,PVsyst,daily_mean_error,2,0.30789324236893045,361,0.1031578947368421,True
B,GTI,PVsyst,daily_mean_error,3,0.26636329728655783,360,0.10330107023216706,True
B,GTI,PVsyst,daily_mean_error,4,0.26800416849940906,359,0.10344484353797487,True
B,GTI,PVsyst,daily_mean_error,5,0.20520361983456548,358,0.10358921882601123,True
B,GTI,PVsyst,daily_mean_error,6,0.21590293216123252,357,0.10373420030889277,True
B,GTI,PVsyst,daily_mean_error,7,0.11973396159267156,356,0.10387979224062328,True
B,GTI,PVsyst,daily_mean_error,8,0.09413395884777175,355,0.10402599891711795,False
B,GTI,PVsyst,daily_mean_error,9,0.09433134425602385,354,0.10417282467673585,False
B,GTI,PVsyst,daily_mean_error,10,0.10633867759437966,353,0.10432027390082049,True
B,GTI,PVsyst,daily_mean_error,11,0.07066095047685338,352,0.1044683510142491,False
B,GTI,PVsyst,daily_mean_error,12,0.09284242441870949,351,0.10461706048599027,False
B,GTI,PVsyst,daily_mean_error,13,0.137519888907542,350,0.10476640682967035,True
B,GTI,PVsyst,daily_mean_error,14,0.21549680749942715,349,0.10491639460414909,True
B,GTI,PVsyst,daily_mean_error,15,0.13605287597133506,348,0.10506702841410388,True
B,GTI,PVsyst,daily_mean_error,16,0.24513535409333448,347,0.10521831291062372,True
B,GTI,PVsyst,daily_mean_error,17,0.22430435297058895,346,0.10537025279181218,True
B,GTI,PVsyst,daily_mean_error,18,0.17179510656028685,345,0.10552285280340044,True
B,GTI,PVsyst,daily_mean_error,19,0.19125987673812725,344,0.10567611773936965,True
B,GTI,PVsyst,daily_mean_error,20,0.19633000953697638,343,0.10583005244258362,True
B,GTI,PVsyst,daily_mean_error,21,0.16924759305029854,342,0.10598466180543152,True
B,GTI,PVsyst,daily_mean_error,22,0.2645921808352187,341,0.10613995077048094,True
B,GTI,PVsyst,daily_mean_error,23,0.17430427251937747,340,0.10629592433114153,True
B,GTI,PVsyst,daily_mean_error,24,0.16450707137690232,339,0.10645258753233941,True
B,GTI,PVsyst,daily_mean_error,25,0.10195924067462053,338,0.10660994547120255,False
B,GTI,PVsyst,daily_mean_error,26,0.06830609150021502,337,0.10676800329775729,False
B,GTI,PVsyst,daily_mean_error,27,0.060101002444819064,336,0.10692676621563627,False
B,GTI,PVsyst,daily_mean_error,28,0.11201105307737767,335,0.107086239482798,True
B,GTI,PVsyst,daily_mean_error,29,0.08142066303199344,334,0.10724642841225822,False
B,GTI,PVsyst,daily_mean_error,30,0.10451402070248893,333,0.10740733837283342,False
B,GTI,PVsyst,daily_mse,1,0.07421317856070064,362,0.1030153129206168,False
B,GTI,PVsyst,daily_mse,2,0.26827084748177765,361,0.1031578947368421,True
B,GTI,PVsyst,daily_mse,3,0.08134800717005564,360,0.10330107023216706,False
B,GTI,PVsyst,daily_mse,4,0.09148389730523944,359,0.10344484353797487,False
B,GTI,PVsyst,daily_mse,5,0.029805814956823554,358,0.10358921882601123,False
B,GTI,PVsyst,daily_mse,6,0.19353396812002555,357,0.10373420030889277,True
B,GTI,PVsyst,daily_mse,7,-0.03827223030182154,356,0.10387979224062328,False
B,GTI,PVsyst,daily_mse,8,-0.04278079525711969,355,0.10402599891711795,False
B,GTI,PVsyst,daily_mse,9,-0.048021460023521756,354,0.10417282467673585,False
B,GTI,PVsyst,daily_mse,10,-0.04393703328748906,353,0.10432027390082049,False
B,GTI,PVsyst,daily_mse,11,-0.04796691026327376,352,0.1044683510142491,False
B,GTI,PVsyst,daily_mse,12,-0.037259284638960354,351,0.10461706048599027,False
B,GTI,PVsyst,daily_mse,13,0.025845858854875038,350,0.10476640682967035,False
B,GTI,PVsyst,daily_mse,14,0.3089087247268345,349,0.10491639460414909,True
B,GTI,PVsyst,daily_mse,15,-0.003560084269331134,348,0.10506702841410388,False
B,GTI,PVsyst,daily_mse,16,0.2754019969640625,347,0.10521831291062372,True
B,GTI,PVsyst,daily_mse,17,0.05618990246347412,346,0.10537025279181218,False
B,GTI,PVsyst,daily_mse,18,0.022554378857250965,345,0.10552285280340044,False
B,GTI,PVsyst,daily_mse,19,0.13451584594245564,344,0.10567611773936965,True
B,GTI,PVsyst,daily_mse,20,0.21087482521093115,343,0.10583005244258362,True
B,GTI,PVsyst,daily_mse,21,0.005074665773705838,342,0.10598466180543152,False
B,GTI,PVsyst,daily_mse,22,0.07439217847905932,341,0.10613995077048094,False
B,GTI,PVsyst,daily_mse,23,0.004289413157799715,340,0.10629592433114153,False
B,GTI,PVsyst,daily_mse,24,-0.02456578538884878,339,0.10645258753233941,False
B,GTI,PVsyst,daily_mse,25,-0.010725429187675696,338,0.10660994547120255,False
B,GTI,PVsyst,daily_mse,26,-0.008307510380617174,337,0.10676800329775729,False
B,GTI,PVsyst,daily_mse,27,-0.047973060765502056,336,0.10692676621563627,False
B,GTI,PVsyst,daily_mse,28,-0.025326700086954482,335,0.107086239482798,False
B,GTI,PVsyst,daily_mse,29,-0.007161079872640967,334,0.10724642841225822,False
B,GTI,PVsyst,daily_mse,30,-0.03024495241095683,333,0.10740733837283342,False
B,Temperature,IDA ICE,daily_mean_error,1,0.5795212627026053,362,0.1030153129206168,True
B,Temperature,IDA ICE,daily_mean_error,2,0.4944230278561772,361,0.1031578947368421,True
B,Temperature,IDA ICE,daily_mean_error,3,0.5048815811828787,360,0.10330107023216706,True
B,Temperature,IDA ICE,daily_mean_error,4,0.46640696213511046,359,0.10344484353797487,True
B,Temperature,IDA ICE,daily_mean_error,5,0.4104458720017335,358,0.10358921882601123,True
B,Temperature,IDA ICE,daily_mean_error,6,0.40602625761244804,357,0.10373420030889277,True
B,Temperature,IDA ICE,daily_mean_error,7,0.3926145199752724,356,0.10387979224062328,True
B,Temperature,IDA ICE,daily_mean_error,8,0.3450303927385256,355,0.10402599891711795,True
B,Temperature,IDA ICE,daily_mean_error,9,0.3917670257016788,354,0.10417282467673585,True
B,Temperature,IDA ICE,daily_mean_error,10,0.36094599291840174,353,0.10432027390082049,True
B,Temperature,IDA ICE,daily_mean_error,11,0.34725826935570375,352,0.1044683510142491,True
B,Temperature,IDA ICE,daily_mean_error,12,0.37148809870149646,351,0.10461706048599027,True
B,Temperature,IDA ICE,daily_mean_error,13,0.35430591800267613,350,0.10476640682967035,True
B,Temperature,IDA ICE,daily_mean_error,14,0.38772538249712685,349,0.10491639460414909,True
B,Temperature,IDA ICE,daily_mean_error,15,0.3767609499479626,348,0.10506702841410388,True
B,Temperature,IDA ICE,daily_mean_error,16,0.40382290425104006,347,0.10521831291062372,True
B,Temperature,IDA ICE,daily_mean_error,17,0.416963912713914,346,0.10537025279181218,True
B,Temperature,IDA ICE,daily_mean_error,18,0.35971423205450737,345,0.10552285280340044,True
B,Temperature,IDA ICE,daily_mean_error,19,0.37327489517952556,344,0.10567611773936965,True
B,Temperature,IDA ICE,daily_mean_error,20,0.3589754842784128,343,0.10583005244258362,True
B,Temperature,IDA ICE,daily_mean_error,21,0.3521277708226524,342,0.10598466180543152,True
B,Temperature,IDA ICE,daily_mean_error,22,0.3559992063994113,341,0.10613995077048094,True
B,Temperature,IDA ICE,daily_mean_error,23,0.34236934897670396,340,0.10629592433114153,True
B,Temperature,IDA ICE,daily_mean_error,24,0.3361483088156825,339,0.10645258753233941,True
B,Temperature,IDA ICE,daily_mean_error,25,0.26556090788724923,338,0.10660994547120255,True
B,Temperature,IDA ICE,daily_mean_error,26,0.24817558788494512,337,0.10676800329775729,True
B,Temperature,IDA ICE,daily_mean_error,27,0.2616170697780354,336,0.10692676621563627,True
B,Temperature,IDA ICE,daily_mean_error,28,0.28659394033657143,335,0.107086239482798,True
B,Temperature,IDA ICE,daily_mean_error,29,0.2744799961227309,334,0.10724642841225822,True
B,Temperature,IDA ICE,daily_mean_error,30,0.30741659200904836,333,0.10740733837283342,True
B,Temperature,IDA ICE,daily_mse,1,0.5161461242733146,362,0.1030153129206168,True
B,Temperature,IDA ICE,daily_mse,2,0.4287360782176142,361,0.1031578947368421,True
B,Temperature,IDA ICE,daily_mse,3,0.384678578949245,360,0.10330107023216706,True
B,Temperature,IDA ICE,daily_mse,4,0.3176423412973437,359,0.10344484353797487,True
B,Temperature,IDA ICE,daily_mse,5,0.23607220617079208,358,0.10358921882601123,True
B,Temperature,IDA ICE,daily_mse,6,0.21808295296285077,357,0.10373420030889277,True
B,Temperature,IDA ICE,daily_mse,7,0.20171787236769034,356,0.10387979224062328,True
B,Temperature,IDA ICE,daily_mse,8,0.15226935383643786,355,0.10402599891711795,True
B,Temperature,IDA ICE,daily_mse,9,0.20453671119586456,354,0.10417282467673585,True
B,Temperature,IDA ICE,daily_mse,10,0.18025058878168015,353,0.10432027390082049,True
B,Temperature,IDA ICE,daily_mse,11,0.16732679547280857,352,0.1044683510142491,True
B,Temperature,IDA ICE,daily_mse,12,0.2381214784212952,351,0.10461706048599027,True
B,Temperature,IDA ICE,daily_mse,13,0.23266302651137993,350,0.10476640682967035,True
B,Temperature,IDA ICE,daily_mse,14,0.2695539001356173,349,0.10491639460414909,True
B,Temperature,IDA ICE,daily_mse,15,0.322327758481899,348,0.10506702841410388,True
B,Temperature,IDA ICE,daily_mse,16,0.31741477413778874,347,0.10521831291062372,True
B,Temperature,IDA ICE,daily_mse,17,0.32795557633403877,346,0.10537025279181218,True
B,Temperature,IDA ICE,daily_mse,18,0.3190091670229644,345,0.10552285280340044,True
B,Temperature,IDA ICE,daily_mse,19,0.3083412869011365,344,0.10567611773936965,True
B,Temperature,IDA ICE,daily_mse,20,0.2714775895023076,343,0.10583005244258362,True
B,Temperature,IDA ICE,daily_mse,21,0.23905788195713482,342,0.10598466180543152,True
B,Temperature,IDA ICE,daily_mse,22,0.1740929380486224,341,0.10613995077048094,True
B,Temperature,IDA ICE,daily_mse,23,0.1886646258191795,340,0.10629592433114153,True
B,Temperature,IDA ICE,daily_mse,24,0.16805741461863705,339,0.10645258753233941,True
B,Temperature,IDA ICE,daily_mse,25,0.06431041032719415,338,0.10660994547120255,False
B,Temperature,IDA ICE,daily_mse,26,0.032543446663799935,337,0.10676800329775729,False
B,Temperature,IDA ICE,daily_mse,27,0.06526493600386152,336,0.10692676621563627,False
B,Temperature,IDA ICE,daily_mse,28,0.12184795082225752,335,0.107086239482798,True
B,Temperature,IDA ICE,daily_mse,29,0.10586529921033419,334,0.10724642841225822,False
B,Temperature,IDA ICE,daily_mse,30,0.16163353257384017,333,0.10740733837283342,True
B,Temperature,PVsyst,daily_mean_error,1,0.6423405937864612,362,0.1030153129206168,True
B,Temperature,PVsyst,daily_mean_error,2,0.49016084370511787,361,0.1031578947368421,True
B,Temperature,PVsyst,daily_mean_error,3,0.45250686803536083,360,0.10330107023216706,True
B,Temperature,PVsyst,daily_mean_error,4,0.4077323982673697,359,0.10344484353797487,True
B,Temperature,PVsyst,daily_mean_error,5,0.3742374799682792,358,0.10358921882601123,True
B,Temperature,PVsyst,daily_mean_error,6,0.38863391939058606,357,0.10373420030889277,True
B,Temperature,PVsyst,daily_mean_error,7,0.3576825512054846,356,0.10387979224062328,True
B,Temperature,PVsyst,daily_mean_error,8,0.3305200453666627,355,0.10402599891711795,True
B,Temperature,PVsyst,daily_mean_error,9,0.331790079516678,354,0.10417282467673585,True
B,Temperature,PVsyst,daily_mean_error,10,0.3149192942363026,353,0.10432027390082049,True
B,Temperature,PVsyst,daily_mean_error,11,0.30884017263398955,352,0.1044683510142491,True
B,Temperature,PVsyst,daily_mean_error,12,0.31306880521057606,351,0.10461706048599027,True
B,Temperature,PVsyst,daily_mean_error,13,0.32345819198673875,350,0.10476640682967035,True
B,Temperature,PVsyst,daily_mean_error,14,0.33111391785523586,349,0.10491639460414909,True
B,Temperature,PVsyst,daily_mean_error,15,0.31184329550800066,348,0.10506702841410388,True
B,Temperature,PVsyst,daily_mean_error,16,0.34979052835824964,347,0.10521831291062372,True
B,Temperature,PVsyst,daily_mean_error,17,0.33351457692352565,346,0.10537025279181218,True
B,Temperature,PVsyst,daily_mean_error,18,0.2964364238685924,345,0.10552285280340044,True
B,Temperature,PVsyst,daily_mean_error,19,0.275708498040567,344,0.10567611773936965,True
B,Temperature,PVsyst,daily_mean_error,20,0.2811587776281594,343,0.10583005244258362,True
B,Temperature,PVsyst,daily_mean_error,21,0.3105084801486459,342,0.10598466180543152,True
B,Temperature,PVsyst,daily_mean_error,22,0.3179333830879305,341,0.10613995077048094,True
B,Temperature,PVsyst,daily_mean_error,23,0.3267783362359598,340,0.10629592433114153,True
B,Temperature,PVsyst,daily_mean_error,24,0.30432994799666735,339,0.10645258753233941,True
B,Temperature,PVsyst,daily_mean_error,25,0.26921206842321094,338,0.10660994547120255,True
B,Temperature,PVsyst,daily_mean_error,26,0.2452821511641739,337,0.10676800329775729,True
B,Temperature,PVsyst,daily_mean_error,27,0.2598057970551603,336,0.10692676621563627,True
B,Temperature,PVsyst,daily_mean_error,28,0.2907357490654082,335,0.107086239482798,True
B,Temperature,PVsyst,daily_mean_error,29,0.283409366012952,334,0.10724642841225822,True
B,Temperature,PVsyst,daily_mean_error,30,0.28053351950713434,333,0.10740733837283342,True
B,Temperature,PVsyst,daily_mse,1,0.5164426343823377,362,0.1030153129206168,True
B,Temperature,PVsyst,daily_mse,2,0.4381700397644139,361,0.1031578947368421,True
B,Temperature,PVsyst,daily_mse,3,0.35944360038567685,360,0.10330107023216706,True
B,Temperature,PVsyst,daily_mse,4,0.2945656714876089,359,0.10344484353797487,True
B,Temperature,PVsyst,daily_mse,5,0.20243358659638022,358,0.10358921882601123,True
B,Temperature,PVsyst,daily_mse,6,0.17231275311091182,357,0.10373420030889277,True
B,Temperature,PVsyst,daily_mse,7,0.1590673033412746,356,0.10387979224062328,True
B,Temperature,PVsyst,daily_mse,8,0.10694708716754976,355,0.10402599891711795,True
B,Temperature,PVsyst,daily_mse,9,0.11893363956558252,354,0.10417282467673585,True
B,Temperature,PVsyst,daily_mse,10,0.11736851287668015,353,0.10432027390082049,True
B,Temperature,PVsyst,daily_mse,11,0.10688118083171909,352,0.1044683510142491,True
B,Temperature,PVsyst,daily_mse,12,0.17223394264589106,351,0.10461706048599027,True
B,Temperature,PVsyst,daily_mse,13,0.15827984918032126,350,0.10476640682967035,True
B,Temperature,PVsyst,daily_mse,14,0.19509304569501867,349,0.10491639460414909,True
B,Temperature,PVsyst,daily_mse,15,0.24679748952711852,348,0.10506702841410388,True
B,Temperature,PVsyst,daily_mse,16,0.21424386327129002,347,0.10521831291062372,True
B,Temperature,PVsyst,daily_mse,17,0.23197992994009775,346,0.10537025279181218,True
B,Temperature,PVsyst,daily_mse,18,0.24099610166788044,345,0.10552285280340044,True
B,Temperature,PVsyst,daily_mse,19,0.23923718089235527,344,0.10567611773936965,True
B,Temperature,PVsyst,daily_mse,20,0.2154031768454433,343,0.10583005244258362,True
B,Temperature,PVsyst,daily_mse,21,0.1961687748159363,342,0.10598466180543152,True
B,Temperature,PVsyst,daily_mse,22,0.11977908754194592,341,0.10613995077048094,True
B,Temperature,PVsyst,daily_mse,23,0.1492518648859953,340,0.10629592433114153,True
B,Temperature,PVsyst,daily_mse,24,0.1422804295889352,339,0.10645258753233941,True
B,Temperature,PVsyst,daily_mse,25,0.053882529397419575,338,0.10660994547120255,False
B,Temperature,PVsyst,daily_mse,26,0.07745180291292604,337,0.10676800329775729,False
B,Temperature,PVsyst,daily_mse,27,0.1471040071979677,336,0.10692676621563627,True
B,Temperature,PVsyst,daily_mse,28,0.15639225346299457,335,0.107086239482798,True
B,Temperature,PVsyst,daily_mse,29,0.17234298720967767,334,0.10724642841225822,True
B,Temperature,PVsyst,daily_mse,30,0.2002397920624074,333,0.10740733837283342,True
B,Power,IDA ICE,daily_mean_error,1,0.17066281956730622,362,0.1030153129206168,True
B,Power,IDA ICE,daily_mean_error,2,0.12556632477248214,361,0.1031578947368421,True
B,Power,IDA ICE,daily_mean_error,3,0.1530177096922762,360,0.10330107023216706,True
B,Power,IDA ICE,daily_mean_error,4,0.10536967388706527,359,0.10344484353797487,True
B,Power,IDA ICE,daily_mean_error,5,0.12178580098515866,358,0.10358921882601123,True
B,Power,IDA ICE,daily_mean_error,6,0.0876120784635279,357,0.10373420030889277,False
B,Power,IDA ICE,daily_mean_error,7,0.13810880852963844,356,0.10387979224062328,True
B,Power,IDA ICE,daily_mean_error,8,0.161745596558571,355,0.10402599891711795,True
B,Power,IDA ICE,daily_mean_error,9,0.10709028996557553,354,0.10417282467673585,True
B,Power,IDA ICE,daily_mean_error,10,0.023503681432606893,353,0.10432027390082049,False
B,Power,IDA ICE,daily_mean_error,11,0.0023719451186739494,352,0.1044683510142491,False
B,Power,IDA ICE,daily_mean_error,12,0.05931251291122598,351,0.10461706048599027,False
B,Power,IDA ICE,daily_mean_error,13,0.02440354645917447,350,0.10476640682967035,False
B,Power,IDA ICE,daily_mean_error,14,0.08301874993920931,349,0.10491639460414909,False
B,Power,IDA ICE,daily_mean_error,15,0.035014970027481614,348,0.10506702841410388,False
B,Power,IDA ICE,daily_mean_error,16,0.10408715601458751,347,0.10521831291062372,False
B,Power,IDA ICE,daily_mean_error,17,0.11402785341697899,346,0.10537025279181218,True
B,Power,IDA ICE,daily_mean_error,18,0.04453596995864859,345,0.10552285280340044,False
B,Power,IDA ICE,daily_mean_error,19,0.0569015739931788,344,0.10567611773936965,False
B,Power,IDA ICE,daily_mean_error,20,0.118080654177381,343,0.10583005244258362,True
B,Power,IDA ICE,daily_mean_error,21,0.0307384300114444,342,0.10598466180543152,False
B,Power,IDA ICE,daily_mean_error,22,0.12188906591099247,341,0.10613995077048094,True
B,Power,IDA ICE,daily_mean_error,23,0.04012727220136191,340,0.10629592433114153,False
B,Power,IDA ICE,daily_mean_error,24,0.13595946915492485,339,0.10645258753233941,True
B,Power,IDA ICE,daily_mean_error,25,0.0827621188543756,338,0.10660994547120255,False
B,Power,IDA ICE,daily_mean_error,26,0.038346367245168884,337,0.10676800329775729,False
B,Power,IDA ICE,daily_mean_error,27,0.030895363172536546,336,0.10692676621563627,False
B,Power,IDA ICE,daily_mean_error,28,0.012159540759889636,335,0.107086239482798,False
B,Power,IDA ICE,daily_mean_error,29,-0.008998414081417848,334,0.10724642841225822,False
B,Power,IDA ICE,daily_mean_error,30,-0.013058484912045405,333,0.10740733837283342,False
B,Power,IDA ICE,daily_mse,1,0.07864790383633553,362,0.1030153129206168,False
B,Power,IDA ICE,daily_mse,2,0.03738408771882377,361,0.1031578947368421,False
B,Power,IDA ICE,daily_mse,3,0.06779662688094094,360,0.10330107023216706,False
B,Power,IDA ICE,daily_mse,4,0.031526432464759696,359,0.10344484353797487,False
B,Power,IDA ICE,daily_mse,5,0.05858066911275093,358,0.10358921882601123,False
B,Power,IDA ICE,daily_mse,6,0.04142514109357036,357,0.10373420030889277,False
B,Power,IDA ICE,daily_mse,7,0.08351975724234642,356,0.10387979224062328,False
B,Power,IDA ICE,daily_mse,8,0.06687202607732626,355,0.10402599891711795,False
B,Power,IDA ICE,daily_mse,9,0.05795454636687344,354,0.10417282467673585,False
B,Power,IDA ICE,daily_mse,10,0.022103626171215286,353,0.10432027390082049,False
B,Power,IDA ICE,daily_mse,11,-0.006262170936791306,352,0.1044683510142491,False
B,Power,IDA ICE,daily_mse,12,0.021649577436698396,351,0.10461706048599027,False
B,Power,IDA ICE,daily_mse,13,0.04575517923695687,350,0.10476640682967035,False
B,Power,IDA ICE,daily_mse,14,0.04279466340659969,349,0.10491639460414909,False
B,Power,IDA ICE,daily_mse,15,0.01478577736653874,348,0.10506702841410388,False
B,Power,IDA ICE,daily_mse,16,0.05042690606989708,347,0.10521831291062372,False
B,Power,IDA ICE,daily_mse,17,0.030337625306896484,346,0.10537025279181218,False
B,Power,IDA ICE,daily_mse,18,0.025664876398237155,345,0.10552285280340044,False
B,Power,IDA ICE,daily_mse,19,0.02932856687049058,344,0.10567611773936965,False
B,Power,IDA ICE,daily_mse,20,0.050215660473562226,343,0.10583005244258362,False
B,Power,IDA ICE,daily_mse,21,0.016133515218846314,342,0.10598466180543152,False
B,Power,IDA ICE,daily_mse,22,0.0613732476593526,341,0.10613995077048094,False
B,Power,IDA ICE,daily_mse,23,0.011948909657805538,340,0.10629592433114153,False
B,Power,IDA ICE,daily_mse,24,0.04243905027798109,339,0.10645258753233941,False
B,Power,IDA ICE,daily_mse,25,0.05282934273644484,338,0.10660994547120255,False
B,Power,IDA ICE,daily_mse,26,0.012165973900296605,337,0.10676800329775729,False
B,Power,IDA ICE,daily_mse,27,0.01318080487753806,336,0.10692676621563627,False
B,Power,IDA ICE,daily_mse,28,0.018471706996813865,335,0.107086239482798,False
B,Power,IDA ICE,daily_mse,29,0.023367956113192555,334,0.10724642841225822,False
B,Power,IDA ICE,daily_mse,30,-0.015406385863757081,333,0.10740733837283342,False
B,Power,PVsyst,daily_mean_error,1,0.17628364273039496,362,0.1030153129206168,True
B,Power,PVsyst,daily_mean_error,2,0.12399791396759678,361,0.1031578947368421,True
B,Power,PVsyst,daily_mean_error,3,0.14392281443443036,360,0.10330107023216706,True
B,Power,PVsyst,daily_mean_error,4,0.0819121879102908,359,0.10344484353797487,False
B,Power,PVsyst,daily_mean_error,5,0.09690687194527842,358,0.10358921882601123,False
B,Power,PVsyst,daily_mean_error,6,0.082273320069661,357,0.10373420030889277,False
B,Power,PVsyst,daily_mean_error,7,0.12789569058586245,356,0.10387979224062328,True
B,Power,PVsyst,daily_mean_error,8,0.1345205422301673,355,0.10402599891711795,True
B,Power,PVsyst,daily_mean_error,9,0.07228085594338572,354,0.10417282467673585,False
B,Power,PVsyst,daily_mean_error,10,-0.018030518041137155,353,0.10432027390082049,False
B,Power,PVsyst,daily_mean_error,11,-0.059668122291783636,352,0.1044683510142491,False
B,Power,PVsyst,daily_mean_error,12,-0.003984484735741043,351,0.10461706048599027,False
B,Power,PVsyst,daily_mean_error,13,0.015591017214862484,350,0.10476640682967035,False
B,Power,PVsyst,daily_mean_error,14,0.02799231777183659,349,0.10491639460414909,False
B,Power,PVsyst,daily_mean_error,15,0.028170499424760964,348,0.10506702841410388,False
B,Power,PVsyst,daily_mean_error,16,0.05327940137489608,347,0.10521831291062372,False
B,Power,PVsyst,daily_mean_error,17,0.05156856019677577,346,0.10537025279181218,False
B,Power,PVsyst,daily_mean_error,18,0.020490984261664312,345,0.10552285280340044,False
B,Power,PVsyst,daily_mean_error,19,0.0309001879899753,344,0.10567611773936965,False
B,Power,PVsyst,daily_mean_error,20,0.06231601931918133,343,0.10583005244258362,False
B,Power,PVsyst,daily_mean_error,21,0.02053016513146486,342,0.10598466180543152,False
B,Power,PVsyst,daily_mean_error,22,0.07080070288885572,341,0.10613995077048094,False
B,Power,PVsyst,daily_mean_error,23,-0.011466871878772216,340,0.10629592433114153,False
B,Power,PVsyst,daily_mean_error,24,0.026981818852552415,339,0.10645258753233941,False
B,Power,PVsyst,daily_mean_error,25,0.027013385292758672,338,0.10660994547120255,False
B,Power,PVsyst,daily_mean_error,26,0.008548784941753417,337,0.10676800329775729,False
B,Power,PVsyst,daily_mean_error,27,-0.02335049830924022,336,0.10692676621563627,False
B,Power,PVsyst,daily_mean_error,28,-0.040478298054858475,335,0.107086239482798,False
B,Power,PVsyst,daily_mean_error,29,-0.09408639745029992,334,0.10724642841225822,False
B,Power,PVsyst,daily_mean_error,30,-0.07220030083088626,333,0.10740733837283342,False
B,Power,PVsyst,daily_mse,1,0.06627622667851676,362,0.1030153129206168,False
B,Power,PVsyst,daily_mse,2,0.02410982689382552,361,0.1031578947368421,False
B,Power,PVsyst,daily_mse,3,0.060993211562556646,360,0.10330107023216706,False
B,Power,PVsyst,daily_mse,4,0.019194529751461343,359,0.10344484353797487,False
B,Power,PVsyst,daily_mse,5,0.04364067210577432,358,0.10358921882601123,False
B,Power,PVsyst,daily_mse,6,0.02571113006320358,357,0.10373420030889277,False
B,Power,PVsyst,daily_mse,7,0.06251626751295393,356,0.10387979224062328,False
B,Power,PVsyst,daily_mse,8,0.03860299545282663,355,0.10402599891711795,False
B,Power,PVsyst,daily_mse,9,0.041580321500728004,354,0.10417282467673585,False
B,Power,PVsyst,daily_mse,10,0.013739686191490538,353,0.10432027390082049,False
B,Power,PVsyst,daily_mse,11,-0.018969843039439497,352,0.1044683510142491,False
B,Power,PVsyst,daily_mse,12,0.01584894186357222,351,0.10461706048599027,False
B,Power,PVsyst,daily_mse,13,0.03909081969014289,350,0.10476640682967035,False
B,Power,PVsyst,daily_mse,14,0.02173240103905646,349,0.10491639460414909,False
B,Power,PVsyst,daily_mse,15,0.002254334544663489,348,0.10506702841410388,False
B,Power,PVsyst,daily_mse,16,0.03085601435609119,347,0.10521831291062372,False
B,Power,PVsyst,daily_mse,17,0.016258806822645824,346,0.10537025279181218,False
B,Power,PVsyst,daily_mse,18,0.01304833980535516,345,0.10552285280340044,False
B,Power,PVsyst,daily_mse,19,0.01661586734007897,344,0.10567611773936965,False
B,Power,PVsyst,daily_mse,20,0.028384570099157968,343,0.10583005244258362,False
B,Power,PVsyst,daily_mse,21,0.01244017560407831,342,0.10598466180543152,False
B,Power,PVsyst,daily_mse,22,0.04168724427449958,341,0.10613995077048094,False
B,Power,PVsyst,daily_mse,23,-0.0006567903656263834,340,0.10629592433114153,False
B,Power,PVsyst,daily_mse,24,0.02191940760679835,339,0.10645258753233941,False
B,Power,PVsyst,daily_mse,25,0.04247209168440396,338,0.10660994547120255,False
B,Power,PVsyst,daily_mse,26,0.01136635858050904,337,0.10676800329775729,False
B,Power,PVsyst,daily_mse,27,0.004540187185022555,336,0.10692676621563627,False
B,Power,PVsyst,daily_mse,28,0.006644875852515704,335,0.107086239482798,False
B,Power,PVsyst,daily_mse,29,0.016280625129034693,334,0.10724642841225822,False
B,Power,PVsyst,daily_mse,30,-0.021034705623248672,333,0.10740733837283342,False
C,GTI,IDA ICE,daily_mean_error,1,0.5145776684062854,362,0.1030153129206168,True
C,GTI,IDA ICE,daily_mean_error,2,0.46655833785989487,361,0.1031578947368421,True
C,GTI,IDA ICE,daily_mean_error,3,0.4461382520508471,360,0.10330107023216706,True
C,GTI,IDA ICE,daily_mean_error,4,0.4413737550861323,359,0.10344484353797487,True
C,GTI,IDA ICE,daily_mean_error,5,0.43486878329139145,358,0.10358921882601123,True
C,GTI,IDA ICE,daily_mean_error,6,0.47078741864371665,357,0.10373420030889277,True
C,GTI,IDA ICE,daily_mean_error,7,0.37743629314537214,356,0.10387979224062328,True
C,GTI,IDA ICE,daily_mean_error,8,0.34631042562411435,355,0.10402599891711795,True
C,GTI,IDA ICE,daily_mean_error,9,0.3546412985448278,354,0.10417282467673585,True
C,GTI,IDA ICE,daily_mean_error,10,0.34427682081322053,353,0.10432027390082049,True
C,GTI,IDA ICE,daily_mean_error,11,0.35754310286565155,352,0.1044683510142491,True
C,GTI,IDA ICE,daily_mean_error,12,0.3667807060758208,351,0.10461706048599027,True
C,GTI,IDA ICE,daily_mean_error,13,0.36278351202919806,350,0.10476640682967035,True
C,GTI,IDA ICE,daily_mean_error,14,0.4046800773098098,349,0.10491639460414909,True
C,GTI,IDA ICE,daily_mean_error,15,0.31821393047214286,348,0.10506702841410388,True
C,GTI,IDA ICE,daily_mean_error,16,0.40949576632900875,347,0.10521831291062372,True
C,GTI,IDA ICE,daily_mean_error,17,0.41085840655765893,346,0.10537025279181218,True
C,GTI,IDA ICE,daily_mean_error,18,0.35941849318526564,345,0.10552285280340044,True
C,GTI,IDA ICE,daily_mean_error,19,0.3828311930996166,344,0.10567611773936965,True
C,GTI,IDA ICE,daily_mean_error,20,0.3828427558411311,343,0.10583005244258362,True
C,GTI,IDA ICE,daily_mean_error,21,0.36703587336360755,342,0.10598466180543152,True
C,GTI,IDA ICE,daily_mean_error,22,0.42217924745728475,341,0.10613995077048094,True
C,GTI,IDA ICE,daily_mean_error,23,0.3825541640141968,340,0.10629592433114153,True
C,GTI,IDA ICE,daily_mean_error,24,0.39339987227263706,339,0.10645258753233941,True
C,GTI,IDA ICE,daily_mean_error,25,0.32883901531550713,338,0.10660994547120255,True
C,GTI,IDA ICE,daily_mean_error,26,0.29188247928775,337,0.10676800329775729,True
C,GTI,IDA ICE,daily_mean_error,27,0.32087381716402735,336,0.10692676621563627,True
C,GTI,IDA ICE,daily_mean_error,28,0.34758153304047945,335,0.107086239482798,True
C,GTI,IDA ICE,daily_mean_error,29,0.34129181313829504,334,0.10724642841225822,True
C,GTI,IDA ICE,daily_mean_error,30,0.3360922561661786,333,0.10740733837283342,True
C,GTI,IDA ICE,daily_mse,1,0.07657332192299632,362,0.1030153129206168,False
C,GTI,IDA ICE,daily_mse,2,0.2875158913226464,361,0.1031578947368421,True
C,GTI,IDA ICE,daily_mse,3,0.08944774744389732,360,0.10330107023216706,False
C,GTI,IDA ICE,daily_mse,4,0.09886156450581632,359,0.10344484353797487,False
C,GTI,IDA ICE,daily_mse,5,0.043634185507579706,358,0.10358921882601123,False
C,GTI,IDA ICE,daily_mse,6,0.21096303701667202,357,0.10373420030889277,True
C,GTI,IDA ICE,daily_mse,7,-0.019211600758453906,356,0.10387979224062328,False
C,GTI,IDA ICE,daily_mse,8,-0.023629783298087403,355,0.10402599891711795,False
C,GTI,IDA ICE,daily_mse,9,-0.027700892842256145,354,0.10417282467673585,False
C,GTI,IDA ICE,daily_mse,10,-0.0240433695433295,353,0.10432027390082049,False
C,GTI,IDA ICE,daily_mse,11,-0.02575404921498299,352,0.1044683510142491,False
C,GTI,IDA ICE,daily_mse,12,-0.023775715447363288,351,0.10461706048599027,False
C,GTI,IDA ICE,daily_mse,13,0.03403475758509732,350,0.10476640682967035,False
C,GTI,IDA ICE,daily_mse,14,0.3281541898446471,349,0.10491639460414909,True
C,GTI,IDA ICE,daily_mse,15,0.010128823888622967,348,0.10506702841410388,False
C,GTI,IDA ICE,daily_mse,16,0.26092166297510994,347,0.10521831291062372,True
C,GTI,IDA ICE,daily_mse,17,0.050413490233193484,346,0.10537025279181218,False
C,GTI,IDA ICE,daily_mse,18,0.009694613534559816,345,0.10552285280340044,False
C,GTI,IDA ICE,daily_mse,19,0.11644800091699954,344,0.10567611773936965,True
C,GTI,IDA ICE,daily_mse,20,0.19466029681467759,343,0.10583005244258362,True
C,GTI,IDA ICE,daily_mse,21,0.012592244748942424,342,0.10598466180543152,False
C,GTI,IDA ICE,daily_mse,22,0.04722424608659009,341,0.10613995077048094,False
C,GTI,IDA ICE,daily_mse,23,0.004225719650980949,340,0.10629592433114153,False
C,GTI,IDA ICE,daily_mse,24,-0.02351893211842158,339,0.10645258753233941,False
C,GTI,IDA ICE,daily_mse,25,-0.0012217131456475155,338,0.10660994547120255,False
C,GTI,IDA ICE,daily_mse,26,0.0022297598039103775,337,0.10676800329775729,False
C,GTI,IDA ICE,daily_mse,27,-0.028131810211563996,336,0.10692676621563627,False
C,GTI,IDA ICE,daily_mse,28,-0.016973532796499297,335,0.107086239482798,False
C,GTI,IDA ICE,daily_mse,29,0.007696920835815476,334,0.10724642841225822,False
C,GTI,IDA ICE,daily_mse,30,-0.015312445076070158,333,0.10740733837283342,False
C,GTI,PVsyst,daily_mean_error,1,0.468648352916695,362,0.1030153129206168,True
C,GTI,PVsyst,daily_mean_error,2,0.34031115745518914,361,0.1031578947368421,True
C,GTI,PVsyst,daily_mean_error,3,0.3015188705155054,360,0.10330107023216706,True
C,GTI,PVsyst,daily_mean_error,4,0.3014510121371473,359,0.10344484353797487,True
C,GTI,PVsyst,daily_mean_error,5,0.24505122407429047,358,0.10358921882601123,True
C,GTI,PVsyst,daily_mean_error,6,0.2543577589025673,357,0.10373420030889277,True
C,GTI,PVsyst,daily_mean_error,7,0.16956327373223032,356,0.10387979224062328,True
C,GTI,PVsyst,daily_mean_error,8,0.13807574627577585,355,0.10402599891711795,True
C,GTI,PVsyst,daily_mean_error,9,0.14130467571712887,354,0.10417282467673585,True
C,GTI,PVsyst,daily_mean_error,10,0.15432866954551322,353,0.10432027390082049,True
C,GTI,PVsyst,daily_mean_error,11,0.12414586900100659,352,0.1044683510142491,True
C,GTI,PVsyst,daily_mean_error,12,0.14567630172696366,351,0.10461706048599027,True
C,GTI,PVsyst,daily_mean_error,13,0.18499915850396614,350,0.10476640682967035,True
C,GTI,PVsyst,daily_mean_error,14,0.25191353211222856,349,0.10491639460414909,True
C,GTI,PVsyst,daily_mean_error,15,0.18095938399657788,348,0.10506702841410388,True
C,GTI,PVsyst,daily_mean_error,16,0.2813645680771155,347,0.10521831291062372,True
C,GTI,PVsyst,daily_mean_error,17,0.2667084592984455,346,0.10537025279181218,True
C,GTI,PVsyst,daily_mean_error,18,0.2098740894452513,345,0.10552285280340044,True
C,GTI,PVsyst,daily_mean_error,19,0.22416895015764232,344,0.10567611773936965,True
C,GTI,PVsyst,daily_mean_error,20,0.22369366588469317,343,0.10583005244258362,True
C,GTI,PVsyst,daily_mean_error,21,0.20282931074233798,342,0.10598466180543152,True
C,GTI,PVsyst,daily_mean_error,22,0.29516624200327457,341,0.10613995077048094,True
C,GTI,PVsyst,daily_mean_error,23,0.21668140478268808,340,0.10629592433114153,True
C,GTI,PVsyst,daily_mean_error,24,0.2063932031397231,339,0.10645258753233941,True
C,GTI,PVsyst,daily_mean_error,25,0.1396600309559267,338,0.10660994547120255,True
C,GTI,PVsyst,daily_mean_error,26,0.1066222888603519,337,0.10676800329775729,False
C,GTI,PVsyst,daily_mean_error,27,0.1016023598027957,336,0.10692676621563627,False
C,GTI,PVsyst,daily_mean_error,28,0.1537016557159925,335,0.107086239482798,True
C,GTI,PVsyst,daily_mean_error,29,0.12705790130362066,334,0.10724642841225822,True
C,GTI,PVsyst,daily_mean_error,30,0.1443061116606638,333,0.10740733837283342,True
C,GTI,PVsyst,daily_mse,1,0.07023239585041034,362,0.1030153129206168,False
C,GTI,PVsyst,daily_mse,2,0.2621776722590727,361,0.1031578947368421,True
C,GTI,PVsyst,daily_mse,3,0.07524984116998083,360,0.10330107023216706,False
C,GTI,PVsyst,daily_mse,4,0.08560868143543342,359,0.10344484353797487,False
C,GTI,PVsyst,daily_mse,5,0.022915233088816298,358,0.10358921882601123,False
C,GTI,PVsyst,daily_mse,6,0.186464809721806,357,0.10373420030889277,True
C,GTI,PVsyst,daily_mse,7,-0.045596199013652576,356,0.10387979224062328,False
C,GTI,PVsyst,daily_mse,8,-0.05083443397872908,355,0.10402599891711795,False
C,GTI,PVsyst,daily_mse,9,-0.055737770932782586,354,0.10417282467673585,False
C,GTI,PVsyst,daily_mse,10,-0.051502674859951705,353,0.10432027390082049,False
C,GTI,PVsyst,daily_mse,11,-0.055629215661439316,352,0.1044683510142491,False
C,GTI,PVsyst,daily_mse,12,-0.04380189491559334,351,0.10461706048599027,False
C,GTI,PVsyst,daily_mse,13,0.020116120129923476,350,0.10476640682967035,False
C,GTI,PVsyst,daily_mse,14,0.3022614489864144,349,0.10491639460414909,True
C,GTI,PVsyst,daily_mse,15,-0.010498691127947851,348,0.10506702841410388,False
C,GTI,PVsyst,daily_mse,16,0.27209771827379853,347,0.10521831291062372,True
C,GTI,PVsyst,daily_mse,17,0.053229102875074985,346,0.10537025279181218,False
C,GTI,PVsyst,daily_mse,18,0.020343840566889173,345,0.10552285280340044,False
C,GTI,PVsyst,daily_mse,19,0.13189383606475752,344,0.10567611773936965,True
C,GTI,PVsyst,daily_mse,20,0.20778866821355912,343,0.10583005244258362,True
C,GTI,PVsyst,daily_mse,21,-0.0002746288949122487,342,0.10598466180543152,False
C,GTI,PVsyst,daily_mse,22,0.07522745537402707,341,0.10613995077048094,False
C,GTI,PVsyst,daily_mse,23,0.0013152635730394918,340,0.10629592433114153,False
C,GTI,PVsyst,daily_mse,24,-0.027956906379755574,339,0.10645258753233941,False
C,GTI,PVsyst,daily_mse,25,-0.015655778080934445,338,0.10660994547120255,False
C,GTI,PVsyst,daily_mse,26,-0.014109632545098928,337,0.10676800329775729,False
C,GTI,PVsyst,daily_mse,27,-0.05508507384771185,336,0.10692676621563627,False
C,GTI,PVsyst,daily_mse,28,-0.02995324650342935,335,0.107086239482798,False
C,GTI,PVsyst,daily_mse,29,-0.013380861692951947,334,0.10724642841225822,False
C,GTI,PVsyst,daily_mse,30,-0.03629351074003197,333,0.10740733837283342,False
C,Temperature,IDA ICE,daily_mean_error,1,0.42431961463339224,330,0.10789444898238335,True
C,Temperature,IDA ICE,daily_mean_error,2,0.1680687193341029,328,0.1082228955533496,True
C,Temperature,IDA ICE,daily_mean_error,3,0.12789426269561424,324,0.10888888888888888,True
C,Temperature,IDA ICE,daily_mean_error,4,0.030261982896458678,322,0.10922652966476915,False
C,Temperature,IDA ICE,daily_mean_error,5,-0.011619674227323521,320,0.10956733089748968,False
C,Temperature,IDA ICE,daily_mean_error,6,0.04726506946090226,318,0.10991134220204068,False
C,Temperature,IDA ICE,daily_mean_error,7,0.016564665673500005,317,0.11008456743513916,False
C,Temperature,IDA ICE,daily_mean_error,8,0.011238761140769108,316,0.11025861429075035,False
C,Temperature,IDA ICE,daily_mean_error,9,-0.07510781078241922,315,0.11043348928452616,False
C,Temperature,IDA ICE,daily_mean_error,10,-0.12341398915281053,314,0.11060919900468767,True
C,Temperature,IDA ICE,daily_mean_error,11,-0.10351778124551143,313,0.11078575011306742,False
C,Temperature,IDA ICE,daily_mean_error,12,-0.030200457338513478,312,0.11096314934617037,False
C,Temperature,IDA ICE,daily_mean_error,13,0.03963751303369854,312,0.11096314934617037,False
C,Temperature,IDA ICE,daily_mean_error,14,0.1472627271015743,311,0.11114140351625357,True
C,Temperature,IDA ICE,daily_mean_error,15,0.19724166243507799,311,0.11114140351625357,True
C,Temperature,IDA ICE,daily_mean_error,16,0.1753742821508763,311,0.11114140351625357,True
C,Temperature,IDA ICE,daily_mean_error,17,0.054821525238961256,310,0.1113205195124247,False
C,Temperature,IDA ICE,daily_mean_error,18,0.01995924591743247,309,0.11150050430176055,False
C,Temperature,IDA ICE,daily_mean_error,19,-0.028914187180127032,308,0.11168136493044518,False
C,Temperature,IDA ICE,daily_mean_error,20,-0.12125537030633905,307,0.11186310852492852,True
C,Temperature,IDA ICE,daily_mean_error,21,-0.05275652016914891,306,0.11204574229310578,False
C,Temperature,IDA ICE,daily_mean_error,22,-0.0025786136303045637,304,0.11241370959657525,False
C,Temperature,IDA ICE,daily_mean_error,23,-0.006562374145009447,303,0.1125990579657995,False
C,Temperature,IDA ICE,daily_mean_error,24,0.013497334098387385,302,0.11278532617909345,False
C,Temperature,IDA ICE,daily_mean_error,25,-0.058468560148050894,301,0.11297252187003005,False
C,Temperature,IDA ICE,daily_mean_error,26,-0.10607490678001323,300,0.11316065276116663,False
C,Temperature,IDA ICE,daily_mean_error,27,-0.06504721374240872,299,0.11334972666538308,False
C,Temperature,IDA ICE,daily_mean_error,28,-0.036257369725641926,298,0.11353975148724448,False
C,Temperature,IDA ICE,daily_mean_error,29,0.015380830311010115,297,0.11373073522438926,False
C,Temperature,IDA ICE,daily_mean_error,30,0.0363752408261286,296,0.1139226859689429,False
C,Temperature,IDA ICE,daily_mse,1,0.3139567541314931,330,0.10789444898238335,True
C,Temperature,IDA ICE,daily_mse,2,0.208299133806351,328,0.1082228955533496,True
C,Temperature,IDA ICE,daily_mse,3,0.10525236464381052,324,0.10888888888888888,False
C,Temperature,IDA ICE,daily_mse,4,0.12835717959630316,322,0.10922652966476915,True
C,Temperature,IDA ICE,daily_mse,5,0.034816106620610354,320,0.10956733089748968,False
C,Temperature,IDA ICE,daily_mse,6,0.06900141812803925,318,0.10991134220204068,False
C,Temperature,IDA ICE,daily_mse,7,0.09971650194480845,317,0.11008456743513916,False
C,Temperature,IDA ICE,daily_mse,8,0.1266603023723101,316,0.11025861429075035,True
C,Temperature,IDA ICE,daily_mse,9,0.04811994096375365,315,0.11043348928452616,False
C,Temperature,IDA ICE,daily_mse,10,0.0038435172662500427,314,0.11060919900468767,False
C,Temperature,IDA ICE,daily_mse,11,0.10871561617520194,313,0.11078575011306742,False
C,Temperature,IDA ICE,daily_mse,12,0.1476390458626152,312,0.11096314934617037,True
C,Temperature,IDA ICE,daily_mse,13,0.08261967884554583,312,0.11096314934617037,False
C,Temperature,IDA ICE,daily_mse,14,0.22586545648557607,311,0.11114140351625357,True
C,Temperature,IDA ICE,daily_mse,15,0.16511226229674966,311,0.11114140351625357,True
C,Temperature,IDA ICE,daily_mse,16,0.12539837546746446,311,0.11114140351625357,True
C,Temperature,IDA ICE,daily_mse,17,0.18400147002247472,310,0.1113205195124247,True
C,Temperature,IDA ICE,daily_mse,18,0.03119225557899294,309,0.11150050430176055,False
C,Temperature,IDA ICE,daily_mse,19,0.05918239007254239,308,0.11168136493044518,False
C,Temperature,IDA ICE,daily_mse,20,0.040288133812566164,307,0.11186310852492852,False
C,Temperature,IDA ICE,daily_mse,21,0.0843880422412043,306,0.11204574229310578,False
C,Temperature,IDA ICE,daily_mse,22,0.10278519802764714,304,0.11241370959657525,False
C,Temperature,IDA ICE,daily_mse,23,0.05863147798034152,303,0.1125990579657995,False
C,Temperature,IDA ICE,daily_mse,24,0.039586562315272654,302,0.11278532617909345,False
C,Temperature,IDA ICE,daily_mse,25,0.03083714430384775,301,0.11297252187003005,False
C,Temperature,IDA ICE,daily_mse,26,0.030847942398983978,300,0.11316065276116663,False
C,Temperature,IDA ICE,daily_mse,27,0.010711162631518802,299,0.11334972666538308,False
C,Temperature,IDA ICE,daily_mse,28,0.1594405613088678,298,0.11353975148724448,True
C,Temperature,IDA ICE,daily_mse,29,0.07048064777681155,297,0.11373073522438926,False
C,Temperature,IDA ICE,daily_mse,30,0.05486369642405138,296,0.1139226859689429,False
C,Temperature,PVsyst,daily_mean_error,1,0.5364686916853044,330,0.10789444898238335,True
C,Temperature,PVsyst,daily_mean_error,2,0.42467243087256973,328,0.1082228955533496,True
C,Temperature,PVsyst,daily_mean_error,3,0.40612476796820857,324,0.10888888888888888,True
C,Temperature,PVsyst,daily_mean_error,4,0.31648523255223915,322,0.10922652966476915,True
C,Temperature,PVsyst,daily_mean_error,5,0.29373484792366233,320,0.10956733089748968,True
C,Temperature,PVsyst,daily_mean_error,6,0.3207951123667704,318,0.10991134220204068,True
C,Temperature,PVsyst,daily_mean_error,7,0.29098635808208756,317,0.11008456743513916,True
C,Temperature,PVsyst,daily_mean_error,8,0.3123795030493512,316,0.11025861429075035,True
C,Temperature,PVsyst,daily_mean_error,9,0.28130864811816925,315,0.11043348928452616,True
C,Temperature,PVsyst,daily_mean_error,10,0.2712448393599031,314,0.11060919900468767,True
C,Temperature,PVsyst,daily_mean_error,11,0.2916399226293527,313,0.11078575011306742,True
C,Temperature,PVsyst,daily_mean_error,12,0.25721629902412024,312,0.11096314934617037,True
C,Temperature,PVsyst,daily_mean_error,13,0.25862246818544343,312,0.11096314934617037,True
C,Temperature,PVsyst,daily_mean_error,14,0.2620802817959476,311,0.11114140351625357,True
C,Temperature,PVsyst,daily_mean_error,15,0.25365983189887975,311,0.11114140351625357,True
C,Temperature,PVsyst,daily_mean_error,16,0.23948286088575374,311,0.11114140351625357,True
C,Temperature,PVsyst,daily_mean_error,17,0.20468374845352014,310,0.1113205195124247,True
C,Temperature,PVsyst,daily_mean_error,18,0.2202428760770622,309,0.11150050430176055,True
C,Temperature,PVsyst,daily_mean_error,19,0.21196251813261685,308,0.11168136493044518,True
C,Temperature,PVsyst,daily_mean_error,20,0.16983963093076607,307,0.11186310852492852,True
C,Temperature,PVsyst,daily_mean_error,21,0.23948900871105172,306,0.11204574229310578,True
C,Temperature,PVsyst,daily_mean_error,22,0.15867735054999163,304,0.11241370959657525,True
C,Temperature,PVsyst,daily_mean_error,23,0.23441802243506943,303,0.1125990579657995,True
C,Temperature,PVsyst,daily_mean_error,24,0.27698548841115983,302,0.11278532617909345,True
C,Temperature,PVsyst,daily_mean_error,25,0.23836990630164642,301,0.11297252187003005,True
C,Temperature,PVsyst,daily_mean_error,26,0.21589273309688287,300,0.11316065276116663,True
C,Temperature,PVsyst,daily_mean_error,27,0.2535134306684545,299,0.11334972666538308,True
C,Temperature,PVsyst,daily_mean_error,28,0.22180634117497317,298,0.11353975148724448,True
C,Temperature,PVsyst,daily_mean_error,29,0.2017589413136578,297,0.11373073522438926,True
C,Temperature,PVsyst,daily_mean_error,30,0.2651118711424881,296,0.1139226859689429,True
C,Temperature,PVsyst,daily_mse,1,0.3653851436364654,330,0.10789444898238335,True
C,Temperature,PVsyst,daily_mse,2,0.3439476648017063,328,0.1082228955533496,True
C,Temperature,PVsyst,daily_mse,3,0.24205062588167026,324,0.10888888888888888,True
C,Temperature,PVsyst,daily_mse,4,0.21246068004087382,322,0.10922652966476915,True
C,Temperature,PVsyst,daily_mse,5,0.11636468895093834,320,0.10956733089748968,True
C,Temperature,PVsyst,daily_mse,6,0.10404920520288714,318,0.10991134220204068,False
C,Temperature,PVsyst,daily_mse,7,0.13165217443660626,317,0.11008456743513916,True
C,Temperature,PVsyst,daily_mse,8,0.1210991439327934,316,0.11025861429075035,True
C,Temperature,PVsyst,daily_mse,9,0.08158841147587517,315,0.11043348928452616,False
C,Temperature,PVsyst,daily_mse,10,0.06092134978323469,314,0.11060919900468767,False
C,Temperature,PVsyst,daily_mse,11,0.11734246112520558,313,0.11078575011306742,True
C,Temperature,PVsyst,daily_mse,12,0.18555842814232923,312,0.11096314934617037,True
C,Temperature,PVsyst,daily_mse,13,0.13165078200203603,312,0.11096314934617037,True
C,Temperature,PVsyst,daily_mse,14,0.12147332577751598,311,0.11114140351625357,True
C,Temperature,PVsyst,daily_mse,15,0.14951529542872863,311,0.11114140351625357,True
C,Temperature,PVsyst,daily_mse,16,0.0638807394587932,311,0.11114140351625357,False
C,Temperature,PVsyst,daily_mse,17,0.17264221720524925,310,0.1113205195124247,True
C,Temperature,PVsyst,daily_mse,18,0.08177800344958604,309,0.11150050430176055,False
C,Temperature,PVsyst,daily_mse,19,0.07691848551372621,308,0.11168136493044518,False
C,Temperature,PVsyst,daily_mse,20,0.0942287719428095,307,0.11186310852492852,False
C,Temperature,PVsyst,daily_mse,21,0.13576367861834562,306,0.11204574229310578,True
C,Temperature,PVsyst,daily_mse,22,0.07236722066950439,304,0.11241370959657525,False
C,Temperature,PVsyst,daily_mse,23,0.031971984360388214,303,0.1125990579657995,False
C,Temperature,PVsyst,daily_mse,24,0.13253988562011512,302,0.11278532617909345,True
C,Temperature,PVsyst,daily_mse,25,0.042642908575027755,301,0.11297252187003005,False
C,Temperature,PVsyst,daily_mse,26,0.08009324901613109,300,0.11316065276116663,False
C,Temperature,PVsyst,daily_mse,27,0.14229605691768396,299,0.11334972666538308,True
C,Temperature,PVsyst,daily_mse,28,0.15378470339401837,298,0.11353975148724448,True
C,Temperature,PVsyst,daily_mse,29,0.1610889957974538,297,0.11373073522438926,True
C,Temperature,PVsyst,daily_mse,30,0.19745289188138107,296,0.1139226859689429,True
C,Power,IDA ICE,daily_mean_error,1,0.4328302705546217,362,0.1030153129206168,True
C,Power,IDA ICE,daily_mean_error,2,0.31494440915999894,361,0.1031578947368421,True
C,Power,IDA ICE,daily_mean_error,3,0.2876569630376859,360,0.10330107023216706,True
C,Power,IDA ICE,daily_mean_error,4,0.2839122098652132,359,0.10344484353797487,True
C,Power,IDA ICE,daily_mean_error,5,0.26158185758894176,358,0.10358921882601123,True
C,Power,IDA ICE,daily_mean_error,6,0.24922350024683154,357,0.10373420030889277,True
C,Power,IDA ICE,daily_mean_error,7,0.2761532361892906,356,0.10387979224062328,True
C,Power,IDA ICE,daily_mean_error,8,0.2566297525468956,355,0.10402599891711795,True
C,Power,IDA ICE,daily_mean_error,9,0.19612928008680394,354,0.10417282467673585,True
C,Power,IDA ICE,daily_mean_error,10,0.2345871666920115,353,0.10432027390082049,True
C,Power,IDA ICE,daily_mean_error,11,0.21496697990634006,352,0.1044683510142491,True
C,Power,IDA ICE,daily_mean_error,12,0.2389802468590141,351,0.10461706048599027,True
C,Power,IDA ICE,daily_mean_error,13,0.19463147232604985,350,0.10476640682967035,True
C,Power,IDA ICE,daily_mean_error,14,0.24398896870742298,349,0.10491639460414909,True
C,Power,IDA ICE,daily_mean_error,15,0.19593503539207682,348,0.10506702841410388,True
C,Power,IDA ICE,daily_mean_error,16,0.24858439657995113,347,0.10521831291062372,True
C,Power,IDA ICE,daily_mean_error,17,0.2432384166723797,346,0.10537025279181218,True
C,Power,IDA ICE,daily_mean_error,18,0.1953186012963476,345,0.10552285280340044,True
C,Power,IDA ICE,daily_mean_error,19,0.13783425849282097,344,0.10567611773936965,True
C,Power,IDA ICE,daily_mean_error,20,0.1499869873190114,343,0.10583005244258362,True
C,Power,IDA ICE,daily_mean_error,21,0.10573591872930087,342,0.10598466180543152,False
C,Power,IDA ICE,daily_mean_error,22,0.20083599862991328,341,0.10613995077048094,True
C,Power,IDA ICE,daily_mean_error,23,0.20389839601958737,340,0.10629592433114153,True
C,Power,IDA ICE,daily_mean_error,24,0.24604508400857175,339,0.10645258753233941,True
C,Power,IDA ICE,daily_mean_error,25,0.1409775206365664,338,0.10660994547120255,True
C,Power,IDA ICE,daily_mean_error,26,0.11457238212726807,337,0.10676800329775729,True
C,Power,IDA ICE,daily_mean_error,27,0.1824234641302623,336,0.10692676621563627,True
C,Power,IDA ICE,daily_mean_error,28,0.184299750210377,335,0.107086239482798,True
C,Power,IDA ICE,daily_mean_error,29,0.2094884815459124,334,0.10724642841225822,True
C,Power,IDA ICE,daily_mean_error,30,0.1835608755516004,333,0.10740733837283342,True
C,Power,IDA ICE,daily_mse,1,0.11432135906654912,362,0.1030153129206168,True
C,Power,IDA ICE,daily_mse,2,0.05229338759335154,361,0.1031578947368421,False
C,Power,IDA ICE,daily_mse,3,0.09411556094118947,360,0.10330107023216706,False
C,Power,IDA ICE,daily_mse,4,0.06733936045674876,359,0.10344484353797487,False
C,Power,IDA ICE,daily_mse,5,0.07956126597615529,358,0.10358921882601123,False
C,Power,IDA ICE,daily_mse,6,0.05919779070170842,357,0.10373420030889277,False
C,Power,IDA ICE,daily_mse,7,0.1017425951371392,356,0.10387979224062328,False
C,Power,IDA ICE,daily_mse,8,0.08342187610903601,355,0.10402599891711795,False
C,Power,IDA ICE,daily_mse,9,0.07051502763380167,354,0.10417282467673585,False
C,Power,IDA ICE,daily_mse,10,0.07262742032318001,353,0.10432027390082049,False
C,Power,IDA ICE,daily_mse,11,0.04856245982405961,352,0.1044683510142491,False
C,Power,IDA ICE,daily_mse,12,0.06593120246963971,351,0.10461706048599027,False
C,Power,IDA ICE,daily_mse,13,0.07905074015478737,350,0.10476640682967035,False
C,Power,IDA ICE,daily_mse,14,0.08304155470334863,349,0.10491639460414909,False
C,Power,IDA ICE,daily_mse,15,0.03565192940975873,348,0.10506702841410388,False
C,Power,IDA ICE,daily_mse,16,0.06719779788069766,347,0.10521831291062372,False
C,Power,IDA ICE,daily_mse,17,0.04863137584431937,346,0.10537025279181218,False
C,Power,IDA ICE,daily_mse,18,0.054003575712631195,345,0.10552285280340044,False
C,Power,IDA ICE,daily_mse,19,0.034815067283346955,344,0.10567611773936965,False
C,Power,IDA ICE,daily_mse,20,0.05021612163329729,343,0.10583005244258362,False
C,Power,IDA ICE,daily_mse,21,0.024497645450975422,342,0.10598466180543152,False
C,Power,IDA ICE,daily_mse,22,0.07997925005632392,341,0.10613995077048094,False
C,Power,IDA ICE,daily_mse,23,0.03536143835213155,340,0.10629592433114153,False
C,Power,IDA ICE,daily_mse,24,0.0714148537867668,339,0.10645258753233941,False
C,Power,IDA ICE,daily_mse,25,0.05926836131878268,338,0.10660994547120255,False
C,Power,IDA ICE,daily_mse,26,0.03048755516330973,337,0.10676800329775729,False
C,Power,IDA ICE,daily_mse,27,0.042427224323611894,336,0.10692676621563627,False
C,Power,IDA ICE,daily_mse,28,0.04317533385629085,335,0.107086239482798,False
C,Power,IDA ICE,daily_mse,29,0.08139393583383094,334,0.10724642841225822,False
C,Power,IDA ICE,daily_mse,30,0.02891096134083059,333,0.10740733837283342,False
C,Power,PVsyst,daily_mean_error,1,0.46191262741971667,362,0.1030153129206168,True
C,Power,PVsyst,daily_mean_error,2,0.4211175793536576,361,0.1031578947368421,True
C,Power,PVsyst,daily_mean_error,3,0.42839616375400563,360,0.10330107023216706,True
C,Power,PVsyst,daily_mean_error,4,0.37787867796305363,359,0.10344484353797487,True
C,Power,PVsyst,daily_mean_error,5,0.41218287038290746,358,0.10358921882601123,True
C,Power,PVsyst,daily_mean_error,6,0.39534976143912776,357,0.10373420030889277,True
C,Power,PVsyst,daily_mean_error,7,0.43431948910956647,356,0.10387979224062328,True
C,Power,PVsyst,daily_mean_error,8,0.42306144701161014,355,0.10402599891711795,True
C,Power,PVsyst,daily_mean_error,9,0.35576390915258205,354,0.10417282467673585,True
C,Power,PVsyst,daily_mean_error,10,0.37400357896907815,353,0.10432027390082049,True
C,Power,PVsyst,daily_mean_error,11,0.3410461075629734,352,0.1044683510142491,True
C,Power,PVsyst,daily_mean_error,12,0.3551815452715601,351,0.10461706048599027,True
C,Power,PVsyst,daily_mean_error,13,0.33130039899568187,350,0.10476640682967035,True
C,Power,PVsyst,daily_mean_error,14,0.336405439582806,349,0.10491639460414909,True
C,Power,PVsyst,daily_mean_error,15,0.3095684132377156,348,0.10506702841410388,True
C,Power,PVsyst,daily_mean_error,16,0.3501919283058787,347,0.10521831291062372,True
C,Power,PVsyst,daily_mean_error,17,0.3347025038667356,346,0.10537025279181218,True
C,Power,PVsyst,daily_mean_error,18,0.2998016401329176,345,0.10552285280340044,True
C,Power,PVsyst,daily_mean_error,19,0.3012960899317931,344,0.10567611773936965,True
C,Power,PVsyst,daily_mean_error,20,0.3001077609179167,343,0.10583005244258362,True
C,Power,PVsyst,daily_mean_error,21,0.26232291665525664,342,0.10598466180543152,True
C,Power,PVsyst,daily_mean_error,22,0.31424385870725996,341,0.10613995077048094,True
C,Power,PVsyst,daily_mean_error,23,0.3064868902588341,340,0.10629592433114153,True
C,Power,PVsyst,daily_mean_error,24,0.33568683923050724,339,0.10645258753233941,True
C,Power,PVsyst,daily_mean_error,25,0.3028632923240685,338,0.10660994547120255,True
C,Power,PVsyst,daily_mean_error,26,0.2745582138232281,337,0.10676800329775729,True
C,Power,PVsyst,daily_mean_error,27,0.34536904311466,336,0.10692676621563627,True
C,Power,PVsyst,daily_mean_error,28,0.2977448454590405,335,0.107086239482798,True
C,Power,PVsyst,daily_mean_error,29,0.32591766427449276,334,0.10724642841225822,True
C,Power,PVsyst,daily_mean_error,30,0.3010322485145972,333,0.10740733837283342,True
C,Power,PVsyst,daily_mse,1,0.0924044614091263,362,0.1030153129206168,False
C,Power,PVsyst,daily_mse,2,0.045286977815063294,361,0.1031578947368421,False
C,Power,PVsyst,daily_mse,3,0.09210241790978872,360,0.10330107023216706,False
C,Power,PVsyst,daily_mse,4,0.040131586405259795,359,0.10344484353797487,False
C,Power,PVsyst,daily_mse,5,0.06313812958343604,358,0.10358921882601123,False
C,Power,PVsyst,daily_mse,6,0.03912696667061273,357,0.10373420030889277,False
C,Power,PVsyst,daily_mse,7,0.09159654891008966,356,0.10387979224062328,False
C,Power,PVsyst,daily_mse,8,0.07284932126600607,355,0.10402599891711795,False
C,Power,PVsyst,daily_mse,9,0.05986743035284826,354,0.10417282467673585,False
C,Power,PVsyst,daily_mse,10,0.04833419143813862,353,0.10432027390082049,False
C,Power,PVsyst,daily_mse,11,0.01973111990930969,352,0.1044683510142491,False
C,Power,PVsyst,daily_mse,12,0.03669436476289922,351,0.10461706048599027,False
C,Power,PVsyst,daily_mse,13,0.06325690569265235,350,0.10476640682967035,False
C,Power,PVsyst,daily_mse,14,0.04118294321732607,349,0.10491639460414909,False
C,Power,PVsyst,daily_mse,15,0.015103138619022478,348,0.10506702841410388,False
C,Power,PVsyst,daily_mse,16,0.05878287353646341,347,0.10521831291062372,False
C,Power,PVsyst,daily_mse,17,0.03936213913890255,346,0.10537025279181218,False
C,Power,PVsyst,daily_mse,18,0.039948640659483,345,0.10552285280340044,False
C,Power,PVsyst,daily_mse,19,0.02780436205864182,344,0.10567611773936965,False
C,Power,PVsyst,daily_mse,20,0.0372654052698499,343,0.10583005244258362,False
C,Power,PVsyst,daily_mse,21,0.02387111771047893,342,0.10598466180543152,False
C,Power,PVsyst,daily_mse,22,0.05938560333350477,341,0.10613995077048094,False
C,Power,PVsyst,daily_mse,23,0.0274494616397875,340,0.10629592433114153,False
C,Power,PVsyst,daily_mse,24,0.04354252729447537,339,0.10645258753233941,False
C,Power,PVsyst,daily_mse,25,0.06009471738696204,338,0.10660994547120255,False
C,Power,PVsyst,daily_mse,26,0.030903090885757625,337,0.10676800329775729,False
C,Power,PVsyst,daily_mse,27,0.035936576464488855,336,0.10692676621563627,False
C,Power,PVsyst,daily_mse,28,0.022260636851994024,335,0.107086239482798,False
C,Power,PVsyst,daily_mse,29,0.04628743880489088,334,0.10724642841225822,False
C,Power,PVsyst,daily_mse,30,0.005482041604137343,333,0.10740733837283342,False
