System,Variable,Software,Metric,Estimate,CI95_low,CI95_high,CI_width,block_days,n_boot
A,GTI,IDA ICE,RMSE,15.336261950901536,14.564130459972484,16.18173091155624,1.6176004515837565,1,5000
A,GTI,IDA ICE,CVRMSE_percent,6.5874060119004865,6.2191547259404505,7.000908462044339,0.7817537361038882,1,5000
A,GTI,IDA ICE,nMBE_percent,-4.009225820410868,-4.174995934113659,-3.8595075537355683,0.315488380378091,1,5000
A,GTI,IDA ICE,RMSE,15.336261950901536,14.136526171249905,16.57492535571047,2.4383991844605646,7,5000
A,GTI,IDA ICE,CVRMSE_percent,6.5874060119004865,6.050423013159702,7.261028237101393,1.2106052239416911,7,5000
A,GTI,IDA ICE,nMBE_percent,-4.009225820410868,-4.275022823112476,-3.7778726255338473,0.49715019757862855,7,5000
A,GTI,IDA ICE,RMSE,15.336261950901536,13.771401300984179,16.691656773804194,2.920255472820015,14,5000
A,GTI,IDA ICE,CVRMSE_percent,6.5874060119004865,5.9840773845645945,7.358567642954187,1.3744902583895922,14,5000
A,GTI,IDA ICE,nMBE_percent,-4.009225820410868,-4.305233365395291,-3.727748293075111,0.5774850723201803,14,5000
A,GTI,IDA ICE,RMSE,15.336261950901536,13.544992299699382,16.872903290998064,3.3279109912986815,21,5000
A,GTI,IDA ICE,CVRMSE_percent,6.5874060119004865,5.903544189294696,7.50458712679766,1.6010429375029647,21,5000
A,GTI,IDA ICE,nMBE_percent,-4.009225820410868,-4.360375286033509,-3.691345580654112,0.6690297053793972,21,5000
A,GTI,IDA ICE,RMSE,15.336261950901536,13.03956809389887,17.014920301141117,3.9753522072422474,30,5000
A,GTI,IDA ICE,CVRMSE_percent,6.5874060119004865,5.889396433253801,7.5987593689318,1.7093629356779987,30,5000
A,GTI,IDA ICE,nMBE_percent,-4.009225820410868,-4.369915332395551,-3.6424301052632333,0.7274852271323176,30,5000
A,GTI,PVsyst,RMSE,22.438327076478338,21.31400527971795,23.586619637317213,2.272614357599263,1,5000
A,GTI,PVsyst,CVRMSE_percent,9.637965962878841,9.24081768082584,10.056981289037536,0.8161636082116956,1,5000
A,GTI,PVsyst,nMBE_percent,-6.765118032860683,-6.962467552267965,-6.5813944655144585,0.3810730867535064,1,5000
A,GTI,PVsyst,RMSE,22.438327076478338,20.765774448741695,24.11470508835112,3.3489306396094243,7,5000
A,GTI,PVsyst,CVRMSE_percent,9.637965962878841,8.98014242153518,10.499355211746224,1.5192127902110428,7,5000
A,GTI,PVsyst,nMBE_percent,-6.765118032860683,-7.131366029322439,-6.4690889145882435,0.662277114734195,7,5000
A,GTI,PVsyst,RMSE,22.438327076478338,20.6814692329195,24.091339320527698,3.4098700876081978,14,5000
A,GTI,PVsyst,CVRMSE_percent,9.637965962878841,8.826395308570568,10.803708640995456,1.9773133324248882,14,5000
A,GTI,PVsyst,nMBE_percent,-6.765118032860683,-7.24539955684854,-6.40905306376906,0.8363464930794793,14,5000
A,GTI,PVsyst,RMSE,22.438327076478338,20.636980136829674,24.15875645231623,3.521776315486555,21,5000
A,GTI,PVsyst,CVRMSE_percent,9.637965962878841,8.717703542752613,11.130404487477659,2.412700944725046,21,5000
A,GTI,PVsyst,nMBE_percent,-6.765118032860683,-7.368278467767279,-6.3736785140955625,0.9945999536717167,21,5000
A,GTI,PVsyst,RMSE,22.438327076478338,20.31388605885334,24.181804494241884,3.867918435388546,30,5000
A,GTI,PVsyst,CVRMSE_percent,9.637965962878841,8.596867818771537,11.442306636652795,2.8454388178812575,30,5000
A,GTI,PVsyst,nMBE_percent,-6.765118032860683,-7.482846152775516,-6.320425885247227,1.1624202675282893,30,5000
A,Temperature,IDA ICE,RMSE,5.101330459543028,4.861530063303524,5.342194585402454,0.4806645220989294,1,5000
A,Temperature,IDA ICE,CVRMSE_percent,33.19466933709666,30.971367277420544,35.648872327455415,4.6775050500348705,1,5000
A,Temperature,IDA ICE,nMBE_percent,16.789664439595636,15.333380877169649,18.366396240747306,3.0330153635776576,1,5000
A,Temperature,IDA ICE,RMSE,5.101330459543028,4.727038872986181,5.455387589687818,0.7283487167016363,7,5000
A,Temperature,IDA ICE,CVRMSE_percent,33.19466933709666,28.64305850456599,39.36880309303131,10.725744588465322,7,5000
A,Temperature,IDA ICE,nMBE_percent,16.789664439595636,14.1231759754425,20.24539999321788,6.12222401777538,7,5000
A,Temperature,IDA ICE,RMSE,5.101330459543028,4.66243393125013,5.4808652831125615,0.8184313518624311,14,5000
A,Temperature,IDA ICE,CVRMSE_percent,33.19466933709666,27.644425755131305,41.96649542862107,14.322069673489768,14,5000
A,Temperature,IDA ICE,nMBE_percent,16.789664439595636,13.608324967326993,21.249805531863885,7.6414805645368915,14,5000
A,Temperature,IDA ICE,RMSE,5.101330459543028,4.600798534691308,5.526825821830472,0.9260272871391635,21,5000
A,Temperature,IDA ICE,CVRMSE_percent,33.19466933709666,26.981648888400066,44.05159520871584,17.069946320315772,21,5000
A,Temperature,IDA ICE,nMBE_percent,16.789664439595636,13.284700997973738,22.16180737748933,8.87710637951559,21,5000
A,Temperature,IDA ICE,RMSE,5.101330459543028,4.498687549455056,5.5559480044530245,1.0572604549979685,30,5000
A,Temperature,IDA ICE,CVRMSE_percent,33.19466933709666,26.233076022301777,47.744318211531876,21.5112421892301,30,5000
A,Temperature,IDA ICE,nMBE_percent,16.789664439595636,12.983471775730955,23.343774637323747,10.360302861592793,30,5000
A,Temperature,PVsyst,RMSE,5.662695308518474,5.441253255215433,5.879983824563871,0.43873056934843735,1,5000
A,Temperature,PVsyst,CVRMSE_percent,36.847504746798464,34.91699104299514,39.041810830088124,4.1248197870929815,1,5000
A,Temperature,PVsyst,nMBE_percent,14.95709649847476,13.380452397187318,16.64647546953127,3.2660230723439536,1,5000
A,Temperature,PVsyst,RMSE,5.662695308518474,5.280315519212348,6.001790617298285,0.7214750980859375,7,5000
A,Temperature,PVsyst,CVRMSE_percent,36.847504746798464,33.05110058198017,42.24681633769264,9.19571575571247,7,5000
A,Temperature,PVsyst,nMBE_percent,14.95709649847476,11.931831942778512,18.93877631608775,7.0069443733092385,7,5000
A,Temperature,PVsyst,RMSE,5.662695308518474,5.22576871831257,6.042626099895943,0.8168573815833735,14,5000
A,Temperature,PVsyst,CVRMSE_percent,36.847504746798464,32.1923932447005,44.76953237993969,12.577139135239193,14,5000
A,Temperature,PVsyst,nMBE_percent,14.95709649847476,11.176171908454789,20.384961629383806,9.208789720929017,14,5000
A,Temperature,PVsyst,RMSE,5.662695308518474,5.1510102396358315,6.0648715519694045,0.913861312333573,21,5000
A,Temperature,PVsyst,CVRMSE_percent,36.847504746798464,31.68716999887497,46.37904453964526,14.691874540770286,21,5000
A,Temperature,PVsyst,nMBE_percent,14.95709649847476,10.855393297983916,21.516585706004307,10.66119240802039,21,5000
A,Temperature,PVsyst,RMSE,5.662695308518474,5.0453032024208095,6.112965514539958,1.0676623121191486,30,5000
A,Temperature,PVsyst,CVRMSE_percent,36.847504746798464,30.934901942960714,50.1896738724625,19.254771929501786,30,5000
A,Temperature,PVsyst,nMBE_percent,14.95709649847476,10.283732126844063,23.165978745803915,12.882246618959853,30,5000
A,Power,IDA ICE,RMSE,262.1458370113161,249.51616393339495,275.3542730195707,25.838109086175763,1,5000
A,Power,IDA ICE,CVRMSE_percent,34.435948066186064,32.35172742350772,36.71710917714779,4.365381753640072,1,5000
A,Power,IDA ICE,nMBE_percent,1.846498517156234,1.0343352461946982,2.766722275738936,1.7323870295442376,1,5000
A,Power,IDA ICE,RMSE,262.1458370113161,244.14281070830012,281.0592875718545,36.91647686355438,7,5000
A,Power,IDA ICE,CVRMSE_percent,34.435948066186064,31.2264872227093,38.586452991224384,7.359965768515085,7,5000
A,Power,IDA ICE,nMBE_percent,1.846498517156234,0.5090386321570427,3.740691437288341,3.2316528051312985,7,5000
A,Power,IDA ICE,RMSE,262.1458370113161,242.12656138865378,282.71895684690776,40.592395458253975,14,5000
A,Power,IDA ICE,CVRMSE_percent,34.435948066186064,30.805267958047327,39.86340917204301,9.058141213995686,14,5000
A,Power,IDA ICE,nMBE_percent,1.846498517156234,0.28188000809376224,4.315374058710837,4.033494050617075,14,5000
A,Power,IDA ICE,RMSE,262.1458370113161,240.81053755702322,283.0487798396158,42.23824228259258,21,5000
A,Power,IDA ICE,CVRMSE_percent,34.435948066186064,30.377880354333048,41.110698900505284,10.732818546172236,21,5000
A,Power,IDA ICE,nMBE_percent,1.846498517156234,0.17782909861987342,4.621081332635875,4.4432522340160014,21,5000
A,Power,IDA ICE,RMSE,262.1458370113161,239.20526927905587,283.08871587545434,43.88344659639847,30,5000
A,Power,IDA ICE,CVRMSE_percent,34.435948066186064,30.236533358528845,42.26027376179098,12.023740403262131,30,5000
A,Power,IDA ICE,nMBE_percent,1.846498517156234,0.12741379728437097,5.191742041658518,5.064328244374147,30,5000
A,Power,PVsyst,RMSE,257.2306251712122,246.1721292202077,268.42457223771373,22.25244301750604,1,5000
A,Power,PVsyst,CVRMSE_percent,33.79027700922851,32.05631401451775,35.679183840647696,3.622869826129943,1,5000
A,Power,PVsyst,nMBE_percent,-3.246264527665754,-4.021660344467249,-2.3528006917278277,1.6688596527394215,1,5000
A,Power,PVsyst,RMSE,257.2306251712122,240.8519533776228,272.6813501151736,31.82939673755078,7,5000
A,Power,PVsyst,CVRMSE_percent,33.79027700922851,31.11188391686214,37.260513738368395,6.148629821506255,7,5000
A,Power,PVsyst,nMBE_percent,-3.246264527665754,-4.468122281392491,-1.5431999574449151,2.924922323947576,7,5000
A,Power,PVsyst,RMSE,257.2306251712122,238.66940963511462,273.72253058143406,35.05312094631944,14,5000
A,Power,PVsyst,CVRMSE_percent,33.79027700922851,30.790289132390527,38.201116274282874,7.410827141892348,14,5000
A,Power,PVsyst,nMBE_percent,-3.246264527665754,-4.601243738405394,-1.0881616430620364,3.5130820953433575,14,5000
A,Power,PVsyst,RMSE,257.2306251712122,236.96991387498144,274.36996212442756,37.400048249446115,21,5000
A,Power,PVsyst,CVRMSE_percent,33.79027700922851,30.429945994996277,39.36189738862753,8.931951393631255,21,5000
A,Power,PVsyst,nMBE_percent,-3.246264527665754,-4.680708157619553,-0.8951286596106731,3.7855794980088797,21,5000
A,Power,PVsyst,RMSE,257.2306251712122,234.8109843462563,274.1624227329654,39.351438386709106,30,5000
A,Power,PVsyst,CVRMSE_percent,33.79027700922851,30.309163945254465,40.36115954752706,10.051995602272594,30,5000
A,Power,PVsyst,nMBE_percent,-3.246264527665754,-4.640968084871195,-0.4511249209400286,4.189843163931167,30,5000
B,GTI,IDA ICE,RMSE,21.737641280312562,17.049222690081127,26.308162882071557,9.25894019199043,1,5000
B,GTI,IDA ICE,CVRMSE_percent,11.00732533186916,8.599059863697283,13.518574189700788,4.919514326003505,1,5000
B,GTI,IDA ICE,nMBE_percent,-3.759546698786743,-3.9446126717748102,-3.592144349810735,0.3524683219640754,1,5000
B,GTI,IDA ICE,RMSE,21.737641280312562,15.534152230436236,28.10440215117409,12.570249920737853,7,5000
B,GTI,IDA ICE,CVRMSE_percent,11.00732533186916,7.540998519814406,15.327998724066896,7.78700020425249,7,5000
B,GTI,IDA ICE,nMBE_percent,-3.759546698786743,-4.052690709127505,-3.481301730816268,0.5713889783112371,7,5000
B,GTI,IDA ICE,RMSE,21.737641280312562,15.014999261790159,28.796760509835224,13.781761248045065,14,5000
B,GTI,IDA ICE,CVRMSE_percent,11.00732533186916,7.1180183792840515,16.604875380031306,9.486857000747253,14,5000
B,GTI,IDA ICE,nMBE_percent,-3.759546698786743,-4.100848384758783,-3.420457014904057,0.6803913698547261,14,5000
B,GTI,IDA ICE,RMSE,21.737641280312562,14.793743362516729,29.706019838227874,14.912276475711145,21,5000
B,GTI,IDA ICE,CVRMSE_percent,11.00732533186916,6.806750208644444,17.855572165378177,11.048821956733732,21,5000
B,GTI,IDA ICE,nMBE_percent,-3.759546698786743,-4.15444524029602,-3.369984930120073,0.7844603101759473,21,5000
B,GTI,IDA ICE,RMSE,21.737641280312562,14.455480113253472,30.553895287780726,16.098415174527254,30,5000
B,GTI,IDA ICE,CVRMSE_percent,11.00732533186916,6.581172211580978,19.392607641730564,12.811435430149587,30,5000
B,GTI,IDA ICE,nMBE_percent,-3.759546698786743,-4.172533929118082,-3.3173306092518553,0.8552033198662263,30,5000
B,GTI,PVsyst,RMSE,25.06118125758532,21.425049753865803,28.971965887407457,7.546916133541654,1,5000
B,GTI,PVsyst,CVRMSE_percent,12.690271761592754,10.78587350726298,14.812278464399435,4.026404957136455,1,5000
B,GTI,PVsyst,nMBE_percent,-6.24409469323019,-6.4642495535947955,-6.046961776340694,0.41728777725410104,1,5000
B,GTI,PVsyst,RMSE,25.06118125758532,20.240444255221647,30.408308246434064,10.167863991212418,7,5000
B,GTI,PVsyst,CVRMSE_percent,12.690271761592754,9.839515189433593,16.5617771421497,6.722261952716108,7,5000
B,GTI,PVsyst,nMBE_percent,-6.24409469323019,-6.665709246338153,-5.92691718505098,0.7387920612871728,7,5000
B,GTI,PVsyst,RMSE,25.06118125758532,20.06788517962064,30.748371918851237,10.680486739230599,14,5000
B,GTI,PVsyst,CVRMSE_percent,12.690271761592754,9.411467884415636,17.7041820999933,8.292714215577664,14,5000
B,GTI,PVsyst,nMBE_percent,-6.24409469323019,-6.814007912868327,-5.861003298758647,0.9530046141096795,14,5000
B,GTI,PVsyst,RMSE,25.06118125758532,19.942447297955834,31.522940435456274,11.58049313750044,21,5000
B,GTI,PVsyst,CVRMSE_percent,12.690271761592754,9.12921775314598,18.953719063797806,9.824501310651826,21,5000
B,GTI,PVsyst,nMBE_percent,-6.24409469323019,-6.982223898293318,-5.808806986073241,1.1734169122200768,21,5000
B,GTI,PVsyst,RMSE,25.06118125758532,19.680024034743234,32.418019090819485,12.737995056076251,30,5000
B,GTI,PVsyst,CVRMSE_percent,12.690271761592754,8.827486315210567,20.63518662441847,11.807700309207902,30,5000
B,GTI,PVsyst,nMBE_percent,-6.24409469323019,-7.120777902952904,-5.7593860092654054,1.3613918936874985,30,5000
B,Temperature,IDA ICE,RMSE,4.7172145544054755,4.452364032372869,4.9825903273601675,0.5302262949872985,1,5000
B,Temperature,IDA ICE,CVRMSE_percent,32.59744744826464,30.03939636927513,35.43013689992757,5.390740530652437,1,5000
B,Temperature,IDA ICE,nMBE_percent,7.801097230428282,6.308121311762919,9.351319737145207,3.043198425382288,1,5000
B,Temperature,IDA ICE,RMSE,4.7172145544054755,4.221168305258299,5.195826068174665,0.9746577629163662,7,5000
B,Temperature,IDA ICE,CVRMSE_percent,32.59744744826464,26.906128035050045,40.080797420735394,13.174669385685348,7,5000
B,Temperature,IDA ICE,nMBE_percent,7.801097230428282,4.814541001942649,10.856364861889299,6.04182385994665,7,5000
B,Temperature,IDA ICE,RMSE,4.7172145544054755,4.11412237980903,5.306205348865712,1.192082969056682,14,5000
B,Temperature,IDA ICE,CVRMSE_percent,32.59744744826464,25.49235141217123,43.84204384388761,18.349692431716377,14,5000
B,Temperature,IDA ICE,nMBE_percent,7.801097230428282,3.911186478517612,11.978135833172288,8.066949354654676,14,5000
B,Temperature,IDA ICE,RMSE,4.7172145544054755,4.029629663946138,5.4090986160910655,1.3794689521449275,21,5000
B,Temperature,IDA ICE,CVRMSE_percent,32.59744744826464,24.672617730001182,46.323471644182206,21.650853914181024,21,5000
B,Temperature,IDA ICE,nMBE_percent,7.801097230428282,3.301869280832212,12.81101435986058,9.509145079028368,21,5000
B,Temperature,IDA ICE,RMSE,4.7172145544054755,3.9340318203220996,5.4623054237288455,1.528273603406746,30,5000
B,Temperature,IDA ICE,CVRMSE_percent,32.59744744826464,23.60315024224501,51.31188133383315,27.708731091588138,30,5000
B,Temperature,IDA ICE,nMBE_percent,7.801097230428282,2.2214934346794664,13.187340101137918,10.965846666458452,30,5000
B,Temperature,PVsyst,RMSE,6.399257012997223,6.17000427404659,6.620950216336564,0.450945942289974,1,5000
B,Temperature,PVsyst,CVRMSE_percent,44.22089387354701,41.857234650369776,46.90214996014889,5.044915309779114,1,5000
B,Temperature,PVsyst,nMBE_percent,5.0280228917057315,2.9423843645723053,7.184810968391421,4.242426603819116,1,5000
B,Temperature,PVsyst,RMSE,6.399257012997223,5.977456787543147,6.770477195610474,0.7930204080673269,7,5000
B,Temperature,PVsyst,CVRMSE_percent,44.22089387354701,39.16497527704663,51.209620188507486,12.044644911460857,7,5000
B,Temperature,PVsyst,nMBE_percent,5.0280228917057315,0.785853155828152,9.727938152510033,8.942084996681881,7,5000
B,Temperature,PVsyst,RMSE,6.399257012997223,5.920778374999433,6.8141283658291245,0.8933499908296918,14,5000
B,Temperature,PVsyst,CVRMSE_percent,44.22089387354701,37.955167425828186,55.199435563658646,17.24426813783046,14,5000
B,Temperature,PVsyst,nMBE_percent,5.0280228917057315,-0.23391087959871043,11.478133358233531,11.712044237832242,14,5000
B,Temperature,PVsyst,RMSE,6.399257012997223,5.835147996895008,6.845268079275053,1.0101200823800447,21,5000
B,Temperature,PVsyst,CVRMSE_percent,44.22089387354701,37.15248903337715,57.68449464901081,20.532005615633658,21,5000
B,Temperature,PVsyst,nMBE_percent,5.0280228917057315,-1.276197781794932,12.869260816494569,14.145458598289501,21,5000
B,Temperature,PVsyst,RMSE,6.399257012997223,5.73310311301901,6.8859794546883855,1.1528763416693755,30,5000
B,Temperature,PVsyst,CVRMSE_percent,44.22089387354701,36.03494520485586,62.586701318703085,26.551756113847226,30,5000
B,Temperature,PVsyst,nMBE_percent,5.0280228917057315,-2.1561430017798426,14.003895787435049,16.16003878921489,30,5000
B,Power,IDA ICE,RMSE,320.52481281285407,293.6850754174811,356.62609277066406,62.941017353182986,1,5000
B,Power,IDA ICE,CVRMSE_percent,41.624437589618346,37.49943541453438,47.05915323696686,9.559717822432475,1,5000
B,Power,IDA ICE,nMBE_percent,6.2410262489188675,5.34165975382865,7.404992460853483,2.0633327070248333,1,5000
B,Power,IDA ICE,RMSE,320.52481281285407,287.98365218906,358.841021422871,70.85736923381097,7,5000
B,Power,IDA ICE,CVRMSE_percent,41.624437589618346,36.393319722171185,48.68368705460214,12.290367332430954,7,5000
B,Power,IDA ICE,nMBE_percent,6.2410262489188675,5.114245710005822,7.587551789784575,2.4733060797787534,7,5000
B,Power,IDA ICE,RMSE,320.52481281285407,283.9186080905551,360.96068613325093,77.04207804269583,14,5000
B,Power,IDA ICE,CVRMSE_percent,41.624437589618346,35.894633387822964,49.70462281302669,13.809989425203725,14,5000
B,Power,IDA ICE,nMBE_percent,6.2410262489188675,5.019749810046486,7.734399114637338,2.7146493045908517,14,5000
B,Power,IDA ICE,RMSE,320.52481281285407,279.5616801667866,363.50772127121263,83.94604110442606,21,5000
B,Power,IDA ICE,CVRMSE_percent,41.624437589618346,35.48692288795657,51.19693602268088,15.710013134724313,21,5000
B,Power,IDA ICE,nMBE_percent,6.2410262489188675,4.9551274548216995,7.740631308268651,2.7855038534469516,21,5000
B,Power,IDA ICE,RMSE,320.52481281285407,275.0730862119257,364.91124737725164,89.83816116532591,30,5000
B,Power,IDA ICE,CVRMSE_percent,41.624437589618346,35.191306691792526,53.365879556415216,18.17457286462269,30,5000
B,Power,IDA ICE,nMBE_percent,6.2410262489188675,4.952566523618528,7.897853399352121,2.9452868757335926,30,5000
B,Power,PVsyst,RMSE,294.3350101283894,268.0600226872426,329.91923388608126,61.859211198838636,1,5000
B,Power,PVsyst,CVRMSE_percent,38.22334112611173,34.19570199672211,43.56261997551964,9.366917978797531,1,5000
B,Power,PVsyst,nMBE_percent,2.1801675679936015,1.24397651381344,3.364969801160229,2.1209932873467894,1,5000
B,Power,PVsyst,RMSE,294.3350101283894,264.1050125965673,330.5947566084951,66.48974401192783,7,5000
B,Power,PVsyst,CVRMSE_percent,38.22334112611173,33.15356499568377,45.04465545605063,11.891090460366854,7,5000
B,Power,PVsyst,nMBE_percent,2.1801675679936015,0.9125891068991795,3.738513018047992,2.825923911148813,7,5000
B,Power,PVsyst,RMSE,294.3350101283894,260.67346124237656,331.47607666615994,70.80261542378338,14,5000
B,Power,PVsyst,CVRMSE_percent,38.22334112611173,32.68515349172919,46.0055575673169,13.32040407558771,14,5000
B,Power,PVsyst,nMBE_percent,2.1801675679936015,0.7308606582706144,3.972165497186145,3.241304838915531,14,5000
B,Power,PVsyst,RMSE,294.3350101283894,257.29820938546493,333.1712760234727,75.8730666380078,21,5000
B,Power,PVsyst,CVRMSE_percent,38.22334112611173,32.40298060510131,47.33377042622838,14.930789821127064,21,5000
B,Power,PVsyst,nMBE_percent,2.1801675679936015,0.6475339761881107,4.1059059170179335,3.4583719408298226,21,5000
B,Power,PVsyst,RMSE,294.3350101283894,254.47856877854616,332.9428247206485,78.46425594210234,30,5000
B,Power,PVsyst,CVRMSE_percent,38.22334112611173,32.070456307895064,49.40425448169648,17.33379817380142,30,5000
B,Power,PVsyst,nMBE_percent,2.1801675679936015,0.6504901892258592,4.371676462354467,3.721186273128607,30,5000
C,GTI,IDA ICE,RMSE,21.622139751267593,16.968140681461605,26.190648716465525,9.22250803500392,1,5000
C,GTI,IDA ICE,CVRMSE_percent,10.948838631765325,8.54674782953785,13.444833659838825,4.898085830300975,1,5000
C,GTI,IDA ICE,nMBE_percent,-3.6574644971650963,-3.8381530702293913,-3.4864502757096747,0.35170279451971664,1,5000
C,GTI,IDA ICE,RMSE,21.622139751267593,15.437512944025505,27.927603517698778,12.490090573673273,7,5000
C,GTI,IDA ICE,CVRMSE_percent,10.948838631765325,7.488840922011221,15.238743662512704,7.749902740501483,7,5000
C,GTI,IDA ICE,nMBE_percent,-3.6574644971650963,-3.9477824542537805,-3.3840133236741208,0.5637691305796597,7,5000
C,GTI,IDA ICE,RMSE,21.622139751267593,14.894596486064232,28.666273784435518,13.771677298371285,14,5000
C,GTI,IDA ICE,CVRMSE_percent,10.948838631765325,7.060182646372221,16.548785451832277,9.488602805460056,14,5000
C,GTI,IDA ICE,nMBE_percent,-3.6574644971650963,-3.9950585226520223,-3.3137344938716846,0.6813240287803377,14,5000
C,GTI,IDA ICE,RMSE,21.622139751267593,14.630026937917327,29.577607586851677,14.94758064893435,21,5000
C,GTI,IDA ICE,CVRMSE_percent,10.948838631765325,6.748570665243916,17.77443056938397,11.025859904140054,21,5000
C,GTI,IDA ICE,nMBE_percent,-3.6574644971650963,-4.050052777475843,-3.2628246884765963,0.7872280889992465,21,5000
C,GTI,IDA ICE,RMSE,21.622139751267593,14.30963960011895,30.418458104828694,16.108818504709745,30,5000
C,GTI,IDA ICE,CVRMSE_percent,10.948838631765325,6.5293457601096145,19.33089838047394,12.801552620364326,30,5000
C,GTI,IDA ICE,nMBE_percent,-3.6574644971650963,-4.068919902423083,-3.200630824761714,0.8682890776613692,30,5000
C,GTI,PVsyst,RMSE,26.87478968492131,23.485024694986155,30.511396327005325,7.0263716320191705,1,5000
C,GTI,PVsyst,CVRMSE_percent,13.6086316575391,11.825640512521497,15.616653012020006,3.7910124994985086,1,5000
C,GTI,PVsyst,nMBE_percent,-7.179048845794596,-7.401899126311029,-6.979116449979876,0.4227826763311535,1,5000
C,GTI,PVsyst,RMSE,26.87478968492131,22.453889020365484,31.819973114314017,9.366084093948533,7,5000
C,GTI,PVsyst,CVRMSE_percent,13.6086316575391,10.951748015188814,17.338969670693913,6.387221655505099,7,5000
C,GTI,PVsyst,nMBE_percent,-7.179048845794596,-7.588088108356023,-6.865879847037195,0.7222082613188281,7,5000
C,GTI,PVsyst,RMSE,26.87478968492131,22.325847287747685,32.06633236632228,9.740485078574594,14,5000
C,GTI,PVsyst,CVRMSE_percent,13.6086316575391,10.527573807397413,18.443752065870047,7.916178258472634,14,5000
C,GTI,PVsyst,nMBE_percent,-7.179048845794596,-7.723015206582722,-6.802021445168187,0.9209937614145352,14,5000
C,GTI,PVsyst,RMSE,26.87478968492131,22.14675465120504,32.7382107777271,10.591456126522058,21,5000
C,GTI,PVsyst,CVRMSE_percent,13.6086316575391,10.244388839704634,19.723371119094526,9.478982279389893,21,5000
C,GTI,PVsyst,nMBE_percent,-7.179048845794596,-7.864381421728346,-6.760763420398879,1.1036180013294672,21,5000
C,GTI,PVsyst,RMSE,26.87478968492131,21.945581072262854,33.41939977200391,11.47381869974106,30,5000
C,GTI,PVsyst,CVRMSE_percent,13.6086316575391,9.96304713387247,21.32654268284719,11.36349554897472,30,5000
C,GTI,PVsyst,nMBE_percent,-7.179048845794596,-8.004890104189673,-6.731341623656703,1.2735484805329707,30,5000
C,Temperature,IDA ICE,RMSE,4.44004172791177,4.180673056224665,4.690237321673518,0.5095642654488532,1,5000
C,Temperature,IDA ICE,CVRMSE_percent,25.262305727528467,23.777940003779044,26.912686107500086,3.1347461037210422,1,5000
C,Temperature,IDA ICE,nMBE_percent,-8.111235375054601,-9.152319644759103,-7.120317403450555,2.0320022413085486,1,5000
C,Temperature,IDA ICE,RMSE,4.44004172791177,4.0622550912389634,4.79930013809945,0.7370450468604863,7,5000
C,Temperature,IDA ICE,CVRMSE_percent,25.262305727528467,22.36605968687413,29.35364374775335,6.987584060879218,7,5000
C,Temperature,IDA ICE,nMBE_percent,-8.111235375054601,-10.208190725787313,-6.316504231391182,3.891686494396131,7,5000
C,Temperature,IDA ICE,RMSE,4.44004172791177,4.005326365796797,4.841852304171803,0.8365259383750061,14,5000
C,Temperature,IDA ICE,CVRMSE_percent,25.262305727528467,21.527185715166407,31.526573287532297,9.99938757236589,14,5000
C,Temperature,IDA ICE,nMBE_percent,-8.111235375054601,-11.160271574392691,-6.000102148803664,5.160169425589028,14,5000
C,Temperature,IDA ICE,RMSE,4.44004172791177,3.9395390309403107,4.885938625145544,0.946399594205233,21,5000
C,Temperature,IDA ICE,CVRMSE_percent,25.262305727528467,21.08308823445766,32.70381717978339,11.620728945325734,21,5000
C,Temperature,IDA ICE,nMBE_percent,-8.111235375054601,-11.671115558115826,-5.77109863298007,5.9000169251357555,21,5000
C,Temperature,IDA ICE,RMSE,4.44004172791177,3.8650787969034845,4.891875283292786,1.0267964863893018,30,5000
C,Temperature,IDA ICE,CVRMSE_percent,25.262305727528467,20.498265688656208,35.61848434332792,15.120218654671714,30,5000
C,Temperature,IDA ICE,nMBE_percent,-8.111235375054601,-13.000605153457856,-5.585519955899317,7.41508519755854,30,5000
C,Temperature,PVsyst,RMSE,5.585629153718931,5.3538065262891905,5.813663218463406,0.4598566921742151,1,5000
C,Temperature,PVsyst,CVRMSE_percent,31.780302981118222,29.704690641412125,34.055013742784205,4.35032310137208,1,5000
C,Temperature,PVsyst,nMBE_percent,-1.792834548049767,-3.1392822624695267,-0.4244847491854315,2.714797513284095,1,5000
C,Temperature,PVsyst,RMSE,5.585629153718931,5.184289731242294,5.9524306852281414,0.7681409539858475,7,5000
C,Temperature,PVsyst,CVRMSE_percent,31.780302981118222,28.13121267032577,37.01277250086346,8.881559830537693,7,5000
C,Temperature,PVsyst,nMBE_percent,-1.792834548049767,-4.402634532300193,0.651982696853196,5.054617229153389,7,5000
C,Temperature,PVsyst,RMSE,5.585629153718931,5.114173776137239,6.030214470040796,0.9160406939035566,14,5000
C,Temperature,PVsyst,CVRMSE_percent,31.780302981118222,27.408931277774798,39.45278124101031,12.043849963235509,14,5000
C,Temperature,PVsyst,nMBE_percent,-1.792834548049767,-5.043535124454046,1.2623399362340681,6.3058750606881135,14,5000
C,Temperature,PVsyst,RMSE,5.585629153718931,5.043995572508388,6.063495222344566,1.0194996498361784,21,5000
C,Temperature,PVsyst,CVRMSE_percent,31.780302981118222,26.86529429267553,40.76830967284766,13.903015380172128,21,5000
C,Temperature,PVsyst,nMBE_percent,-1.792834548049767,-5.724830364929589,1.7316435701568358,7.456473935086424,21,5000
C,Temperature,PVsyst,RMSE,5.585629153718931,4.976934757507857,6.122698474031437,1.1457637165235797,30,5000
C,Temperature,PVsyst,CVRMSE_percent,31.780302981118222,26.323055472203144,44.4491568501063,18.126101377903154,30,5000
C,Temperature,PVsyst,nMBE_percent,-1.792834548049767,-6.72341332870875,2.1797021165036745,8.903115445212425,30,5000
C,Power,IDA ICE,RMSE,245.08606799882148,226.11030641612993,270.6089247984505,44.498618382320586,1,5000
C,Power,IDA ICE,CVRMSE_percent,48.0903492372697,43.90114899154909,53.89523494372462,9.994085952175524,1,5000
C,Power,IDA ICE,nMBE_percent,9.878913601431465,8.932623804286226,11.071623998185306,2.1390001938990792,1,5000
C,Power,IDA ICE,RMSE,245.08606799882148,220.201446543573,273.11495357473683,52.91350703116382,7,5000
C,Power,IDA ICE,CVRMSE_percent,48.0903492372697,42.82115902047595,55.302575228920745,12.481416208444791,7,5000
C,Power,IDA ICE,nMBE_percent,9.878913601431465,8.441105517447134,11.398884371781243,2.9577788543341086,7,5000
C,Power,IDA ICE,RMSE,245.08606799882148,215.75372410251546,275.66954695352257,59.91582285100711,14,5000
C,Power,IDA ICE,CVRMSE_percent,48.0903492372697,42.32689905770415,56.200949075631875,13.874050017927722,14,5000
C,Power,IDA ICE,nMBE_percent,9.878913601431465,8.151463887775087,11.708897137188897,3.55743324941381,14,5000
C,Power,IDA ICE,RMSE,245.08606799882148,211.86384593253672,278.33978173282156,66.47593580028484,21,5000
C,Power,IDA ICE,CVRMSE_percent,48.0903492372697,42.044893186430365,57.69503556038223,15.650142373951866,21,5000
C,Power,IDA ICE,nMBE_percent,9.878913601431465,7.90656438655204,11.989087525054972,4.082523138502932,21,5000
C,Power,IDA ICE,RMSE,245.08606799882148,206.83020719985382,279.40952181242807,72.57931461257425,30,5000
C,Power,IDA ICE,CVRMSE_percent,48.0903492372697,41.67901225663453,59.55884567969424,17.879833423059708,30,5000
C,Power,IDA ICE,nMBE_percent,9.878913601431465,7.729297465582303,12.128973578524707,4.399676112942404,30,5000
C,Power,PVsyst,RMSE,230.49532693869156,212.20380503879377,255.87270639194145,43.668901353147675,1,5000
C,Power,PVsyst,CVRMSE_percent,45.2273801630113,40.82511920743393,51.16551921642484,10.340400008990912,1,5000
C,Power,PVsyst,nMBE_percent,13.391908331860726,12.34170812048347,14.782835636749729,2.441127516266258,1,5000
C,Power,PVsyst,RMSE,230.49532693869156,207.4424774454033,257.98619725547906,50.54371981007574,7,5000
C,Power,PVsyst,CVRMSE_percent,45.2273801630113,39.60444941949025,52.7335987769004,13.12914935741015,7,5000
C,Power,PVsyst,nMBE_percent,13.391908331860726,11.90911722426607,15.202218904701477,3.293101680435406,7,5000
C,Power,PVsyst,RMSE,230.49532693869156,203.40595756776509,259.7221497062,56.31619213843493,14,5000
C,Power,PVsyst,CVRMSE_percent,45.2273801630113,39.24199757798188,53.64319864773003,14.401201069748154,14,5000
C,Power,PVsyst,nMBE_percent,13.391908331860726,11.795592042432455,15.386900024963829,3.591307982531374,14,5000
C,Power,PVsyst,RMSE,230.49532693869156,200.09770581386826,261.37774228136357,61.28003646749531,21,5000
C,Power,PVsyst,CVRMSE_percent,45.2273801630113,39.043113880126675,54.744248372554935,15.70113449242826,21,5000
C,Power,PVsyst,nMBE_percent,13.391908331860726,11.620854161264072,15.521432255093366,3.900578093829294,21,5000
C,Power,PVsyst,RMSE,230.49532693869156,196.30715817251942,262.1472903854708,65.84013221295137,30,5000
C,Power,PVsyst,CVRMSE_percent,45.2273801630113,38.77547213802885,56.613774383912016,17.838302245883163,30,5000
C,Power,PVsyst,nMBE_percent,13.391908331860726,11.538702685348857,15.665088459336323,4.126385773987465,30,5000
