System,Variable,unit_RMSE,n_common,RMSE_IDA,RMSE_PVsyst,Delta_RMSE_IDA_minus_PVsyst,Delta_RMSE_CI95_low,Delta_RMSE_CI95_high,Delta_RMSE_CI_width,Delta_CVRMSE_percentage_points,Delta_CVRMSE_CI95_low,Delta_CVRMSE_CI95_high,Delta_CVRMSE_CI_width,bootstrap_p_raw,block_days,n_boot,bootstrap_p_Holm,significant_Holm_0.05,CI_excludes_zero,Favored_by_RMSE
A,GTI,W/m²,4635,15.336261950901536,22.438327076478338,-7.102065125576802,-7.933118027464353,-6.3036307248900885,1.6294873025742644,-3.050559950978356,-3.360160494132661,-2.766006659401358,0.5941538347313031,0.0001999600079984003,1,5000,0.0017996400719856027,True,True,IDA ICE
A,Temperature,°C,4635,5.101330459543028,5.662695308518474,-0.5613648489754457,-0.7166625695491632,-0.40767986707140064,0.30898270247776255,-3.6528354097017997,-4.620549375615614,-2.7014179911172973,1.9191313844983164,0.0001999600079984003,1,5000,0.0017996400719856027,True,True,IDA ICE
A,Power,W,4631,262.1458370113161,257.2306251712122,4.915211840103893,1.1569129319772338,8.940936385997817,7.784023454020584,0.6456710569575593,0.1534411223836555,1.2027340749408466,1.049292952557191,0.01259748050389922,1,5000,0.01259748050389922,True,True,PVsyst
B,GTI,W/m²,5351,21.737641280312562,25.06118125758532,-3.323539977272759,-4.515948453454701,-2.3536346539148347,2.1623137995398665,-1.682946429723596,-2.26052389712384,-1.226911605026381,1.033612292097459,0.0001999600079984003,1,5000,0.0017996400719856027,True,True,IDA ICE
B,Temperature,°C,5351,4.7172145544054755,6.399257012997223,-1.6820424585917477,-1.890353702492644,-1.4749122732621478,0.4154414292304962,-11.62344642528238,-12.96607371520828,-10.372811704053953,2.5932620111543265,0.0001999600079984003,1,5000,0.0017996400719856027,True,True,IDA ICE
B,Power,W,5347,320.52481281285407,294.3350101283894,26.189802684464667,23.4292006292484,29.073003516642522,5.6438028873941235,3.4010964635066174,3.0348347690427024,3.7921357612207296,0.7573009921780272,0.0001999600079984003,1,5000,0.0017996400719856027,True,True,PVsyst
C,GTI,W/m²,5351,21.622139751267593,26.87478968492131,-5.252649933653718,-6.732167644645991,-4.059442933229889,2.6727247114161026,-2.659793025773773,-3.3577512447660496,-2.1029958975811054,1.2547553471849442,0.0001999600079984003,1,5000,0.0017996400719856027,True,True,IDA ICE
C,Temperature,°C,4828,4.44004172791177,5.585629153718931,-1.145587425807161,-1.4071753858974712,-0.8778638411553967,0.5293115447420744,-6.5179972535897575,-8.213999305318081,-4.919048237373355,3.2949510679447265,0.0001999600079984003,1,5000,0.0017996400719856027,True,True,IDA ICE
C,Power,W,5347,245.08606799882148,230.49532693869156,14.590741060129915,11.54275247591804,17.708761287540764,6.166008811622724,2.8629690742584044,2.3796370277810683,3.339780272423237,0.9601432446421687,0.0001999600079984003,1,5000,0.0017996400719856027,True,True,PVsyst
A,GTI,W/m²,4635,15.336261950901536,22.438327076478338,-7.102065125576802,-8.641586739422797,-5.65830679920971,2.9832799402130874,-3.050559950978356,-3.7185916587654653,-2.4732871869321045,1.2453044718333608,0.0001999600079984003,7,5000,0.0017996400719856027,True,True,IDA ICE
A,Temperature,°C,4635,5.101330459543028,5.662695308518474,-0.5613648489754457,-0.8606365907459651,-0.28006690418596214,0.580569686560003,-3.6528354097017997,-5.279809716385781,-2.004654631874397,3.275155084511384,0.0007998400319936012,7,5000,0.0017996400719856027,True,True,IDA ICE
A,Power,W,4631,262.1458370113161,257.2306251712122,4.915211840103893,-0.48367269023456166,11.372456771372477,11.856129461607038,0.6456710569575593,-0.06070495705264312,1.570186229079709,1.6308911861323523,0.10057988402319536,7,5000,0.10057988402319536,False,False,PVsyst
B,GTI,W/m²,5351,21.737641280312562,25.06118125758532,-3.323539977272759,-5.277940478711646,-1.925070108103981,3.3528703706076657,-1.682946429723596,-2.564789200480326,-1.0321132369822665,1.5326759634980593,0.0001999600079984003,7,5000,0.0017996400719856027,True,True,IDA ICE
B,Temperature,°C,5351,4.7172145544054755,6.399257012997223,-1.6820424585917477,-2.147852120370885,-1.2420792189313197,0.9057729014395655,-11.62344642528238,-14.397868214589822,-9.257572608385685,5.140295606204138,0.0001999600079984003,7,5000,0.0017996400719856027,True,True,IDA ICE
B,Power,W,5347,320.52481281285407,294.3350101283894,26.189802684464667,21.11456175174329,31.36485704314275,10.250295291399457,3.4010964635066174,2.816032288014749,4.068722188786446,1.2526899007716974,0.0001999600079984003,7,5000,0.0017996400719856027,True,True,PVsyst
C,GTI,W/m²,5351,21.622139751267593,26.87478968492131,-5.252649933653718,-7.616741617301319,-3.490076417584542,4.126665199716777,-2.659793025773773,-3.679124187032998,-1.8833063791710705,1.7958178078619274,0.0001999600079984003,7,5000,0.0017996400719856027,True,True,IDA ICE
C,Temperature,°C,4828,4.44004172791177,5.585629153718931,-1.145587425807161,-1.5621010635145867,-0.7464552290853075,0.8156458344292792,-6.5179972535897575,-9.366139324933641,-4.190826375193627,5.1753129497400145,0.0001999600079984003,7,5000,0.0017996400719856027,True,True,IDA ICE
C,Power,W,5347,245.08606799882148,230.49532693869156,14.590741060129915,9.71833166296957,19.621042683253084,9.902711020283514,2.8629690742584044,2.1292502587903077,3.5523710053327,1.4231207465423923,0.0001999600079984003,7,5000,0.0017996400719856027,True,True,PVsyst
A,GTI,W/m²,4635,15.336261950901536,22.438327076478338,-7.102065125576802,-8.949286919877741,-5.504193002237778,3.445093917639963,-3.050559950978356,-4.028486451207793,-2.3599354760545794,1.6685509751532135,0.0001999600079984003,14,5000,0.0017996400719856027,True,True,IDA ICE
A,Temperature,°C,4635,5.101330459543028,5.662695308518474,-0.5613648489754457,-0.9261357006591703,-0.21390748827195882,0.7122282123872115,-3.6528354097017997,-5.544094744010882,-1.626692094854017,3.9174026491568648,0.0023995200959808036,14,5000,0.0065986802639472104,True,True,IDA ICE
A,Power,W,4631,262.1458370113161,257.2306251712122,4.915211840103893,-1.1902418077138115,12.720142782590436,13.910384590304247,0.6456710569575593,-0.14734227449916326,1.8354170949586226,1.9827593694577859,0.16936612677464508,14,5000,0.16936612677464508,False,False,PVsyst
B,GTI,W/m²,5351,21.737641280312562,25.06118125758532,-3.323539977272759,-5.604244938352018,-1.7187017066407009,3.885543231711317,-1.682946429723596,-2.749372296024486,-0.9523775578209221,1.7969947382035638,0.0021995600879824036,14,5000,0.0065986802639472104,True,True,IDA ICE
B,Temperature,°C,5351,4.7172145544054755,6.399257012997223,-1.6820424585917477,-2.252575029929896,-1.1069328219063588,1.1456422080235373,-11.62344642528238,-15.089268410179713,-8.603670097549772,6.485598312629941,0.0001999600079984003,14,5000,0.0017996400719856027,True,True,IDA ICE
B,Power,W,5347,320.52481281285407,294.3350101283894,26.189802684464667,19.803875486192933,32.68628745766755,12.882411971474614,3.4010964635066174,2.7000307685126512,4.170719766844442,1.470688998331791,0.0001999600079984003,14,5000,0.0017996400719856027,True,True,PVsyst
C,GTI,W/m²,5351,21.622139751267593,26.87478968492131,-5.252649933653718,-7.954456709310339,-3.190712233508301,4.763744475802038,-2.659793025773773,-3.8828040372045174,-1.8021869268920363,2.080617110312481,0.0001999600079984003,14,5000,0.0017996400719856027,True,True,IDA ICE
C,Temperature,°C,4828,4.44004172791177,5.585629153718931,-1.145587425807161,-1.618894900854417,-0.6609071604208038,0.9579877404336131,-6.5179972535897575,-9.882644254780878,-3.8110900742851403,6.071554180495738,0.0001999600079984003,14,5000,0.0017996400719856027,True,True,IDA ICE
C,Power,W,5347,245.08606799882148,230.49532693869156,14.590741060129915,9.706815739471853,19.770858053400207,10.064042313928354,2.8629690742584044,2.1481923814924646,3.5995641349547762,1.4513717534623116,0.0001999600079984003,14,5000,0.0017996400719856027,True,True,PVsyst
A,GTI,W/m²,4635,15.336261950901536,22.438327076478338,-7.102065125576802,-9.25232830076145,-5.222259918365092,4.030068382396358,-3.050559950978356,-4.253314859017566,-2.232554724734746,2.02076013428282,0.0001999600079984003,21,5000,0.0017996400719856027,True,True,IDA ICE
A,Temperature,°C,4635,5.101330459543028,5.662695308518474,-0.5613648489754457,-0.953429239549617,-0.16509109094475033,0.7883381486048666,-3.6528354097017997,-5.752155707223038,-1.2478638172929504,4.504291889930087,0.005398920215956809,21,5000,0.01259748050389922,True,True,IDA ICE
A,Power,W,4631,262.1458370113161,257.2306251712122,4.915211840103893,-1.5522646504631232,13.472909519179012,15.025174169642135,0.6456710569575593,-0.18674298440429546,1.9687417076653833,2.155484692069679,0.19796040791841632,21,5000,0.19796040791841632,False,False,PVsyst
B,GTI,W/m²,5351,21.737641280312562,25.06118125758532,-3.323539977272759,-5.866988824594335,-1.54749070800733,4.319498116587005,-1.682946429723596,-2.8957645169964334,-0.8623372803623206,2.033427236634113,0.004199160167966407,21,5000,0.01259748050389922,True,True,IDA ICE
B,Temperature,°C,5351,4.7172145544054755,6.399257012997223,-1.6820424585917477,-2.3449207374398395,-1.01033262015367,1.3345881172861696,-11.62344642528238,-15.69173028397459,-8.034388727199499,7.657341556775091,0.0001999600079984003,21,5000,0.0017996400719856027,True,True,IDA ICE
B,Power,W,5347,320.52481281285407,294.3350101283894,26.189802684464667,18.869783387406887,33.621225611212225,14.751442223805338,3.4010964635066174,2.6572680479035222,4.297891845514079,1.6406237976105569,0.0001999600079984003,21,5000,0.0017996400719856027,True,True,PVsyst
C,GTI,W/m²,5351,21.622139751267593,26.87478968492131,-5.252649933653718,-8.257352873853106,-2.963164977602151,5.294187896250955,-2.659793025773773,-3.995544428448527,-1.6978286089612724,2.2977158194872547,0.0001999600079984003,21,5000,0.0017996400719856027,True,True,IDA ICE
C,Temperature,°C,4828,4.44004172791177,5.585629153718931,-1.145587425807161,-1.7018517577273353,-0.5868789787330423,1.114972778994293,-6.5179972535897575,-10.458323084239405,-3.4866900508386,6.9716330334008045,0.0001999600079984003,21,5000,0.0017996400719856027,True,True,IDA ICE
C,Power,W,5347,245.08606799882148,230.49532693869156,14.590741060129915,9.15827500458295,19.960060653842486,10.801785649259536,2.8629690742584044,2.1053544057225237,3.5628623013652208,1.457507895642697,0.0001999600079984003,21,5000,0.0017996400719856027,True,True,PVsyst
A,GTI,W/m²,4635,15.336261950901536,22.438327076478338,-7.102065125576802,-9.582956472948638,-5.056581365274612,4.526375107674026,-3.050559950978356,-4.54336932759718,-2.1197658581842447,2.423603469412935,0.0001999600079984003,30,5000,0.0017996400719856027,True,True,IDA ICE
A,Temperature,°C,4635,5.101330459543028,5.662695308518474,-0.5613648489754457,-1.0069464008201232,-0.11655273338133397,0.8903936674387892,-3.6528354097017997,-6.022178035006946,-0.9229152920052288,5.0992627430017174,0.014597080583883223,30,5000,0.029194161167766446,True,True,IDA ICE
A,Power,W,4631,262.1458370113161,257.2306251712122,4.915211840103893,-1.8617756013356235,14.709579635162635,16.57135523649826,0.6456710569575593,-0.22772801901395176,2.234093512854478,2.46182153186843,0.23095380923815237,30,5000,0.23095380923815237,False,False,PVsyst
B,GTI,W/m²,5351,21.737641280312562,25.06118125758532,-3.323539977272759,-6.0034517702436405,-1.44871528727776,4.554736482965881,-1.682946429723596,-2.9610796987437475,-0.8408311352621045,2.120248563481643,0.008998200359928014,30,5000,0.02699460107978404,True,True,IDA ICE
B,Temperature,°C,5351,4.7172145544054755,6.399257012997223,-1.6820424585917477,-2.4335353560772797,-0.9288608532188558,1.5046745028584239,-11.62344642528238,-16.820459016887302,-7.804568205817503,9.015890811069799,0.0001999600079984003,30,5000,0.0017996400719856027,True,True,IDA ICE
B,Power,W,5347,320.52481281285407,294.3350101283894,26.189802684464667,17.930612457027685,34.54073716446862,16.61012470744093,3.4010964635066174,2.593704182158153,4.470169400608813,1.8764652184506603,0.0001999600079984003,30,5000,0.0017996400719856027,True,True,PVsyst
C,GTI,W/m²,5351,21.622139751267593,26.87478968492131,-5.252649933653718,-8.388385785984143,-2.74870964024571,5.639676145738433,-2.659793025773773,-4.064056887208432,-1.6632315124764527,2.400825374731979,0.0005998800239952009,30,5000,0.0029994001199760045,True,True,IDA ICE
C,Temperature,°C,4828,4.44004172791177,5.585629153718931,-1.145587425807161,-1.7656079015252992,-0.5503722728814109,1.2152356286438883,-6.5179972535897575,-11.255161243412557,-3.2815550760407097,7.973606167371847,0.0005998800239952009,30,5000,0.0029994001199760045,True,True,IDA ICE
C,Power,W,5347,245.08606799882148,230.49532693869156,14.590741060129915,8.751544650704854,19.923700690274483,11.172156039569629,2.8629690742584044,2.051916800892805,3.6061437349922865,1.5542269340994816,0.0001999600079984003,30,5000,0.0017996400719856027,True,True,PVsyst
