System,Software,Metric,n_final,n_no_exclusions,Final_with_4_exclusions,Without_exclusions,Difference_final_minus_unexcluded
A,IDA ICE,RMSE,4631,4635,262.145837011316,266.62871218878024,-4.482875177464223
A,IDA ICE,CVRMSE_percent,4631,4635,34.43594806618606,35.024342288797875,-0.588394222611818
A,IDA ICE,nMBE_percent,4631,4635,1.846498517156234,2.029434836221015,-0.1829363190647808
A,PVsyst,RMSE,4631,4635,257.2306251712121,261.1839282079655,-3.9533030367533684
A,PVsyst,CVRMSE_percent,4631,4635,33.7902770092285,34.3091155742136,-0.5188385649851028
A,PVsyst,nMBE_percent,4631,4635,-3.2462645276657534,-3.0720129674657954,-0.1742515601999579
B,IDA ICE,RMSE,5347,5351,320.5248128128541,326.86059064580326,-6.335777832949134
B,IDA ICE,CVRMSE_percent,5347,5351,41.624437589618346,42.454731119086155,-0.8302935294678093
B,IDA ICE,nMBE_percent,5347,5351,6.241026248918864,6.460813018365939,-0.21978676944707498
B,PVsyst,RMSE,5347,5351,294.33501012838946,300.4801823050841,-6.145172176694643
B,PVsyst,CVRMSE_percent,5347,5351,38.22334112611173,39.02827600345379,-0.8049348773420633
B,PVsyst,nMBE_percent,5347,5351,2.180167567993601,2.3888709063494966,-0.2087033383558956
C,IDA ICE,RMSE,5347,5351,245.08606799882148,249.57042343925653,-4.484355440435053
C,IDA ICE,CVRMSE_percent,5347,5351,48.0903492372697,48.978767268752726,-0.8884180314830274
C,IDA ICE,nMBE_percent,5347,5351,9.878913601431465,10.12169816612162,-0.24278456469015453
C,PVsyst,RMSE,5347,5351,230.49532693869156,235.1923025895111,-4.696975650819525
C,PVsyst,CVRMSE_percent,5347,5351,45.2273801630113,46.15702811730602,-0.9296479542947225
C,PVsyst,nMBE_percent,5347,5351,13.391908331860728,13.630916140048075,-0.23900780818734724
