System,Software,Metric,n,Estimate,CI95_low,CI95_high,block_days,n_boot,period
A,IDA ICE,RMSE,932,278.1762358738719,228.0624396028157,323.68123838211136,7,5000,full shading period
A,IDA ICE,CVRMSE_percent,932,25.383801793337383,19.969644948430346,31.194675520099704,7,5000,full shading period
A,IDA ICE,nMBE_percent,932,-0.19751850716837582,-5.144238678751328,5.464812494282156,7,5000,full shading period
A,PVsyst,RMSE,932,251.77837932621884,216.45116827531996,286.28156725667776,7,5000,full shading period
A,PVsyst,CVRMSE_percent,932,22.97497648060147,18.66838016815801,28.435880311205086,7,5000,full shading period
A,PVsyst,nMBE_percent,932,-0.07748484620031357,-2.9764655336615258,2.5627088116237626,7,5000,full shading period
B,IDA ICE,RMSE,886,213.32363358390506,156.61931294715365,288.9286689509184,7,5000,full shading period
B,IDA ICE,CVRMSE_percent,886,14.326789617911821,9.59341020445674,21.71533524924125,7,5000,full shading period
B,IDA ICE,nMBE_percent,886,-4.981520572450805,-6.5681539224796035,-4.061783933660627,7,5000,full shading period
B,PVsyst,RMSE,886,198.8329502070422,131.93659956586782,276.05552335084076,7,5000,full shading period
B,PVsyst,CVRMSE_percent,886,13.353597062205466,8.045823813487331,20.884298479192843,7,5000,full shading period
B,PVsyst,nMBE_percent,886,-1.9053166974924942,-3.293557194902664,-0.9311351921729369,7,5000,full shading period
C,IDA ICE,RMSE,886,182.65851670627137,126.46990402358486,242.12277833947584,7,5000,full shading period
C,IDA ICE,CVRMSE_percent,886,18.66205166131487,11.986993396292597,27.28788139485722,7,5000,full shading period
C,IDA ICE,nMBE_percent,886,3.946219282971437,1.6307464400792882,5.541749359744097,7,5000,full shading period
C,PVsyst,RMSE,886,253.6952029147207,141.42452710484173,366.6005651511468,7,5000,full shading period
C,PVsyst,CVRMSE_percent,886,25.919804170071444,13.368542906610687,39.430815672827976,7,5000,full shading period
C,PVsyst,nMBE_percent,886,8.010954923373195,6.55915651069247,9.127954111457756,7,5000,full shading period
