System,Sky_condition,kt_min,kt_max,Software,n,Measured_energy_kWh,mean_kt_tilt,nMBE_percent,nMBE_CI95_low,nMBE_CI95_high,CVRMSE_percent,CVRMSE_CI95_low,CVRMSE_CI95_high,block_days,n_boot
A,Overcast/very cloudy,0.0,0.2,IDA ICE,1713,362.9496298846955,0.07239388640864322,-4.1125868868988045,-10.935923460183783,4.707253563009185,67.31417084443339,51.764464623631106,88.40843457919173,30,5000
A,Overcast/very cloudy,0.0,0.2,PVsyst,1713,362.9496298846955,0.07239388640864322,-6.080273422983333,-12.09658777091194,2.2635338571246706,64.95501152283308,50.89085704885539,83.41377648825896,30,5000
A,Cloudy,0.2,0.4,IDA ICE,651,550.3020056954525,0.2920818313888917,12.715375117726113,9.31076509601875,16.615628705478205,38.54800442034752,34.779674270477294,43.99058352517034,30,5000
A,Cloudy,0.2,0.4,PVsyst,651,550.3020056954525,0.2920818313888917,7.483035474767408,4.116818270130846,10.885753430228107,36.68002996390795,33.50932829605163,41.062630947899066,30,5000
A,Mixed/broken,0.4,0.6,IDA ICE,497,803.7235065211778,0.49757572488634855,11.706724105417571,8.866098537516766,16.173569722474255,27.526020299954716,24.049384182374805,32.7911704683247,30,5000
A,Mixed/broken,0.4,0.6,PVsyst,497,803.7235065211778,0.49757572488634855,6.294701233488064,3.159345428732977,10.210444407171092,25.318193352317827,22.408044244391252,29.559204588608527,30,5000
A,Mostly clear,0.6,0.75,IDA ICE,336,831.9319422969646,0.672373223359715,4.948125635058418,3.0509508633338065,7.814214598921425,15.921163912314729,13.916442647930797,18.71443232395005,30,5000
A,Mostly clear,0.6,0.75,PVsyst,336,831.9319422969646,0.672373223359715,-1.5057171939303902,-3.5917597496888947,1.4239664992474574,15.150697956970378,13.696638079523916,17.10416454421722,30,5000
A,Clear,0.75,,IDA ICE,337,776.1582218308168,0.9603779886437882,-4.74098074282049,-6.724019920367337,-0.772625878034558,15.229933109934375,12.944519864621613,18.15320457131864,30,5000
A,Clear,0.75,,PVsyst,337,776.1582218308168,0.9603779886437882,-10.904222805394056,-12.690676338793125,-7.555594560587549,17.411790009265978,16.26197329820453,18.856123623906743,30,5000
B,Overcast/very cloudy,0.0,0.2,IDA ICE,1827,442.9617430053447,0.06839593586104166,-1.2246642268786756,-5.155271377153758,2.7770528129654592,74.66540951723461,57.885292550219425,96.82511009192464,30,5000
B,Overcast/very cloudy,0.0,0.2,PVsyst,1827,442.9617430053447,0.06839593586104166,1.552900922771637,-2.5754622269991945,6.531105003208001,71.28087163545446,56.141901857887156,90.36583359707042,30,5000
B,Cloudy,0.2,0.4,IDA ICE,611,630.7170251129783,0.2949499562541349,18.113837162800074,14.016969941305836,21.812049927317336,44.01724859135266,40.61254122745378,48.78477935037744,30,5000
B,Cloudy,0.2,0.4,PVsyst,611,630.7170251129783,0.2949499562541349,11.132991831708345,7.501905630172368,14.764631199150271,40.61444976883901,37.17792361958356,45.429172846174495,30,5000
B,Mixed/broken,0.4,0.6,IDA ICE,469,922.202915706888,0.4959140163597251,14.488514622695016,11.232805542723364,17.43563817752844,29.572945504892417,26.690276022404273,33.41543388378482,30,5000
B,Mixed/broken,0.4,0.6,PVsyst,469,922.202915706888,0.4959140163597251,7.952532251201656,4.596408855891503,11.06714724827624,26.737818400767093,23.855310448296038,30.699955977253364,30,5000
B,Mostly clear,0.6,0.75,IDA ICE,311,934.5806582489181,0.6728327471710244,7.506973435822577,4.837991313609764,11.036269103925916,16.107998547288418,12.782834672539225,20.200077247220875,30,5000
B,Mostly clear,0.6,0.75,PVsyst,311,934.5806582489181,0.6728327471710244,1.4085399301700507,-1.4771206652202697,5.157167262354183,14.306601918095092,11.717640396803331,17.812412990954677,30,5000
B,Clear,0.75,,IDA ICE,350,967.5434105986187,0.979495824429778,2.6878472962046502,-1.2571492222889076,9.034788844520861,20.1657448749272,12.158653146100653,29.846933886609904,30,5000
B,Clear,0.75,,PVsyst,350,967.5434105986187,0.979495824429778,-1.9882116283254876,-5.7945063647201245,3.6294812934507568,19.124787357474208,12.72223714207583,27.647492992282043,30,5000
C,Overcast/very cloudy,0.0,0.2,IDA ICE,1827,253.81197713075954,0.06839593586104166,-8.883960180155286,-13.250489068905736,-4.4225872912228885,90.36078371174024,70.98712457111415,115.49260363001403,30,5000
C,Overcast/very cloudy,0.0,0.2,PVsyst,1827,253.81197713075954,0.06839593586104166,22.27370178047801,16.270665195002216,27.941888116855804,93.81927799018479,74.95827058252809,118.57247296095231,30,5000
C,Cloudy,0.2,0.4,IDA ICE,611,419.51767599094615,0.2949499562541349,18.03710530916625,12.304645006193345,23.099780068504312,47.56401238782463,44.08132439160202,51.92036737034462,30,5000
C,Cloudy,0.2,0.4,PVsyst,611,419.51767599094615,0.2949499562541349,25.218514037376828,18.89832481541724,30.52380867570819,50.08296419737919,46.67605006074362,54.29615795637678,30,5000
C,Mixed/broken,0.4,0.6,IDA ICE,469,630.55158363584,0.4959140163597251,17.887620979998932,13.66648941514486,21.235034992792595,32.477951458809905,29.227724165999785,35.64414472254205,30,5000
C,Mixed/broken,0.4,0.6,PVsyst,469,630.55158363584,0.4959140163597251,18.242158032639356,13.489999526132952,21.9376162863578,32.06691103208594,28.6780417142634,35.383971384721306,30,5000
C,Mostly clear,0.6,0.75,IDA ICE,311,638.475452809731,0.6728327471710244,15.17503558890029,13.1869738950597,18.008219269935104,21.89508708917526,18.98673628033299,25.55005582140301,30,5000
C,Mostly clear,0.6,0.75,PVsyst,311,638.475452809731,0.6728327471710244,10.349066185628283,8.235557762256725,13.374418330873258,17.732041817883445,14.65816039104901,21.655153748862528,30,5000
C,Clear,0.75,,IDA ICE,350,660.2725795383744,0.979495824429778,8.833247399491,4.85842005439854,14.341804177818807,22.80369835264724,15.42158838900884,32.115377358317936,30,5000
C,Clear,0.75,,PVsyst,350,660.2725795383744,0.979495824429778,6.611045470363752,2.770635122850674,12.015957149428251,19.587817771406527,11.733547089932223,29.03879806186791,30,5000
