period,System,Software,n_intervals,measured_kWh,simulated_kWh,difference_kWh,difference_fraction,difference_percent
Clear_day_2023-06-05,A,IDA ICE,24,24.211,23.550928,-0.6600719999999995,-0.027263310065672612,-2.726331006567261
Clear_day_2023-06-05,A,PVsyst,24,24.211,24.8915,0.6805000000000021,0.0281070587749371,2.81070587749371
Clear_day_2023-06-05,B,IDA ICE,24,30.915,28.584139000000004,-2.330860999999995,-0.07539579492155896,-7.539579492155895
Clear_day_2023-06-05,B,PVsyst,24,30.915,30.1111,-0.8038999999999987,-0.026003558143296093,-2.6003558143296095
Clear_day_2023-06-05,C,IDA ICE,24,20.188,21.248720000000002,1.0607200000000034,0.05254210422032908,5.254210422032908
Clear_day_2023-06-05,C,PVsyst,24,20.188,21.7475,1.5594999999999999,0.07724886070933228,7.724886070933228
Partly_cloudy_day_2023-05-15,A,IDA ICE,24,11.281,11.328667000000001,0.04766700000000057,0.004225423278078235,0.42254232780782347
Partly_cloudy_day_2023-05-15,A,PVsyst,24,11.281,11.782599999999999,0.501599999999998,0.04446414324971173,4.4464143249711725
Partly_cloudy_day_2023-05-15,B,IDA ICE,24,13.867,12.67684,-1.1901600000000006,-0.08582678301002383,-8.582678301002383
Partly_cloudy_day_2023-05-15,B,PVsyst,24,13.867,14.0736,0.2065999999999999,0.014898680320184602,1.4898680320184603
Partly_cloudy_day_2023-05-15,C,IDA ICE,24,8.856,9.215029999999999,0.35902999999999885,0.040540876242095625,4.054087624209562
Partly_cloudy_day_2023-05-15,C,PVsyst,24,8.856,9.739700000000001,0.883700000000001,0.09978545618789533,9.978545618789534
Full_period_2023-05-01_to_2023-06-19,A,IDA ICE,1200,1021.408,1019.3436229999999,-2.0643770000001496,-0.002021109096463068,-0.20211090964630682
Full_period_2023-05-01_to_2023-06-19,A,PVsyst,1200,1021.408,1020.6063,-0.8016999999999825,-0.0007848969265954277,-0.07848969265954277
Full_period_2023-05-01_to_2023-06-19,B,IDA ICE,1200,1319.352,1220.718566,-98.63343400000008,-0.07475899835676914,-7.4758998356769135
Full_period_2023-05-01_to_2023-06-19,B,PVsyst,1200,1319.352,1294.1203,-25.231700000000046,-0.01912431254130819,-1.912431254130819
Full_period_2023-05-01_to_2023-06-19,C,IDA ICE,1200,867.19,901.4112190000001,34.22121900000002,0.03946219282971439,3.946219282971439
Full_period_2023-05-01_to_2023-06-19,C,PVsyst,1200,867.19,936.6601999999999,69.47019999999986,0.08010954923373177,8.010954923373177
