figure,system,day_type,timestamp,hour_ending,P_measured_W,P_IDA_W,P_PVsyst_W
4,A,clear,2023-06-05 01:00:00,1,0,0.0,0.0
4,A,clear,2023-06-05 02:00:00,2,0,0.0,0.0
4,A,clear,2023-06-05 03:00:00,3,0,0.0,0.0
4,A,clear,2023-06-05 04:00:00,4,0,0.0,0.0
4,A,clear,2023-06-05 05:00:00,5,24,0.0,17.1
4,A,clear,2023-06-05 06:00:00,6,135,82.828,73.89999999999999
4,A,clear,2023-06-05 07:00:00,7,473,226.23,180.2
4,A,clear,2023-06-05 08:00:00,8,860,927.59,962.5
4,A,clear,2023-06-05 09:00:00,9,1171,1335.7,1359.6
4,A,clear,2023-06-05 10:00:00,10,2275,1891.6,2218.2
4,A,clear,2023-06-05 11:00:00,11,2856,2543.2,2757.2000000000003
4,A,clear,2023-06-05 12:00:00,12,3078,2878.4,3050.3
4,A,clear,2023-06-05 13:00:00,13,3208,3005.3,3112.9
4,A,clear,2023-06-05 14:00:00,14,3082,2978.8,3075.7
4,A,clear,2023-06-05 15:00:00,15,2703,2642.4,2810.7000000000003
4,A,clear,2023-06-05 16:00:00,16,2116,2197.5,2351.9
4,A,clear,2023-06-05 17:00:00,17,1413,1413.1,1629.8
4,A,clear,2023-06-05 18:00:00,18,598,877.83,839.0999999999999
4,A,clear,2023-06-05 19:00:00,19,144,435.17,306.7
4,A,clear,2023-06-05 20:00:00,20,75,115.28,106.6
4,A,clear,2023-06-05 21:00:00,21,0,0.0,39.1
4,A,clear,2023-06-05 22:00:00,22,0,0.0,0.0
4,A,clear,2023-06-05 23:00:00,23,0,0.0,0.0
4,A,clear,2023-06-06 00:00:00,24,0,0.0,0.0
4,A,partly_cloudy,2023-05-15 01:00:00,1,0,0.0,0.0
4,A,partly_cloudy,2023-05-15 02:00:00,2,0,0.0,0.0
4,A,partly_cloudy,2023-05-15 03:00:00,3,0,0.0,0.0
4,A,partly_cloudy,2023-05-15 04:00:00,4,0,0.0,0.0
4,A,partly_cloudy,2023-05-15 05:00:00,5,5,0.0,0.0
4,A,partly_cloudy,2023-05-15 06:00:00,6,127,91.505,66.60000000000001
4,A,partly_cloudy,2023-05-15 07:00:00,7,449,251.66,205.2
4,A,partly_cloudy,2023-05-15 08:00:00,8,278,609.99,512.4
4,A,partly_cloudy,2023-05-15 09:00:00,9,374,392.71,366.0
4,A,partly_cloudy,2023-05-15 10:00:00,10,547,485.79,445.6
4,A,partly_cloudy,2023-05-15 11:00:00,11,1622,762.26,671.5
4,A,partly_cloudy,2023-05-15 12:00:00,12,3079,2668.2,2965.5
4,A,partly_cloudy,2023-05-15 13:00:00,13,3032,2924.4,3120.9
4,A,partly_cloudy,2023-05-15 14:00:00,14,774,2015.3,2302.2
4,A,partly_cloudy,2023-05-15 15:00:00,15,153,197.86,200.4
4,A,partly_cloudy,2023-05-15 16:00:00,16,419,414.34,401.7
4,A,partly_cloudy,2023-05-15 17:00:00,17,193,304.83,293.4
4,A,partly_cloudy,2023-05-15 18:00:00,18,42,83.782,76.2
4,A,partly_cloudy,2023-05-15 19:00:00,19,134,126.04,132.5
4,A,partly_cloudy,2023-05-15 20:00:00,20,53,0.0,22.5
4,A,partly_cloudy,2023-05-15 21:00:00,21,0,0.0,0.0
4,A,partly_cloudy,2023-05-15 22:00:00,22,0,0.0,0.0
4,A,partly_cloudy,2023-05-15 23:00:00,23,0,0.0,0.0
4,A,partly_cloudy,2023-05-16 00:00:00,24,0,0.0,0.0
5,B,clear,2023-06-05 01:00:00,1,0,0.0,0.0
5,B,clear,2023-06-05 02:00:00,2,0,0.0,0.0
5,B,clear,2023-06-05 03:00:00,3,0,0.0,0.0
5,B,clear,2023-06-05 04:00:00,4,0,0.0,0.0
5,B,clear,2023-06-05 05:00:00,5,66,99.379,18.3
5,B,clear,2023-06-05 06:00:00,6,82,275.37,103.9
5,B,clear,2023-06-05 07:00:00,7,338,1206.9,305.6
5,B,clear,2023-06-05 08:00:00,8,1287,2090.8,1329.3
5,B,clear,2023-06-05 09:00:00,9,2171,2806.7,2137.9
5,B,clear,2023-06-05 10:00:00,10,2812,3224.4,2751.8
5,B,clear,2023-06-05 11:00:00,11,3535,3372.6,3296.0
5,B,clear,2023-06-05 12:00:00,12,3889,3374.0,3628.2
5,B,clear,2023-06-05 13:00:00,13,3946,3297.8,3725.5
5,B,clear,2023-06-05 14:00:00,14,3784,3124.0,3605.2
5,B,clear,2023-06-05 15:00:00,15,3402,2608.8,3274.3
5,B,clear,2023-06-05 16:00:00,16,2788,1767.3,2751.5
5,B,clear,2023-06-05 17:00:00,17,1754,808.49,1821.4
5,B,clear,2023-06-05 18:00:00,18,750,401.03,865.3
5,B,clear,2023-06-05 19:00:00,19,174,126.57,336.3
5,B,clear,2023-06-05 20:00:00,20,80,0.0,120.3
5,B,clear,2023-06-05 21:00:00,21,57,0.0,40.3
5,B,clear,2023-06-05 22:00:00,22,0,0.0,0.0
5,B,clear,2023-06-05 23:00:00,23,0,0.0,0.0
5,B,clear,2023-06-06 00:00:00,24,0,0.0,0.0
5,B,partly_cloudy,2023-05-15 01:00:00,1,0,0.0,0.0
5,B,partly_cloudy,2023-05-15 02:00:00,2,0,0.0,0.0
5,B,partly_cloudy,2023-05-15 03:00:00,3,0,0.0,0.0
5,B,partly_cloudy,2023-05-15 04:00:00,4,0,0.0,0.0
5,B,partly_cloudy,2023-05-15 05:00:00,5,34,77.345,0.0
5,B,partly_cloudy,2023-05-15 06:00:00,6,93,235.62,87.5
5,B,partly_cloudy,2023-05-15 07:00:00,7,322,719.38,323.40000000000003
5,B,partly_cloudy,2023-05-15 08:00:00,8,663,416.52,822.6
5,B,partly_cloudy,2023-05-15 09:00:00,9,389,489.95,412.4
5,B,partly_cloudy,2023-05-15 10:00:00,10,582,806.46,484.7000000000001
5,B,partly_cloudy,2023-05-15 11:00:00,11,1423,3329.6,737.0
5,B,partly_cloudy,2023-05-15 12:00:00,12,3691,3406.7,3512.6
5,B,partly_cloudy,2023-05-15 13:00:00,13,3668,1961.6,3835.7
5,B,partly_cloudy,2023-05-15 14:00:00,14,1773,236.5,2630.5
5,B,partly_cloudy,2023-05-15 15:00:00,15,107,440.74,215.7
5,B,partly_cloudy,2023-05-15 16:00:00,16,490,301.56,432.8
5,B,partly_cloudy,2023-05-15 17:00:00,17,299,76.857,305.4
5,B,partly_cloudy,2023-05-15 18:00:00,18,82,123.35,72.9
5,B,partly_cloudy,2023-05-15 19:00:00,19,145,54.658,148.9
5,B,partly_cloudy,2023-05-15 20:00:00,20,105,0.0,51.5
5,B,partly_cloudy,2023-05-15 21:00:00,21,1,0.0,0.0
5,B,partly_cloudy,2023-05-15 22:00:00,22,0,0.0,0.0
5,B,partly_cloudy,2023-05-15 23:00:00,23,0,0.0,0.0
5,B,partly_cloudy,2023-05-16 00:00:00,24,0,0.0,0.0
6,C,clear,2023-06-05 01:00:00,1,0,0.0,0.0
6,C,clear,2023-06-05 02:00:00,2,0,0.0,0.0
6,C,clear,2023-06-05 03:00:00,3,0,0.0,0.0
6,C,clear,2023-06-05 04:00:00,4,0,0.0,0.0
6,C,clear,2023-06-05 05:00:00,5,0,0.0,0.0
6,C,clear,2023-06-05 06:00:00,6,0,0.0,31.2
6,C,clear,2023-06-05 07:00:00,7,161,152.26,181.4
6,C,clear,2023-06-05 08:00:00,8,751,784.36,926.2
6,C,clear,2023-06-05 09:00:00,9,1426,1443.3,1560.0
6,C,clear,2023-06-05 10:00:00,10,1904,1890.4,2015.2
6,C,clear,2023-06-05 11:00:00,11,2333,2299.3,2400.5
6,C,clear,2023-06-05 12:00:00,12,2544,2719.1,2623.5
6,C,clear,2023-06-05 13:00:00,13,2639,2803.8,2683.9
6,C,clear,2023-06-05 14:00:00,14,2525,2629.6,2600.3
6,C,clear,2023-06-05 15:00:00,15,2274,2382.8,2375.9
6,C,clear,2023-06-05 16:00:00,16,1838,1946.1,2003.8
6,C,clear,2023-06-05 17:00:00,17,1204,1198.7,1400.7
6,C,clear,2023-06-05 18:00:00,18,510,763.79,695.5
6,C,clear,2023-06-05 19:00:00,19,79,235.21,204.4
6,C,clear,2023-06-05 20:00:00,20,0,0.0,45.0
6,C,clear,2023-06-05 21:00:00,21,0,0.0,0.0
6,C,clear,2023-06-05 22:00:00,22,0,0.0,0.0
6,C,clear,2023-06-05 23:00:00,23,0,0.0,0.0
6,C,clear,2023-06-06 00:00:00,24,0,0.0,0.0
6,C,partly_cloudy,2023-05-15 01:00:00,1,0,0.0,0.0
6,C,partly_cloudy,2023-05-15 02:00:00,2,0,0.0,0.0
6,C,partly_cloudy,2023-05-15 03:00:00,3,0,0.0,0.0
6,C,partly_cloudy,2023-05-15 04:00:00,4,0,0.0,0.0
6,C,partly_cloudy,2023-05-15 05:00:00,5,0,0.0,0.0
6,C,partly_cloudy,2023-05-15 06:00:00,6,2,0.0,18.5
6,C,partly_cloudy,2023-05-15 07:00:00,7,187,106.16,192.9
6,C,partly_cloudy,2023-05-15 08:00:00,8,368,435.8,561.4
6,C,partly_cloudy,2023-05-15 09:00:00,9,217,250.03,260.2
6,C,partly_cloudy,2023-05-15 10:00:00,10,328,329.06,311.8
6,C,partly_cloudy,2023-05-15 11:00:00,11,976,564.38,490.7000000000001
6,C,partly_cloudy,2023-05-15 12:00:00,12,2535,2512.1,2562.3
6,C,partly_cloudy,2023-05-15 13:00:00,13,2504,2845.3,2770.3
6,C,partly_cloudy,2023-05-15 14:00:00,14,1185,1651.3,1919.3
6,C,partly_cloudy,2023-05-15 15:00:00,15,36,109.54,119.2
6,C,partly_cloudy,2023-05-15 16:00:00,16,287,263.81,275.1
6,C,partly_cloudy,2023-05-15 17:00:00,17,156,147.55,183.5
6,C,partly_cloudy,2023-05-15 18:00:00,18,0,0.0,7.9
6,C,partly_cloudy,2023-05-15 19:00:00,19,55,0.0,66.60000000000001
6,C,partly_cloudy,2023-05-15 20:00:00,20,20,0.0,0.0
6,C,partly_cloudy,2023-05-15 21:00:00,21,0,0.0,0.0
6,C,partly_cloudy,2023-05-15 22:00:00,22,0,0.0,0.0
6,C,partly_cloudy,2023-05-15 23:00:00,23,0,0.0,0.0
6,C,partly_cloudy,2023-05-16 00:00:00,24,0,0.0,0.0
